{
"type": "FeatureCollection",
"name": "busd_blocks",
"features": [
{ "type": "Feature", "properties": { "STATEFP20": "06", "COUNTYFP20": "097", "TRACTCE20": "151206", "BLOCKCE20": "1000", "GEOID20": "060971512061000", "GEOIDFQ20": "1000000US060971512061000", "NAME20": "Block1000", "MTFCC20": "G5040", "UR20": "U", "UACE20": "79498", "FUNCSTAT20": "S", "ALAND20": 38215, "AWATER20": 0, "HOUSING20": 0, "POP20": 0, "DISTRICT": "Secondary", "block_of_residence": "060971512061000", "students": 0, "residents": 0, "INTPTLAT20": 38.361726335394714, "INTPTLON20": -122.71371626670555 }, "geometry": { "type": "Polygon", "coordinates": [ [ [ -122.712997328892001, 38.362280970035201 ], [ -122.713129329040001, 38.361375969759401 ], [ -122.713263328850999, 38.3604589695206 ], [ -122.713267328460006, 38.360415970040002 ], [ -122.713276328782996, 38.360285969849798 ], [ -122.713285328129999, 38.360243969438102 ], [ -122.713304328882003, 38.359807969578 ], [ -122.713304328155999, 38.359627969820401 ], [ -122.713305327914995, 38.359516970096003 ], [ -122.713286328069003, 38.358708969980498 ], [ -122.713304328342005, 38.357913969683899 ], [ -122.713304327700001, 38.3578959698158 ], [ -122.713303328132, 38.357780969785303 ], [ -122.713539139945709, 38.357749717393865 ], [ -122.713542, 38.357887 ], [ -122.713552, 38.358386 ], [ -122.713545, 38.359877 ], [ -122.713545, 38.360306 ], [ -122.713537, 38.360473 ], [ -122.713535, 38.360609 ], [ -122.713532, 38.360756 ], [ -122.713548, 38.360885 ], [ -122.713567, 38.360954 ], [ -122.71358, 38.361027 ], [ -122.713621, 38.361151 ], [ -122.713637, 38.361184 ], [ -122.713705, 38.361326 ], [ -122.713786, 38.361453 ], [ -122.713843, 38.361527 ], [ -122.713956, 38.361644 ], [ -122.71408, 38.361747 ], [ -122.714314, 38.361845 ], [ -122.714272, 38.361902 ], [ -122.714411, 38.362012 ], [ -122.71451, 38.362108 ], [ -122.714615, 38.362209 ], [ -122.714739, 38.362347 ], [ -122.714819, 38.362449 ], [ -122.714879, 38.362562 ], [ -122.714914, 38.362667 ], [ -122.714924, 38.362715 ], [ -122.714946, 38.362913 ], [ -122.714957, 38.363008 ], [ -122.714966, 38.363229 ], [ -122.714792, 38.363207 ], [ -122.714657, 38.363206 ], [ -122.713729, 38.363205 ], [ -122.713693, 38.363205 ], [ -122.713584, 38.363189 ], [ -122.713427, 38.363186 ], [ -122.712860047680593, 38.363174290141423 ], [ -122.712997328892001, 38.362280970035201 ] ] ] } },
{ "type": "Feature", "properties": { "STATEFP20": "06", "COUNTYFP20": "097", "TRACTCE20": "151206", "BLOCKCE20": "1001", "GEOID20": "060971512061001", "GEOIDFQ20": "1000000US060971512061001", "NAME20": "Block1001", "MTFCC20": "G5040", "UR20": "U", "UACE20": "79498", "FUNCSTAT20": "S", "ALAND20": 2528, "AWATER20": 0, "HOUSING20": 0, "POP20": 0, "DISTRICT": "Secondary", "block_of_residence": "060971512061001", "students": 0, "residents": 0, "INTPTLAT20": 38.362523311485333, "INTPTLON20": -122.7148455300869 }, "geometry": { "type": "Polygon", "coordinates": [ [ [ -122.714957, 38.363008 ], [ -122.714946, 38.362913 ], [ -122.714924, 38.362715 ], [ -122.714914, 38.362667 ], [ -122.714879, 38.362562 ], [ -122.714819, 38.362449 ], [ -122.714739, 38.362347 ], [ -122.714615, 38.362209 ], [ -122.71451, 38.362108 ], [ -122.714411, 38.362012 ], [ -122.714272, 38.361902 ], [ -122.714314, 38.361845 ], [ -122.714571, 38.361952 ], [ -122.714649, 38.362016 ], [ -122.71477, 38.362132 ], [ -122.714893, 38.362284 ], [ -122.714976, 38.362421 ], [ -122.71505, 38.362581 ], [ -122.7151, 38.362739 ], [ -122.715118, 38.36282 ], [ -122.715137, 38.362971 ], [ -122.715137, 38.363258 ], [ -122.715039, 38.363241 ], [ -122.714966, 38.363229 ], [ -122.714957, 38.363008 ] ] ] } },
{ "type": "Feature", "properties": { "STATEFP20": "06", "COUNTYFP20": "097", "TRACTCE20": "151206", "BLOCKCE20": "1002", "GEOID20": "060971512061002", "GEOIDFQ20": "1000000US060971512061002", "NAME20": "Block1002", "MTFCC20": "G5040", "UR20": "U", "UACE20": "79498", "FUNCSTAT20": "S", "ALAND20": 177969, "AWATER20": 0, "HOUSING20": 0, "POP20": 0, "DISTRICT": "Secondary", "block_of_residence": "060971512061002", "students": 0, "residents": 0, "INTPTLAT20": 38.360240126547005, "INTPTLON20": -122.71555044446556 }, "geometry": { "type": "Polygon", "coordinates": [ [ [ -122.713552102625101, 38.357747999436128 ], [ -122.713916, 38.357746 ], [ -122.715009, 38.357743 ], [ -122.715276, 38.357743 ], [ -122.71527626851406, 38.357742969549953 ], [ -122.715276328616, 38.357742969550003 ], [ -122.715373329030001, 38.357731969146599 ], [ -122.715452059891035, 38.357722999804913 ], [ -122.715759, 38.357722 ], [ -122.716922, 38.357721 ], [ -122.717297063291142, 38.357721 ], [ -122.717299, 38.357874 ], [ -122.717305, 38.358401 ], [ -122.717313, 38.359023 ], [ -122.717299, 38.359323 ], [ -122.71722, 38.36116 ], [ -122.717224, 38.361581 ], [ -122.717236, 38.362844 ], [ -122.717241, 38.363265 ], [ -122.716897, 38.363263 ], [ -122.715868, 38.36326 ], [ -122.715525, 38.363259 ], [ -122.715486, 38.363259 ], [ -122.715372, 38.363259 ], [ -122.715334, 38.363259 ], [ -122.715259, 38.363258 ], [ -122.715137, 38.363258 ], [ -122.715137, 38.362971 ], [ -122.715118, 38.36282 ], [ -122.7151, 38.362739 ], [ -122.71505, 38.362581 ], [ -122.714976, 38.362421 ], [ -122.714893, 38.362284 ], [ -122.71477, 38.362132 ], [ -122.714649, 38.362016 ], [ -122.714571, 38.361952 ], [ -122.714314, 38.361845 ], [ -122.71408, 38.361747 ], [ -122.713956, 38.361644 ], [ -122.713843, 38.361527 ], [ -122.713786, 38.361453 ], [ -122.713705, 38.361326 ], [ -122.713637, 38.361184 ], [ -122.713621, 38.361151 ], [ -122.71358, 38.361027 ], [ -122.713567, 38.360954 ], [ -122.713548, 38.360885 ], [ -122.713532, 38.360756 ], [ -122.713535, 38.360609 ], [ -122.713537, 38.360473 ], [ -122.713545, 38.360306 ], [ -122.713545, 38.359877 ], [ -122.713552, 38.358386 ], [ -122.713542, 38.357887 ], [ -122.713539139945709, 38.357749717393865 ], [ -122.713552102625101, 38.357747999436128 ] ] ] } },
{ "type": "Feature", "properties": { "STATEFP20": "06", "COUNTYFP20": "097", "TRACTCE20": "151206", "BLOCKCE20": "1003", "GEOID20": "060971512061003", "GEOIDFQ20": "1000000US060971512061003", "NAME20": "Block1003", "MTFCC20": "G5040", "UR20": "U", "UACE20": "79498", "FUNCSTAT20": "S", "ALAND20": 145536, "AWATER20": 0, "HOUSING20": 0, "POP20": 0, "DISTRICT": "Secondary", "block_of_residence": "060971512061003", "students": 0, "residents": 0, "INTPTLAT20": 38.361010722900545, "INTPTLON20": -122.71879362276434 }, "geometry": { "type": "Polygon", "coordinates": [ [ [ -122.719222, 38.363272 ], [ -122.718041, 38.363267 ], [ -122.717241, 38.363265 ], [ -122.717236, 38.362844 ], [ -122.717224, 38.361581 ], [ -122.71722, 38.36116 ], [ -122.717299, 38.359323 ], [ -122.717313, 38.359023 ], [ -122.717305, 38.358401 ], [ -122.717299, 38.357874 ], [ -122.717297063291142, 38.357721 ], [ -122.71731, 38.357721 ], [ -122.717877, 38.35772 ], [ -122.718092, 38.35772 ], [ -122.719146147455618, 38.3577190120455 ], [ -122.719248, 38.361181 ], [ -122.721245, 38.361202 ], [ -122.721244, 38.36243 ], [ -122.721243, 38.363266 ], [ -122.720442, 38.363268 ], [ -122.719222, 38.363272 ] ] ] } },
{ "type": "Feature", "properties": { "STATEFP20": "06", "COUNTYFP20": "097", "TRACTCE20": "151206", "BLOCKCE20": "1004", "GEOID20": "060971512061004", "GEOIDFQ20": "1000000US060971512061004", "NAME20": "Block1004", "MTFCC20": "G5040", "UR20": "U", "UACE20": "79498", "FUNCSTAT20": "S", "ALAND20": 1980, "AWATER20": 0, "HOUSING20": 0, "POP20": 0, "DISTRICT": "Secondary", "block_of_residence": "060971512061004", "students": 0, "residents": 0, "INTPTLAT20": 38.362577933902877, "INTPTLON20": -122.7213097297152 }, "geometry": { "type": "Polygon", "coordinates": [ [ [ -122.721245, 38.361202 ], [ -122.721441, 38.363265 ], [ -122.721243, 38.363266 ], [ -122.721244, 38.36243 ], [ -122.721245, 38.361202 ] ] ] } },
{ "type": "Feature", "properties": { "STATEFP20": "06", "COUNTYFP20": "097", "TRACTCE20": "151206", "BLOCKCE20": "1005", "GEOID20": "060971512061005", "GEOIDFQ20": "1000000US060971512061005", "NAME20": "Block1005", "MTFCC20": "G5040", "UR20": "U", "UACE20": "79498", "FUNCSTAT20": "S", "ALAND20": 652002, "AWATER20": 0, "HOUSING20": 2, "POP20": 7, "DISTRICT": "Secondary", "block_of_residence": "060971512061005", "students": 0, "residents": 0, "INTPTLAT20": 38.360531745032802, "INTPTLON20": -122.72612447304923 }, "geometry": { "type": "Polygon", "coordinates": [ [ [ -122.733047, 38.363253 ], [ -122.732434, 38.363253 ], [ -122.730034, 38.363256 ], [ -122.729234, 38.363258 ], [ -122.728435, 38.363258 ], [ -122.726038, 38.363259 ], [ -122.72524, 38.36326 ], [ -122.72444, 38.363263 ], [ -122.723318, 38.363269 ], [ -122.722353, 38.363264 ], [ -122.722042, 38.363264 ], [ -122.721453, 38.363265 ], [ -122.721441, 38.363265 ], [ -122.721245, 38.361202 ], [ -122.719248, 38.361181 ], [ -122.719146147455618, 38.3577190120455 ], [ -122.719159, 38.357719 ], [ -122.720439, 38.357723 ], [ -122.721222, 38.357726 ], [ -122.721391, 38.357727 ], [ -122.721436, 38.357726 ], [ -122.721518, 38.357725 ], [ -122.725567, 38.357796 ], [ -122.731250959428024, 38.357813958797557 ], [ -122.731224, 38.361109 ], [ -122.731237040573461, 38.361109041020988 ], [ -122.731237, 38.361114 ], [ -122.734400293998789, 38.361123950594518 ], [ -122.733623, 38.362546 ], [ -122.733235, 38.363255 ], [ -122.733102, 38.363254 ], [ -122.733047, 38.363253 ] ] ] } },
{ "type": "Feature", "properties": { "STATEFP20": "06", "COUNTYFP20": "097", "TRACTCE20": "151206", "BLOCKCE20": "1006", "GEOID20": "060971512061006", "GEOIDFQ20": "1000000US060971512061006", "NAME20": "Block1006", "MTFCC20": "G5040", "UR20": "R", "UACE20": null, "FUNCSTAT20": "S", "ALAND20": 73594, "AWATER20": 0, "HOUSING20": 0, "POP20": 0, "DISTRICT": "Secondary", "block_of_residence": "060971512061006", "students": 0, "residents": 0, "INTPTLAT20": 38.36222309342191, "INTPTLON20": -122.73560257427107 }, "geometry": { "type": "Polygon", "coordinates": [ [ [ -122.735709332341997, 38.361127967774301 ], [ -122.735931316291939, 38.360919982810223 ], [ -122.736109639271476, 38.360910291343941 ], [ -122.736551, 38.361216 ], [ -122.736757, 38.361558 ], [ -122.736899, 38.361662 ], [ -122.736904153010684, 38.361661252909229 ], [ -122.736912, 38.361667 ], [ -122.736912313572844, 38.36166695453776 ], [ -122.736912331742005, 38.361666967844798 ], [ -122.737181332280002, 38.361627967700201 ], [ -122.737575298228293, 38.361200004355815 ], [ -122.738580698383302, 38.361214688876096 ], [ -122.738373, 38.361332 ], [ -122.73768, 38.361746 ], [ -122.737286, 38.362011 ], [ -122.737248, 38.362058 ], [ -122.737237, 38.362084 ], [ -122.73723, 38.36214 ], [ -122.737235, 38.362167 ], [ -122.737232, 38.363252 ], [ -122.736432, 38.363256 ], [ -122.735748, 38.363261 ], [ -122.73529, 38.363255 ], [ -122.734034, 38.363254 ], [ -122.733614, 38.363254 ], [ -122.733574, 38.363258 ], [ -122.733341, 38.363256 ], [ -122.733235, 38.363255 ], [ -122.733623, 38.362546 ], [ -122.734400293998789, 38.361123950594518 ], [ -122.734416, 38.361124 ], [ -122.735709, 38.361128 ], [ -122.735709035375194, 38.361127966855676 ], [ -122.735709332341997, 38.361127967774301 ] ] ] } },
{ "type": "Feature", "properties": { "STATEFP20": "06", "COUNTYFP20": "097", "TRACTCE20": "151206", "BLOCKCE20": "1007", "GEOID20": "060971512061007", "GEOIDFQ20": "1000000US060971512061007", "NAME20": "Block1007", "MTFCC20": "G5040", "UR20": "R", "UACE20": null, "FUNCSTAT20": "S", "ALAND20": 75743, "AWATER20": 0, "HOUSING20": 0, "POP20": 0, "DISTRICT": "Secondary", "block_of_residence": "060971512061007", "students": 0, "residents": 0, "INTPTLAT20": 38.362289670952748, "INTPTLON20": -122.73939341528428 }, "geometry": { "type": "Polygon", "coordinates": [ [ [ -122.740516, 38.363251 ], [ -122.738053, 38.363254 ], [ -122.737232, 38.363252 ], [ -122.737235, 38.362167 ], [ -122.73723, 38.36214 ], [ -122.737237, 38.362084 ], [ -122.737248, 38.362058 ], [ -122.737286, 38.362011 ], [ -122.73768, 38.361746 ], [ -122.738373, 38.361332 ], [ -122.738580698383302, 38.361214688876096 ], [ -122.738602, 38.361215 ], [ -122.74113406024766, 38.361231986986667 ], [ -122.741347, 38.361328 ], [ -122.741341, 38.362551 ], [ -122.741337, 38.363255 ], [ -122.741031, 38.363251 ], [ -122.740516, 38.363251 ] ] ] } },
{ "type": "Feature", "properties": { "STATEFP20": "06", "COUNTYFP20": "097", "TRACTCE20": "151307", "BLOCKCE20": "2000", "GEOID20": "060971513072000", "GEOIDFQ20": "1000000US060971513072000", "NAME20": "Block2000", "MTFCC20": "G5040", "UR20": "R", "UACE20": null, "FUNCSTAT20": "S", "ALAND20": 1394927, "AWATER20": 0, "HOUSING20": 47, "POP20": 134, "DISTRICT": "Secondary", "block_of_residence": "060971513072000", "students": 0, "residents": 0, "INTPTLAT20": 38.373988123620535, "INTPTLON20": -122.70024012827956 }, "geometry": { "type": "Polygon", "coordinates": [ [ [ -122.689915326768997, 38.372122972756699 ], [ -122.690030079044504, 38.372110000245861 ], [ -122.690673, 38.372112 ], [ -122.690844, 38.372123 ], [ -122.691918, 38.372125 ], [ -122.693398, 38.372128 ], [ -122.694326, 38.372117 ], [ -122.695043, 38.372124 ], [ -122.696043, 38.372134 ], [ -122.696636, 38.372117 ], [ -122.697159, 38.372133 ], [ -122.69759, 38.372131 ], [ -122.698262, 38.372128 ], [ -122.698799, 38.372106 ], [ -122.699246, 38.372122 ], [ -122.699481, 38.372121 ], [ -122.699481064177121, 38.37212097257887 ], [ -122.699481328424, 38.372120971453803 ], [ -122.699493896255191, 38.372115601596072 ], [ -122.699533, 38.372115 ], [ -122.69973, 38.372115 ], [ -122.699796, 38.372115 ], [ -122.700482, 38.372112 ], [ -122.700596, 38.372114 ], [ -122.701054, 38.372123 ], [ -122.701927, 38.372112 ], [ -122.702331, 38.372128 ], [ -122.702997, 38.372115 ], [ -122.703462, 38.372106 ], [ -122.703741, 38.372106 ], [ -122.703797, 38.372117 ], [ -122.703483, 38.37176 ], [ -122.703426, 38.371702 ], [ -122.703252, 38.371524 ], [ -122.702966, 38.371183 ], [ -122.702876, 38.371018 ], [ -122.702701, 38.370842 ], [ -122.70252, 38.370617 ], [ -122.702353, 38.370434 ], [ -122.702024, 38.370073 ], [ -122.701982, 38.370021 ], [ -122.701926, 38.369953 ], [ -122.701787, 38.369722 ], [ -122.701731, 38.3697 ], [ -122.701501262523678, 38.369429027592027 ], [ -122.70151, 38.369429 ], [ -122.712016519929776, 38.369389039859541 ], [ -122.712039, 38.369434 ], [ -122.712238, 38.369825 ], [ -122.712323, 38.369986 ], [ -122.71258, 38.370472 ], [ -122.712681, 38.370662 ], [ -122.712828, 38.370968 ], [ -122.712873, 38.371029 ], [ -122.713, 38.371175 ], [ -122.713044, 38.371221 ], [ -122.713118, 38.371297 ], [ -122.713171, 38.371358 ], [ -122.713217, 38.371424 ], [ -122.713313, 38.371581 ], [ -122.71335, 38.371669 ], [ -122.713379, 38.371807 ], [ -122.713391, 38.371881 ], [ -122.713415, 38.372021 ], [ -122.71342, 38.372109 ], [ -122.713428, 38.372261 ], [ -122.71341, 38.372428 ], [ -122.71341, 38.372458 ], [ -122.71341, 38.372547 ], [ -122.713411, 38.372578 ], [ -122.713411, 38.372698 ], [ -122.713414, 38.373061 ], [ -122.713416, 38.373182 ], [ -122.713415, 38.373268 ], [ -122.713413, 38.373528 ], [ -122.713413, 38.373615 ], [ -122.713411, 38.373971 ], [ -122.713411, 38.37402 ], [ -122.713415, 38.374487 ], [ -122.713412, 38.374736 ], [ -122.713423, 38.375238 ], [ -122.713424, 38.375254 ], [ -122.713425, 38.375644 ], [ -122.71325, 38.375649 ], [ -122.712978, 38.375643 ], [ -122.712248, 38.375649 ], [ -122.711972, 38.375648 ], [ -122.711687, 38.375653 ], [ -122.711378, 38.375647 ], [ -122.709769, 38.375654 ], [ -122.709736, 38.375654 ], [ -122.709148, 38.375666 ], [ -122.70847, 38.375671 ], [ -122.707789, 38.375668 ], [ -122.705831, 38.375682 ], [ -122.705392, 38.375679 ], [ -122.704531, 38.375692 ], [ -122.704135, 38.375685 ], [ -122.703627, 38.375699 ], [ -122.703451, 38.375696 ], [ -122.701859, 38.375698 ], [ -122.699094, 38.375702 ], [ -122.698671, 38.375705 ], [ -122.698352, 38.375709 ], [ -122.697443, 38.375707 ], [ -122.695382, 38.375726 ], [ -122.694983, 38.375722 ], [ -122.694821, 38.375782 ], [ -122.693246, 38.37579 ], [ -122.693267, 38.377269 ], [ -122.694413, 38.377266 ], [ -122.694416, 38.378864 ], [ -122.695034, 38.378858 ], [ -122.695047, 38.379432 ], [ -122.694939, 38.379437 ], [ -122.694609, 38.379438 ], [ -122.69374, 38.379441 ], [ -122.693296, 38.379443 ], [ -122.692859, 38.379446 ], [ -122.692347, 38.379447 ], [ -122.691281, 38.379452 ], [ -122.690814, 38.379457 ], [ -122.690638, 38.37946 ], [ -122.690304, 38.379458 ], [ -122.689634, 38.37946 ], [ -122.688161, 38.379465 ], [ -122.687627, 38.379469 ], [ -122.687275, 38.379472 ], [ -122.686959, 38.379473 ], [ -122.686937, 38.379425 ], [ -122.686909, 38.379153 ], [ -122.686902, 38.379085 ], [ -122.686925, 38.378176 ], [ -122.686934, 38.377851 ], [ -122.686958, 38.376926 ], [ -122.686993, 38.376695 ], [ -122.687049, 38.376651 ], [ -122.687078, 38.376647 ], [ -122.687468, 38.376596 ], [ -122.687851, 38.376667 ], [ -122.68797, 38.376568 ], [ -122.688026, 38.374975 ], [ -122.688039, 38.374914 ], [ -122.688039, 38.374452 ], [ -122.688076, 38.373727 ], [ -122.688081, 38.373645 ], [ -122.688081, 38.372931 ], [ -122.68809, 38.372468 ], [ -122.688095, 38.372238 ], [ -122.688105087179522, 38.37218114498814 ], [ -122.688119, 38.372181 ], [ -122.688662, 38.372177 ], [ -122.689792, 38.372122 ], [ -122.689915, 38.372123 ], [ -122.689915246753543, 38.372122972106126 ], [ -122.689915326768997, 38.372122972756699 ] ] ] } },
{ "type": "Feature", "properties": { "STATEFP20": "06", "COUNTYFP20": "097", "TRACTCE20": "151307", "BLOCKCE20": "2001", "GEOID20": "060971513072001", "GEOIDFQ20": "1000000US060971513072001", "NAME20": "Block2001", "MTFCC20": "G5040", "UR20": "U", "UACE20": "79498", "FUNCSTAT20": "S", "ALAND20": 34271, "AWATER20": 0, "HOUSING20": 11, "POP20": 45, "DISTRICT": "Secondary", "block_of_residence": "060971513072001", "students": 2, "residents": 2, "INTPTLAT20": 38.376945529774929, "INTPTLON20": -122.69428569367146 }, "geometry": { "type": "Polygon", "coordinates": [ [ [ -122.693267, 38.377269 ], [ -122.693246, 38.37579 ], [ -122.694821, 38.375782 ], [ -122.694983, 38.375722 ], [ -122.694984, 38.37626 ], [ -122.694986, 38.376464 ], [ -122.694992, 38.376847 ], [ -122.695031, 38.37869 ], [ -122.695034, 38.378858 ], [ -122.694416, 38.378864 ], [ -122.694413, 38.377266 ], [ -122.693267, 38.377269 ] ] ] } },
{ "type": "Feature", "properties": { "STATEFP20": "06", "COUNTYFP20": "097", "TRACTCE20": "151307", "BLOCKCE20": "2002", "GEOID20": "060971513072002", "GEOIDFQ20": "1000000US060971513072002", "NAME20": "Block2002", "MTFCC20": "G5040", "UR20": "U", "UACE20": "79498", "FUNCSTAT20": "S", "ALAND20": 659413, "AWATER20": 0, "HOUSING20": 74, "POP20": 198, "DISTRICT": "Secondary", "block_of_residence": "060971513072002", "students": 2, "residents": 6, "INTPTLAT20": 38.377527865195397, "INTPTLON20": -122.70421853573609 }, "geometry": { "type": "Polygon", "coordinates": [ [ [ -122.712081, 38.379328 ], [ -122.711751, 38.379327 ], [ -122.710847, 38.379339 ], [ -122.708688, 38.379345 ], [ -122.70793, 38.37935 ], [ -122.706547, 38.379361 ], [ -122.705182, 38.37937 ], [ -122.704381, 38.379382 ], [ -122.704247, 38.379382 ], [ -122.703455, 38.379384 ], [ -122.703228, 38.379378 ], [ -122.700611, 38.379387 ], [ -122.699691, 38.379394 ], [ -122.699376, 38.379394 ], [ -122.699098, 38.379399 ], [ -122.697594, 38.379406 ], [ -122.697369, 38.37941 ], [ -122.697346, 38.37941 ], [ -122.695313, 38.379421 ], [ -122.695047, 38.379432 ], [ -122.695034, 38.378858 ], [ -122.695031, 38.37869 ], [ -122.694992, 38.376847 ], [ -122.694986, 38.376464 ], [ -122.694984, 38.37626 ], [ -122.694983, 38.375722 ], [ -122.695382, 38.375726 ], [ -122.697443, 38.375707 ], [ -122.698352, 38.375709 ], [ -122.698671, 38.375705 ], [ -122.699094, 38.375702 ], [ -122.701859, 38.375698 ], [ -122.703451, 38.375696 ], [ -122.703627, 38.375699 ], [ -122.704135, 38.375685 ], [ -122.704531, 38.375692 ], [ -122.705392, 38.375679 ], [ -122.705831, 38.375682 ], [ -122.707789, 38.375668 ], [ -122.70847, 38.375671 ], [ -122.709148, 38.375666 ], [ -122.709736, 38.375654 ], [ -122.709769, 38.375654 ], [ -122.711378, 38.375647 ], [ -122.711687, 38.375653 ], [ -122.711972, 38.375648 ], [ -122.712248, 38.375649 ], [ -122.712978, 38.375643 ], [ -122.71325, 38.375649 ], [ -122.713425, 38.375644 ], [ -122.713426, 38.375761 ], [ -122.713426, 38.375775 ], [ -122.713441, 38.376053 ], [ -122.713432, 38.376143 ], [ -122.713432, 38.376171 ], [ -122.713433, 38.376303 ], [ -122.713433, 38.376332 ], [ -122.713433, 38.37642 ], [ -122.713434, 38.37645 ], [ -122.713435, 38.376611 ], [ -122.713438, 38.377096 ], [ -122.71344, 38.377258 ], [ -122.713444, 38.377667 ], [ -122.713459, 38.378894 ], [ -122.713464, 38.379304 ], [ -122.713371, 38.379313 ], [ -122.712932, 38.379331 ], [ -122.712081, 38.379328 ] ] ] } },
{ "type": "Feature", "properties": { "STATEFP20": "06", "COUNTYFP20": "097", "TRACTCE20": "151307", "BLOCKCE20": "2008", "GEOID20": "060971513072008", "GEOIDFQ20": "1000000US060971513072008", "NAME20": "Block2008", "MTFCC20": "G5040", "UR20": "U", "UACE20": "79498", "FUNCSTAT20": "S", "ALAND20": 19961, "AWATER20": 0, "HOUSING20": 0, "POP20": 0, "DISTRICT": "Secondary", "block_of_residence": "060971513072008", "students": 0, "residents": 0, "INTPTLAT20": 38.371193374745566, "INTPTLON20": -122.71323609509116 }, "geometry": { "type": "Polygon", "coordinates": [ [ [ -122.712027329269006, 38.369388970100601 ], [ -122.712306329170005, 38.369347970238003 ], [ -122.712495026564355, 38.36931004139462 ], [ -122.712541, 38.369417 ], [ -122.712704, 38.369794 ], [ -122.712717, 38.369823 ], [ -122.712977, 38.370283 ], [ -122.714036, 38.371725 ], [ -122.714152, 38.371889 ], [ -122.714258, 38.37204 ], [ -122.714094, 38.372272 ], [ -122.713888, 38.372566 ], [ -122.71368, 38.372848 ], [ -122.713592, 38.372959 ], [ -122.713416, 38.373182 ], [ -122.713414, 38.373061 ], [ -122.713411, 38.372698 ], [ -122.713411, 38.372578 ], [ -122.71341, 38.372547 ], [ -122.71341, 38.372458 ], [ -122.71341, 38.372428 ], [ -122.713428, 38.372261 ], [ -122.71342, 38.372109 ], [ -122.713415, 38.372021 ], [ -122.713391, 38.371881 ], [ -122.713379, 38.371807 ], [ -122.71335, 38.371669 ], [ -122.713313, 38.371581 ], [ -122.713217, 38.371424 ], [ -122.713171, 38.371358 ], [ -122.713118, 38.371297 ], [ -122.713044, 38.371221 ], [ -122.713, 38.371175 ], [ -122.712873, 38.371029 ], [ -122.712828, 38.370968 ], [ -122.712681, 38.370662 ], [ -122.71258, 38.370472 ], [ -122.712323, 38.369986 ], [ -122.712238, 38.369825 ], [ -122.712039, 38.369434 ], [ -122.712016519929776, 38.369389039859541 ], [ -122.712027, 38.369389 ], [ -122.712027200119039, 38.369388970591828 ], [ -122.712027329269006, 38.369388970100601 ] ] ] } },
{ "type": "Feature", "properties": { "STATEFP20": "06", "COUNTYFP20": "097", "TRACTCE20": "151307", "BLOCKCE20": "2009", "GEOID20": "060971513072009", "GEOIDFQ20": "1000000US060971513072009", "NAME20": "Block2009", "MTFCC20": "G5040", "UR20": "U", "UACE20": "79498", "FUNCSTAT20": "S", "ALAND20": 7374, "AWATER20": 0, "HOUSING20": 0, "POP20": 0, "DISTRICT": "Secondary", "block_of_residence": "060971513072009", "students": 0, "residents": 0, "INTPTLAT20": 38.370610550427806, "INTPTLON20": -122.71339726307716 }, "geometry": { "type": "Polygon", "coordinates": [ [ [ -122.712505329032993, 38.369307970561998 ], [ -122.712741898808062, 38.36926103996241 ], [ -122.712774, 38.369339 ], [ -122.712866, 38.369531 ], [ -122.712946, 38.369672 ], [ -122.712952, 38.369683 ], [ -122.712972, 38.369719 ], [ -122.712979, 38.369731 ], [ -122.712992, 38.369742 ], [ -122.713005, 38.369778 ], [ -122.713012, 38.36979 ], [ -122.713064, 38.369918 ], [ -122.71317, 38.370129 ], [ -122.713235, 38.370231 ], [ -122.713299, 38.370331 ], [ -122.713398, 38.37046 ], [ -122.714108, 38.371438 ], [ -122.714316, 38.371723 ], [ -122.714374, 38.37181 ], [ -122.714396, 38.371843 ], [ -122.714368, 38.371882 ], [ -122.714285, 38.372 ], [ -122.714258, 38.37204 ], [ -122.714152, 38.371889 ], [ -122.714036, 38.371725 ], [ -122.712977, 38.370283 ], [ -122.712717, 38.369823 ], [ -122.712704, 38.369794 ], [ -122.712541, 38.369417 ], [ -122.712495026564355, 38.36931004139462 ], [ -122.712505329032993, 38.369307970561998 ] ] ] } },
{ "type": "Feature", "properties": { "STATEFP20": "06", "COUNTYFP20": "097", "TRACTCE20": "151307", "BLOCKCE20": "4006", "GEOID20": "060971513074006", "GEOIDFQ20": "1000000US060971513074006", "NAME20": "Block4006", "MTFCC20": "G5040", "UR20": "R", "UACE20": null, "FUNCSTAT20": "S", "ALAND20": 80372, "AWATER20": 0, "HOUSING20": 0, "POP20": 0, "DISTRICT": "Secondary", "block_of_residence": "060971513074006", "students": 0, "residents": 0, "INTPTLAT20": 38.370941698186918, "INTPTLON20": -122.70117437705045 }, "geometry": { "type": "Polygon", "coordinates": [ [ [ -122.699591327975, 38.372073971941298 ], [ -122.699538327971993, 38.370875971781999 ], [ -122.699610325910655, 38.36943499897081 ], [ -122.701501262523678, 38.369429027592027 ], [ -122.701731, 38.3697 ], [ -122.701787, 38.369722 ], [ -122.701926, 38.369953 ], [ -122.701982, 38.370021 ], [ -122.702024, 38.370073 ], [ -122.702353, 38.370434 ], [ -122.70252, 38.370617 ], [ -122.702701, 38.370842 ], [ -122.702876, 38.371018 ], [ -122.702966, 38.371183 ], [ -122.703252, 38.371524 ], [ -122.703426, 38.371702 ], [ -122.703483, 38.37176 ], [ -122.703797, 38.372117 ], [ -122.703741, 38.372106 ], [ -122.703462, 38.372106 ], [ -122.702997, 38.372115 ], [ -122.702331, 38.372128 ], [ -122.701927, 38.372112 ], [ -122.701054, 38.372123 ], [ -122.700596, 38.372114 ], [ -122.700482, 38.372112 ], [ -122.699796, 38.372115 ], [ -122.69973, 38.372115 ], [ -122.699533, 38.372115 ], [ -122.699493896255191, 38.372115601596072 ], [ -122.699591327975, 38.372073971941298 ] ] ] } },
{ "type": "Feature", "properties": { "STATEFP20": "06", "COUNTYFP20": "097", "TRACTCE20": "151309", "BLOCKCE20": "1000", "GEOID20": "060971513091000", "GEOIDFQ20": "1000000US060971513091000", "NAME20": "Block1000", "MTFCC20": "G5040", "UR20": "R", "UACE20": null, "FUNCSTAT20": "S", "ALAND20": 3808666, "AWATER20": 0, "HOUSING20": 63, "POP20": 157, "DISTRICT": "Secondary", "block_of_residence": "060971513091000", "students": 0, "residents": 2, "INTPTLAT20": 38.359604718377241, "INTPTLON20": -122.62139603924321 }, "geometry": { "type": "Polygon", "coordinates": [ [ [ -122.636903315961007, 38.353115974564801 ], [ -122.636833316134997, 38.353138975005699 ], [ -122.636833469578704, 38.353129574281283 ], [ -122.63689, 38.353111 ], [ -122.63776, 38.352868 ], [ -122.637763447825478, 38.352875731487444 ], [ -122.636903315961007, 38.353115974564801 ] ] ] } },
{ "type": "Feature", "properties": { "STATEFP20": "06", "COUNTYFP20": "097", "TRACTCE20": "151309", "BLOCKCE20": "1001", "GEOID20": "060971513091001", "GEOIDFQ20": "1000000US060971513091001", "NAME20": "Block1001", "MTFCC20": "G5040", "UR20": "R", "UACE20": null, "FUNCSTAT20": "S", "ALAND20": 10404, "AWATER20": 0, "HOUSING20": 1, "POP20": 13, "DISTRICT": "Secondary", "block_of_residence": "060971513091001", "students": 0, "residents": 0, "INTPTLAT20": 38.352388133141687, "INTPTLON20": -122.63724483395104 }, "geometry": { "type": "Polygon", "coordinates": [ [ [ -122.636848316552999, 38.3522199748041 ], [ -122.636862315900004, 38.351751974699397 ], [ -122.636930315833993, 38.351749974524203 ], [ -122.63768897375634, 38.351762750100434 ], [ -122.637688, 38.351939 ], [ -122.637682, 38.352118 ], [ -122.637666, 38.352371 ], [ -122.637658, 38.352502 ], [ -122.637661, 38.352555 ], [ -122.637682, 38.35266 ], [ -122.63776, 38.352868 ], [ -122.63689, 38.353111 ], [ -122.636833469578704, 38.353129574281283 ], [ -122.636848316552999, 38.3522199748041 ] ] ] } },
{ "type": "Feature", "properties": { "STATEFP20": "06", "COUNTYFP20": "097", "TRACTCE20": "151309", "BLOCKCE20": "1014", "GEOID20": "060971513091014", "GEOIDFQ20": "1000000US060971513091014", "NAME20": "Block1014", "MTFCC20": "G5040", "UR20": "R", "UACE20": null, "FUNCSTAT20": "S", "ALAND20": 721478, "AWATER20": 0, "HOUSING20": 2, "POP20": 12, "DISTRICT": "Secondary", "block_of_residence": "060971513091014", "students": 0, "residents": 0, "INTPTLAT20": 38.353159877653134, "INTPTLON20": -122.66002508679721 }, "geometry": { "type": "Polygon", "coordinates": [ [ [ -122.66669, 38.355161 ], [ -122.666543, 38.355194 ], [ -122.666515, 38.355216 ], [ -122.666418, 38.35531 ], [ -122.666362, 38.355408 ], [ -122.666166, 38.355678 ], [ -122.666151, 38.355687 ], [ -122.666104, 38.355716 ], [ -122.666013, 38.355727 ], [ -122.665957, 38.355722 ], [ -122.665901, 38.355705 ], [ -122.665783, 38.355617 ], [ -122.665622, 38.355452 ], [ -122.66542, 38.355381 ], [ -122.665308, 38.35537 ], [ -122.665141, 38.355375 ], [ -122.664973, 38.355408 ], [ -122.664848, 38.355491 ], [ -122.664722, 38.355606 ], [ -122.664652, 38.355694 ], [ -122.664604, 38.355853 ], [ -122.664569, 38.356084 ], [ -122.664548, 38.356133 ], [ -122.66452, 38.356166 ], [ -122.664129, 38.35626 ], [ -122.663661, 38.356336 ], [ -122.663499, 38.356388 ], [ -122.663257, 38.356468 ], [ -122.663145, 38.356479 ], [ -122.662971, 38.356479 ], [ -122.662692, 38.356462 ], [ -122.662608, 38.356446 ], [ -122.662422, 38.356425 ], [ -122.66221, 38.356402 ], [ -122.662133, 38.356385 ], [ -122.661987, 38.356325 ], [ -122.661708, 38.356281 ], [ -122.661491, 38.35627 ], [ -122.661136, 38.356352 ], [ -122.660852, 38.356437 ], [ -122.660836, 38.356451 ], [ -122.660703, 38.356506 ], [ -122.660354, 38.356715 ], [ -122.660194, 38.356775 ], [ -122.659984, 38.356808 ], [ -122.659866, 38.356813 ], [ -122.659747, 38.356808 ], [ -122.659557, 38.356782 ], [ -122.659301, 38.356747 ], [ -122.659217, 38.356725 ], [ -122.658924, 38.356604 ], [ -122.658749, 38.356566 ], [ -122.65868, 38.356566 ], [ -122.658442, 38.356637 ], [ -122.658366, 38.356599 ], [ -122.658205, 38.356538 ], [ -122.658128, 38.356489 ], [ -122.658087, 38.356434 ], [ -122.657815, 38.356307 ], [ -122.657801, 38.356285 ], [ -122.657745, 38.356247 ], [ -122.657494, 38.356126 ], [ -122.657159, 38.355917 ], [ -122.657047, 38.355824 ], [ -122.656943, 38.355719 ], [ -122.656866, 38.355587 ], [ -122.656852, 38.355511 ], [ -122.656859, 38.355351 ], [ -122.656852, 38.355296 ], [ -122.656782, 38.355208 ], [ -122.656741, 38.355175 ], [ -122.656608, 38.355126 ], [ -122.656496, 38.355054 ], [ -122.656336, 38.354906 ], [ -122.655897, 38.354626 ], [ -122.655694, 38.354593 ], [ -122.655604, 38.354587 ], [ -122.655548, 38.354593 ], [ -122.655373, 38.354637 ], [ -122.655283, 38.354648 ], [ -122.655206, 38.354648 ], [ -122.65515, 38.354637 ], [ -122.655108, 38.354615 ], [ -122.65485, 38.354351 ], [ -122.654801, 38.354318 ], [ -122.654781, 38.354285 ], [ -122.65446, 38.35407 ], [ -122.654174, 38.353944 ], [ -122.653755, 38.353801 ], [ -122.653651, 38.353713 ], [ -122.653351, 38.353559 ], [ -122.653316, 38.353477 ], [ -122.653295, 38.353389 ], [ -122.653232, 38.353241 ], [ -122.653183, 38.353191 ], [ -122.653072, 38.353131 ], [ -122.652883, 38.353092 ], [ -122.652772, 38.353076 ], [ -122.652555, 38.35307 ], [ -122.652493, 38.353059 ], [ -122.652451, 38.353021 ], [ -122.652395, 38.352999 ], [ -122.652311, 38.352889 ], [ -122.652206, 38.352772 ], [ -122.652046, 38.352592 ], [ -122.651963, 38.352449 ], [ -122.651844, 38.352136 ], [ -122.651768, 38.35202 ], [ -122.651726, 38.351971 ], [ -122.651628, 38.3519 ], [ -122.65128, 38.351564 ], [ -122.651168, 38.351537 ], [ -122.650868, 38.351537 ], [ -122.650735, 38.351493 ], [ -122.650554, 38.351399 ], [ -122.650442, 38.351311 ], [ -122.650324, 38.351168 ], [ -122.650254, 38.351037 ], [ -122.650226, 38.350905 ], [ -122.650185, 38.350844 ], [ -122.650101, 38.350778 ], [ -122.650052, 38.350756 ], [ -122.649981701315795, 38.350734991197825 ], [ -122.650819, 38.350733 ], [ -122.653562, 38.350698 ], [ -122.657788, 38.350691 ], [ -122.663615, 38.350571 ], [ -122.66667, 38.350508 ], [ -122.666957028050334, 38.35050225943899 ], [ -122.666961, 38.351247 ], [ -122.666964, 38.351591 ], [ -122.666966, 38.352723 ], [ -122.666977, 38.3535 ], [ -122.666988, 38.354251 ], [ -122.666989, 38.354435 ], [ -122.66699, 38.354539 ], [ -122.666995, 38.354987 ], [ -122.666997, 38.355171 ], [ -122.666906, 38.355178 ], [ -122.666767, 38.355161 ], [ -122.66669, 38.355161 ] ] ] } },
{ "type": "Feature", "properties": { "STATEFP20": "06", "COUNTYFP20": "097", "TRACTCE20": "151309", "BLOCKCE20": "2000", "GEOID20": "060971513092000", "GEOIDFQ20": "1000000US060971513092000", "NAME20": "Block2000", "MTFCC20": "G5040", "UR20": "R", "UACE20": null, "FUNCSTAT20": "S", "ALAND20": 1493444, "AWATER20": 0, "HOUSING20": 24, "POP20": 59, "DISTRICT": "Secondary", "block_of_residence": "060971513092000", "students": 0, "residents": 1, "INTPTLAT20": 38.372385123637024, "INTPTLON20": -122.67610976957562 }, "geometry": { "type": "Polygon", "coordinates": [ [ [ -122.685865, 38.381737 ], [ -122.685815, 38.381811 ], [ -122.685718, 38.381893 ], [ -122.685597, 38.381971 ], [ -122.685497, 38.381855 ], [ -122.685345, 38.381706 ], [ -122.685214, 38.381598 ], [ -122.685081, 38.381489 ], [ -122.68483, 38.381308 ], [ -122.684607, 38.381165 ], [ -122.684361, 38.381028 ], [ -122.684093, 38.380889 ], [ -122.683912, 38.3808 ], [ -122.683848, 38.380769 ], [ -122.683367, 38.380536 ], [ -122.683092, 38.380402 ], [ -122.682869, 38.380277 ], [ -122.682762, 38.380209 ], [ -122.681997, 38.379654 ], [ -122.680183, 38.378338 ], [ -122.679687, 38.377965 ], [ -122.679345, 38.377743 ], [ -122.678801, 38.377427 ], [ -122.67841, 38.377229 ], [ -122.677985, 38.377044 ], [ -122.677893, 38.377009 ], [ -122.67733, 38.3768 ], [ -122.676358, 38.376455 ], [ -122.6758, 38.376256 ], [ -122.675296, 38.37607 ], [ -122.674999, 38.375968 ], [ -122.67452, 38.375793 ], [ -122.674075, 38.37563 ], [ -122.67344, 38.375408 ], [ -122.673148, 38.375298 ], [ -122.672338, 38.375013 ], [ -122.67152, 38.374702 ], [ -122.671269, 38.374594 ], [ -122.671131, 38.374542 ], [ -122.670894, 38.374454 ], [ -122.670536, 38.374296 ], [ -122.670152, 38.374137 ], [ -122.669794, 38.373979 ], [ -122.66907, 38.37365 ], [ -122.668963, 38.373602 ], [ -122.668676, 38.373466 ], [ -122.668377, 38.373303 ], [ -122.66807, 38.373079 ], [ -122.667786, 38.3728 ], [ -122.667638, 38.372619 ], [ -122.66754, 38.372487 ], [ -122.667504, 38.37244 ], [ -122.667426, 38.372322 ], [ -122.667347, 38.372175 ], [ -122.667219, 38.371881 ], [ -122.66717, 38.371728 ], [ -122.667121, 38.371458 ], [ -122.66711, 38.371353 ], [ -122.667105, 38.371108 ], [ -122.667105, 38.371064 ], [ -122.667107, 38.370243 ], [ -122.667091, 38.369638 ], [ -122.667094, 38.368883 ], [ -122.667069, 38.367287 ], [ -122.667063, 38.366687 ], [ -122.667062, 38.366514 ], [ -122.667036, 38.365816 ], [ -122.667025, 38.365614 ], [ -122.667004, 38.365215 ], [ -122.667006, 38.365154 ], [ -122.667012, 38.36497 ], [ -122.667015, 38.36491 ], [ -122.66711, 38.364909 ], [ -122.676383, 38.36509 ], [ -122.676409, 38.36779 ], [ -122.676431, 38.370025 ], [ -122.67644, 38.371293 ], [ -122.676448, 38.372367 ], [ -122.676512, 38.372416 ], [ -122.676518430142181, 38.372415969952606 ], [ -122.676525, 38.372421 ], [ -122.676739, 38.37242 ], [ -122.68208, 38.372284 ], [ -122.685748, 38.372194 ], [ -122.685803, 38.372202897058827 ], [ -122.685803, 38.372219 ], [ -122.685808, 38.37242 ], [ -122.685833, 38.373573 ], [ -122.685835, 38.373832 ], [ -122.685851, 38.375533 ], [ -122.685856, 38.376639 ], [ -122.685862, 38.376884 ], [ -122.685859, 38.378069 ], [ -122.685859, 38.378261 ], [ -122.685865, 38.378483 ], [ -122.685874, 38.379482 ], [ -122.685884, 38.380006 ], [ -122.685901, 38.380806 ], [ -122.685898, 38.381189 ], [ -122.685907, 38.381404 ], [ -122.685901, 38.381578 ], [ -122.685901, 38.381597 ], [ -122.685891, 38.381663 ], [ -122.685865, 38.381737 ] ] ] } },
{ "type": "Feature", "properties": { "STATEFP20": "06", "COUNTYFP20": "097", "TRACTCE20": "151309", "BLOCKCE20": "2005", "GEOID20": "060971513092005", "GEOIDFQ20": "1000000US060971513092005", "NAME20": "Block2005", "MTFCC20": "G5040", "UR20": "R", "UACE20": null, "FUNCSTAT20": "S", "ALAND20": 124530, "AWATER20": 0, "HOUSING20": 6, "POP20": 26, "DISTRICT": "Secondary", "block_of_residence": "060971513092005", "students": 0, "residents": 0, "INTPTLAT20": 38.375248244499517, "INTPTLON20": -122.68681210513225 }, "geometry": { "type": "Polygon", "coordinates": [ [ [ -122.688081, 38.373645 ], [ -122.688076, 38.373727 ], [ -122.688039, 38.374452 ], [ -122.688039, 38.374914 ], [ -122.688026, 38.374975 ], [ -122.68797, 38.376568 ], [ -122.687851, 38.376667 ], [ -122.687468, 38.376596 ], [ -122.687078, 38.376647 ], [ -122.687049, 38.376651 ], [ -122.686993, 38.376695 ], [ -122.686958, 38.376926 ], [ -122.686934, 38.377851 ], [ -122.686925, 38.378176 ], [ -122.686902, 38.379085 ], [ -122.686909, 38.379153 ], [ -122.686937, 38.379425 ], [ -122.686959, 38.379473 ], [ -122.686741, 38.379473 ], [ -122.686099, 38.379476 ], [ -122.685874, 38.379482 ], [ -122.685865, 38.378483 ], [ -122.685859, 38.378261 ], [ -122.685859, 38.378069 ], [ -122.685862, 38.376884 ], [ -122.685856, 38.376639 ], [ -122.685851, 38.375533 ], [ -122.685835, 38.373832 ], [ -122.685833, 38.373573 ], [ -122.685808, 38.37242 ], [ -122.685803, 38.372219 ], [ -122.685803, 38.372202897058827 ], [ -122.685816, 38.372205 ], [ -122.688105087179522, 38.37218114498814 ], [ -122.688095, 38.372238 ], [ -122.68809, 38.372468 ], [ -122.688081, 38.372931 ], [ -122.688081, 38.373645 ] ] ] } },
{ "type": "Feature", "properties": { "STATEFP20": "06", "COUNTYFP20": "097", "TRACTCE20": "151309", "BLOCKCE20": "3000", "GEOID20": "060971513093000", "GEOIDFQ20": "1000000US060971513093000", "NAME20": "Block3000", "MTFCC20": "G5040", "UR20": "R", "UACE20": null, "FUNCSTAT20": "S", "ALAND20": 680031, "AWATER20": 0, "HOUSING20": 9, "POP20": 19, "DISTRICT": "Secondary", "block_of_residence": "060971513093000", "students": 0, "residents": 0, "INTPTLAT20": 38.363144371870973, "INTPTLON20": -122.6767370419048 }, "geometry": { "type": "Polygon", "coordinates": [ [ [ -122.685791, 38.36397 ], [ -122.68579, 38.364116 ], [ -122.68579, 38.364557 ], [ -122.68579, 38.364705 ], [ -122.685789, 38.364764 ], [ -122.685787, 38.364942 ], [ -122.685787, 38.365002 ], [ -122.683957, 38.365021 ], [ -122.681024, 38.365054 ], [ -122.678468, 38.365081 ], [ -122.677199, 38.365095 ], [ -122.676639, 38.365092 ], [ -122.676587, 38.365091 ], [ -122.676434, 38.36509 ], [ -122.676383, 38.36509 ], [ -122.66711, 38.364909 ], [ -122.667015, 38.36491 ], [ -122.667033, 38.364431 ], [ -122.667047, 38.36406 ], [ -122.667059, 38.363499 ], [ -122.667052, 38.362996 ], [ -122.667051, 38.362888 ], [ -122.667051, 38.362518 ], [ -122.667051, 38.362244 ], [ -122.667052, 38.36211 ], [ -122.667046, 38.361425 ], [ -122.667045, 38.361153 ], [ -122.667142, 38.361166 ], [ -122.667239, 38.36121 ], [ -122.667344, 38.361287 ], [ -122.667417, 38.361381 ], [ -122.667419, 38.361403 ], [ -122.667435, 38.361425 ], [ -122.667504, 38.361446 ], [ -122.66756, 38.361441 ], [ -122.667679, 38.361342 ], [ -122.667776, 38.361216 ], [ -122.667821, 38.361176 ], [ -122.667839, 38.361161 ], [ -122.668132, 38.361128 ], [ -122.6683, 38.361128 ], [ -122.668481, 38.361144 ], [ -122.668558, 38.361183 ], [ -122.668572, 38.361199 ], [ -122.668614, 38.361342 ], [ -122.668677, 38.361447 ], [ -122.668795, 38.361535 ], [ -122.668921, 38.36154 ], [ -122.669032, 38.361535 ], [ -122.669123, 38.361518 ], [ -122.669325, 38.361452 ], [ -122.669409, 38.361469 ], [ -122.669458, 38.361491 ], [ -122.6695, 38.361524 ], [ -122.669688, 38.361782 ], [ -122.669737, 38.361815 ], [ -122.669849, 38.361831 ], [ -122.669918, 38.361826 ], [ -122.670149, 38.361777 ], [ -122.670436, 38.361743 ], [ -122.670756, 38.361727 ], [ -122.670972, 38.361749 ], [ -122.671209, 38.361738 ], [ -122.671272, 38.361755 ], [ -122.671395, 38.361865 ], [ -122.671461, 38.361925 ], [ -122.671544, 38.362051 ], [ -122.671607, 38.362117 ], [ -122.671649, 38.362134 ], [ -122.671781, 38.362128 ], [ -122.671837, 38.362112 ], [ -122.671928, 38.362068 ], [ -122.672088, 38.36192 ], [ -122.672137, 38.361887 ], [ -122.672409, 38.361793 ], [ -122.672549, 38.361755 ], [ -122.672647, 38.361744 ], [ -122.672682, 38.361749 ], [ -122.672744, 38.361777 ], [ -122.672779, 38.361782 ], [ -122.672787, 38.361799 ], [ -122.672821, 38.361815 ], [ -122.672975, 38.361848 ], [ -122.673003, 38.361837 ], [ -122.673065, 38.361777 ], [ -122.6731, 38.361717 ], [ -122.673163, 38.361645 ], [ -122.673177, 38.361574 ], [ -122.673345, 38.361338 ], [ -122.6734, 38.361299 ], [ -122.673491, 38.361266 ], [ -122.673526, 38.361272 ], [ -122.673693, 38.361398 ], [ -122.673833, 38.36147 ], [ -122.673945, 38.361486 ], [ -122.674042, 38.361486 ], [ -122.674091, 38.361459 ], [ -122.674112, 38.361409 ], [ -122.674266, 38.361272 ], [ -122.674342, 38.361233 ], [ -122.674468, 38.361206 ], [ -122.674587, 38.361195 ], [ -122.67467, 38.361217 ], [ -122.67488, 38.361299 ], [ -122.675047, 38.361255 ], [ -122.675117, 38.361217 ], [ -122.675215, 38.361178 ], [ -122.675354, 38.361146 ], [ -122.675612, 38.361113 ], [ -122.67585, 38.361118 ], [ -122.676261, 38.361146 ], [ -122.676422, 38.361135 ], [ -122.676743, 38.361069 ], [ -122.676847, 38.361063 ], [ -122.677182, 38.36108 ], [ -122.677929, 38.361063 ], [ -122.678522, 38.361085 ], [ -122.678752, 38.361113 ], [ -122.679038, 38.361091 ], [ -122.679534, 38.36102 ], [ -122.680113, 38.361031 ], [ -122.680455, 38.361069 ], [ -122.680573, 38.361075 ], [ -122.680692, 38.361069 ], [ -122.680957, 38.361075 ], [ -122.681076, 38.361064 ], [ -122.681704, 38.361086 ], [ -122.682297, 38.361058 ], [ -122.682746, 38.361063 ], [ -122.68326, 38.361069 ], [ -122.683595, 38.361108 ], [ -122.683839, 38.361086 ], [ -122.684237, 38.361069 ], [ -122.684453, 38.361069 ], [ -122.684697, 38.361053 ], [ -122.684711, 38.361069 ], [ -122.684844, 38.361086 ], [ -122.685046, 38.361102 ], [ -122.685479, 38.361119 ], [ -122.685764, 38.361146 ], [ -122.685762, 38.361274 ], [ -122.685762, 38.361295 ], [ -122.685766, 38.361658 ], [ -122.685768, 38.361787 ], [ -122.685773, 38.362051 ], [ -122.685789, 38.362844 ], [ -122.685791, 38.36291 ], [ -122.685791, 38.363109 ], [ -122.685791, 38.363281 ], [ -122.685791, 38.363797 ], [ -122.685791, 38.36397 ] ] ] } },
{ "type": "Feature", "properties": { "STATEFP20": "06", "COUNTYFP20": "097", "TRACTCE20": "151309", "BLOCKCE20": "3001", "GEOID20": "060971513093001", "GEOIDFQ20": "1000000US060971513093001", "NAME20": "Block3001", "MTFCC20": "G5040", "UR20": "R", "UACE20": null, "FUNCSTAT20": "S", "ALAND20": 1147027, "AWATER20": 0, "HOUSING20": 7, "POP20": 26, "DISTRICT": "Secondary", "block_of_residence": "060971513093001", "students": 0, "residents": 3, "INTPTLAT20": 38.358129850812908, "INTPTLON20": -122.67625779799958 }, "geometry": { "type": "Polygon", "coordinates": [ [ [ -122.685046, 38.361102 ], [ -122.684844, 38.361086 ], [ -122.684711, 38.361069 ], [ -122.684697, 38.361053 ], [ -122.684453, 38.361069 ], [ -122.684237, 38.361069 ], [ -122.683839, 38.361086 ], [ -122.683595, 38.361108 ], [ -122.68326, 38.361069 ], [ -122.682746, 38.361063 ], [ -122.682297, 38.361058 ], [ -122.681704, 38.361086 ], [ -122.681076, 38.361064 ], [ -122.680957, 38.361075 ], [ -122.680692, 38.361069 ], [ -122.680573, 38.361075 ], [ -122.680455, 38.361069 ], [ -122.680113, 38.361031 ], [ -122.679534, 38.36102 ], [ -122.679038, 38.361091 ], [ -122.678752, 38.361113 ], [ -122.678522, 38.361085 ], [ -122.677929, 38.361063 ], [ -122.677182, 38.36108 ], [ -122.676847, 38.361063 ], [ -122.676743, 38.361069 ], [ -122.676422, 38.361135 ], [ -122.676261, 38.361146 ], [ -122.67585, 38.361118 ], [ -122.675612, 38.361113 ], [ -122.675354, 38.361146 ], [ -122.675215, 38.361178 ], [ -122.675117, 38.361217 ], [ -122.675047, 38.361255 ], [ -122.67488, 38.361299 ], [ -122.67467, 38.361217 ], [ -122.674587, 38.361195 ], [ -122.674468, 38.361206 ], [ -122.674342, 38.361233 ], [ -122.674266, 38.361272 ], [ -122.674112, 38.361409 ], [ -122.674091, 38.361459 ], [ -122.674042, 38.361486 ], [ -122.673945, 38.361486 ], [ -122.673833, 38.36147 ], [ -122.673693, 38.361398 ], [ -122.673526, 38.361272 ], [ -122.673491, 38.361266 ], [ -122.6734, 38.361299 ], [ -122.673345, 38.361338 ], [ -122.673177, 38.361574 ], [ -122.673163, 38.361645 ], [ -122.6731, 38.361717 ], [ -122.673065, 38.361777 ], [ -122.673003, 38.361837 ], [ -122.672975, 38.361848 ], [ -122.672821, 38.361815 ], [ -122.672787, 38.361799 ], [ -122.672779, 38.361782 ], [ -122.672744, 38.361777 ], [ -122.672682, 38.361749 ], [ -122.672647, 38.361744 ], [ -122.672549, 38.361755 ], [ -122.672409, 38.361793 ], [ -122.672137, 38.361887 ], [ -122.672088, 38.36192 ], [ -122.671928, 38.362068 ], [ -122.671837, 38.362112 ], [ -122.671781, 38.362128 ], [ -122.671649, 38.362134 ], [ -122.671607, 38.362117 ], [ -122.671544, 38.362051 ], [ -122.671461, 38.361925 ], [ -122.671395, 38.361865 ], [ -122.671272, 38.361755 ], [ -122.671209, 38.361738 ], [ -122.670972, 38.361749 ], [ -122.670756, 38.361727 ], [ -122.670436, 38.361743 ], [ -122.670149, 38.361777 ], [ -122.669918, 38.361826 ], [ -122.669849, 38.361831 ], [ -122.669737, 38.361815 ], [ -122.669688, 38.361782 ], [ -122.6695, 38.361524 ], [ -122.669458, 38.361491 ], [ -122.669409, 38.361469 ], [ -122.669325, 38.361452 ], [ -122.669123, 38.361518 ], [ -122.669032, 38.361535 ], [ -122.668921, 38.36154 ], [ -122.668795, 38.361535 ], [ -122.668677, 38.361447 ], [ -122.668614, 38.361342 ], [ -122.668572, 38.361199 ], [ -122.668558, 38.361183 ], [ -122.668481, 38.361144 ], [ -122.6683, 38.361128 ], [ -122.668132, 38.361128 ], [ -122.667839, 38.361161 ], [ -122.667821, 38.361176 ], [ -122.667776, 38.361216 ], [ -122.667679, 38.361342 ], [ -122.66756, 38.361441 ], [ -122.667504, 38.361446 ], [ -122.667435, 38.361425 ], [ -122.667419, 38.361403 ], [ -122.667417, 38.361381 ], [ -122.667344, 38.361287 ], [ -122.667239, 38.36121 ], [ -122.667142, 38.361166 ], [ -122.667045, 38.361153 ], [ -122.667044, 38.361096 ], [ -122.667043, 38.360925 ], [ -122.667043, 38.360869 ], [ -122.667037, 38.360287 ], [ -122.667035, 38.360014 ], [ -122.667036, 38.359456 ], [ -122.667024, 38.358542 ], [ -122.667017, 38.357961 ], [ -122.667013, 38.357402 ], [ -122.667006, 38.356123 ], [ -122.667002, 38.355728 ], [ -122.666997, 38.355171 ], [ -122.667143, 38.355161 ], [ -122.66722, 38.355172 ], [ -122.667304, 38.3552 ], [ -122.667339, 38.355222 ], [ -122.667534, 38.355475 ], [ -122.667583, 38.355524 ], [ -122.667653, 38.355579 ], [ -122.667736, 38.355612 ], [ -122.667813, 38.355623 ], [ -122.668106, 38.35559 ], [ -122.668469, 38.355585 ], [ -122.668574, 38.355574 ], [ -122.668671, 38.355546 ], [ -122.668727, 38.355508 ], [ -122.668964, 38.355266 ], [ -122.669013, 38.355244 ], [ -122.669062, 38.355156 ], [ -122.669132, 38.355123 ], [ -122.669216, 38.355118 ], [ -122.669299, 38.355134 ], [ -122.66932, 38.355156 ], [ -122.669362, 38.355167 ], [ -122.669418, 38.355228 ], [ -122.669481, 38.355239 ], [ -122.66955, 38.355233 ], [ -122.669655, 38.355206 ], [ -122.670004, 38.355047 ], [ -122.670095, 38.35503 ], [ -122.670709, 38.355085 ], [ -122.670883, 38.355085 ], [ -122.670899, 38.355082 ], [ -122.671051, 38.355063 ], [ -122.671092, 38.355047 ], [ -122.671106, 38.355008 ], [ -122.671099, 38.354981 ], [ -122.671071, 38.354948 ], [ -122.670764, 38.354843 ], [ -122.67073, 38.354821 ], [ -122.670681, 38.354761 ], [ -122.670674, 38.354728 ], [ -122.670681, 38.354679 ], [ -122.670806, 38.354525 ], [ -122.670862, 38.354481 ], [ -122.670995, 38.35442 ], [ -122.671058, 38.354415 ], [ -122.671127, 38.354415 ], [ -122.671344, 38.354448 ], [ -122.671448, 38.354453 ], [ -122.671609, 38.354443 ], [ -122.6717, 38.354426 ], [ -122.672258, 38.354426 ], [ -122.672537, 38.354399 ], [ -122.672714, 38.354425 ], [ -122.672788, 38.354437 ], [ -122.67299, 38.354487 ], [ -122.673041, 38.354503 ], [ -122.673158, 38.354542 ], [ -122.673248, 38.354646 ], [ -122.673276, 38.354695 ], [ -122.673283, 38.354756 ], [ -122.673109, 38.354871 ], [ -122.673088, 38.354904 ], [ -122.67306, 38.354921 ], [ -122.673053, 38.354981 ], [ -122.673088, 38.355058 ], [ -122.673158, 38.355129 ], [ -122.673241, 38.355168 ], [ -122.673304, 38.355184 ], [ -122.674037, 38.355157 ], [ -122.674588, 38.355185 ], [ -122.674672, 38.355168 ], [ -122.674951, 38.35508 ], [ -122.675167, 38.354981 ], [ -122.675439, 38.354932 ], [ -122.675495, 38.354905 ], [ -122.675544, 38.354861 ], [ -122.675614, 38.354773 ], [ -122.675662, 38.35474 ], [ -122.675774, 38.354696 ], [ -122.675928, 38.354657 ], [ -122.676304, 38.354707 ], [ -122.676458, 38.354701 ], [ -122.676548, 38.354679 ], [ -122.676674, 38.354625 ], [ -122.676807, 38.354553 ], [ -122.676897, 38.35452 ], [ -122.676932, 38.354531 ], [ -122.677037, 38.354597 ], [ -122.677065, 38.354641 ], [ -122.677079, 38.354855 ], [ -122.67712, 38.354998 ], [ -122.677148, 38.355048 ], [ -122.67719, 38.355081 ], [ -122.677302, 38.355103 ], [ -122.677421, 38.355108 ], [ -122.67823, 38.355031 ], [ -122.678321, 38.355009 ], [ -122.678711, 38.354954 ], [ -122.67913, 38.354861 ], [ -122.679221, 38.354855 ], [ -122.679374, 38.354872 ], [ -122.679758, 38.354943 ], [ -122.679981, 38.354932 ], [ -122.680135, 38.354938 ], [ -122.680714, 38.354927 ], [ -122.680839, 38.354938 ], [ -122.681223, 38.354943 ], [ -122.681384, 38.354956 ], [ -122.681809, 38.354993 ], [ -122.681983, 38.355015 ], [ -122.682144, 38.355021 ], [ -122.682604, 38.355026 ], [ -122.682981, 38.355021 ], [ -122.683351, 38.354993 ], [ -122.683965, 38.355015 ], [ -122.684384, 38.355021 ], [ -122.684963, 38.355015 ], [ -122.68573, 38.355055 ], [ -122.685734, 38.355485 ], [ -122.685746, 38.356777 ], [ -122.685751, 38.357208 ], [ -122.685753, 38.357466 ], [ -122.685755, 38.357642 ], [ -122.685756, 38.358244 ], [ -122.68576, 38.358503 ], [ -122.685768, 38.359031 ], [ -122.685779, 38.35965 ], [ -122.685769, 38.360617 ], [ -122.685764, 38.361146 ], [ -122.685479, 38.361119 ], [ -122.685046, 38.361102 ] ] ] } },
{ "type": "Feature", "properties": { "STATEFP20": "06", "COUNTYFP20": "097", "TRACTCE20": "151309", "BLOCKCE20": "3002", "GEOID20": "060971513093002", "GEOIDFQ20": "1000000US060971513093002", "NAME20": "Block3002", "MTFCC20": "G5040", "UR20": "R", "UACE20": null, "FUNCSTAT20": "S", "ALAND20": 153811, "AWATER20": 0, "HOUSING20": 6, "POP20": 13, "DISTRICT": "Secondary", "block_of_residence": "060971513093002", "students": 0, "residents": 0, "INTPTLAT20": 38.354599312193074, "INTPTLON20": -122.67654454486041 }, "geometry": { "type": "Polygon", "coordinates": [ [ [ -122.683965, 38.355015 ], [ -122.683351, 38.354993 ], [ -122.682981, 38.355021 ], [ -122.682604, 38.355026 ], [ -122.682144, 38.355021 ], [ -122.681983, 38.355015 ], [ -122.681809, 38.354993 ], [ -122.681384, 38.354956 ], [ -122.681223, 38.354943 ], [ -122.680839, 38.354938 ], [ -122.680714, 38.354927 ], [ -122.680135, 38.354938 ], [ -122.679981, 38.354932 ], [ -122.679758, 38.354943 ], [ -122.679374, 38.354872 ], [ -122.679221, 38.354855 ], [ -122.67913, 38.354861 ], [ -122.678711, 38.354954 ], [ -122.678321, 38.355009 ], [ -122.67823, 38.355031 ], [ -122.677421, 38.355108 ], [ -122.677302, 38.355103 ], [ -122.67719, 38.355081 ], [ -122.677148, 38.355048 ], [ -122.67712, 38.354998 ], [ -122.677079, 38.354855 ], [ -122.677065, 38.354641 ], [ -122.677037, 38.354597 ], [ -122.676932, 38.354531 ], [ -122.676897, 38.35452 ], [ -122.676807, 38.354553 ], [ -122.676674, 38.354625 ], [ -122.676548, 38.354679 ], [ -122.676458, 38.354701 ], [ -122.676304, 38.354707 ], [ -122.675928, 38.354657 ], [ -122.675774, 38.354696 ], [ -122.675662, 38.35474 ], [ -122.675614, 38.354773 ], [ -122.675544, 38.354861 ], [ -122.675495, 38.354905 ], [ -122.675439, 38.354932 ], [ -122.675167, 38.354981 ], [ -122.674951, 38.35508 ], [ -122.674672, 38.355168 ], [ -122.674588, 38.355185 ], [ -122.674037, 38.355157 ], [ -122.673304, 38.355184 ], [ -122.673241, 38.355168 ], [ -122.673158, 38.355129 ], [ -122.673088, 38.355058 ], [ -122.673053, 38.354981 ], [ -122.67306, 38.354921 ], [ -122.673088, 38.354904 ], [ -122.673109, 38.354871 ], [ -122.673283, 38.354756 ], [ -122.673276, 38.354695 ], [ -122.673248, 38.354646 ], [ -122.673158, 38.354542 ], [ -122.673041, 38.354503 ], [ -122.67299, 38.354487 ], [ -122.672788, 38.354437 ], [ -122.672714, 38.354425 ], [ -122.672537, 38.354399 ], [ -122.672258, 38.354426 ], [ -122.6717, 38.354426 ], [ -122.671609, 38.354443 ], [ -122.671448, 38.354453 ], [ -122.671344, 38.354448 ], [ -122.671127, 38.354415 ], [ -122.671058, 38.354415 ], [ -122.670995, 38.35442 ], [ -122.670862, 38.354481 ], [ -122.670806, 38.354525 ], [ -122.670681, 38.354679 ], [ -122.670674, 38.354728 ], [ -122.670681, 38.354761 ], [ -122.67073, 38.354821 ], [ -122.670764, 38.354843 ], [ -122.671071, 38.354948 ], [ -122.671099, 38.354981 ], [ -122.671106, 38.355008 ], [ -122.671092, 38.355047 ], [ -122.671051, 38.355063 ], [ -122.670899, 38.355082 ], [ -122.670883, 38.355085 ], [ -122.670709, 38.355085 ], [ -122.670095, 38.35503 ], [ -122.670004, 38.355047 ], [ -122.669655, 38.355206 ], [ -122.66955, 38.355233 ], [ -122.669481, 38.355239 ], [ -122.669418, 38.355228 ], [ -122.669362, 38.355167 ], [ -122.66932, 38.355156 ], [ -122.669299, 38.355134 ], [ -122.669216, 38.355118 ], [ -122.669132, 38.355123 ], [ -122.669062, 38.355156 ], [ -122.669013, 38.355244 ], [ -122.668964, 38.355266 ], [ -122.668727, 38.355508 ], [ -122.668671, 38.355546 ], [ -122.668574, 38.355574 ], [ -122.668469, 38.355585 ], [ -122.668106, 38.35559 ], [ -122.667813, 38.355623 ], [ -122.667736, 38.355612 ], [ -122.667653, 38.355579 ], [ -122.667583, 38.355524 ], [ -122.667534, 38.355475 ], [ -122.667339, 38.355222 ], [ -122.667304, 38.3552 ], [ -122.66722, 38.355172 ], [ -122.667143, 38.355161 ], [ -122.666997, 38.355171 ], [ -122.666995, 38.354987 ], [ -122.66699, 38.354539 ], [ -122.666989, 38.354435 ], [ -122.666988, 38.354251 ], [ -122.667000924914348, 38.3542508736979 ], [ -122.667001, 38.354256 ], [ -122.667308, 38.354253 ], [ -122.668398, 38.354244 ], [ -122.670165, 38.354215 ], [ -122.670745, 38.354202 ], [ -122.671926, 38.354178 ], [ -122.673059, 38.354177 ], [ -122.67342, 38.354177 ], [ -122.675019, 38.354152 ], [ -122.676348, 38.354134 ], [ -122.676498, 38.354132 ], [ -122.678256, 38.354107 ], [ -122.680247, 38.354078 ], [ -122.680668, 38.354073 ], [ -122.681091, 38.354068 ], [ -122.681984, 38.354058 ], [ -122.684037, 38.354038 ], [ -122.685711074493298, 38.354010214531236 ], [ -122.685714, 38.354215 ], [ -122.685717, 38.354407 ], [ -122.685726, 38.354844 ], [ -122.68573, 38.355037 ], [ -122.68573, 38.355055 ], [ -122.684963, 38.355015 ], [ -122.684384, 38.355021 ], [ -122.683965, 38.355015 ] ] ] } },
{ "type": "Feature", "properties": { "STATEFP20": "06", "COUNTYFP20": "097", "TRACTCE20": "151403", "BLOCKCE20": "1003", "GEOID20": "060971514031003", "GEOIDFQ20": "1000000US060971514031003", "NAME20": "Block1003", "MTFCC20": "G5040", "UR20": "U", "UACE20": "79498", "FUNCSTAT20": "S", "ALAND20": 42524, "AWATER20": 0, "HOUSING20": 14, "POP20": 29, "DISTRICT": "Elementary", "block_of_residence": "060971514031003", "students": 6, "residents": 6, "INTPTLAT20": 38.425035990190601, "INTPTLON20": -122.69854732655918 }, "geometry": { "type": "Polygon", "coordinates": [ [ [ -122.699205333774003, 38.423681975389101 ], [ -122.699205333800521, 38.423677034189232 ], [ -122.699582, 38.423678 ], [ -122.699582030883988, 38.42368294143759 ], [ -122.699205333774003, 38.423681975389101 ] ] ] } },
{ "type": "Feature", "properties": { "STATEFP20": "06", "COUNTYFP20": "097", "TRACTCE20": "151403", "BLOCKCE20": "1004", "GEOID20": "060971514031004", "GEOIDFQ20": "1000000US060971514031004", "NAME20": "Block1004", "MTFCC20": "G5040", "UR20": "U", "UACE20": "79498", "FUNCSTAT20": "S", "ALAND20": 18720, "AWATER20": 0, "HOUSING20": 23, "POP20": 70, "DISTRICT": "Secondary", "block_of_residence": "060971514031004", "students": 3, "residents": 3, "INTPTLAT20": 38.423691206316356, "INTPTLON20": -122.69981195076997 }, "geometry": { "type": "Polygon", "coordinates": [ [ [ -122.699595334717003, 38.424216975533596 ], [ -122.699595333725995, 38.424173975705401 ], [ -122.699596334562003, 38.424044975394203 ], [ -122.699597334710006, 38.424002975548099 ], [ -122.699596334673998, 38.423842975999101 ], [ -122.699595334609, 38.423682975555302 ], [ -122.699582030883988, 38.42368294143759 ], [ -122.699582, 38.423678 ], [ -122.699581, 38.423373 ], [ -122.699574, 38.421672 ], [ -122.700061, 38.421658 ], [ -122.700063, 38.421777 ], [ -122.70006, 38.421846 ], [ -122.700055, 38.421975 ], [ -122.700049, 38.422112 ], [ -122.700057, 38.422523 ], [ -122.70006, 38.422661 ], [ -122.700059, 38.42279 ], [ -122.700058, 38.423181 ], [ -122.700058, 38.423311 ], [ -122.700055, 38.423499 ], [ -122.700047, 38.424021 ], [ -122.700047, 38.424066 ], [ -122.700049, 38.424255 ], [ -122.700051, 38.424353 ], [ -122.700048, 38.424403 ], [ -122.700037, 38.424679 ], [ -122.70004, 38.42485 ], [ -122.700043, 38.424999 ], [ -122.700046, 38.425127 ], [ -122.700056, 38.425512 ], [ -122.700059, 38.425597 ], [ -122.700068, 38.42564 ], [ -122.7, 38.425654 ], [ -122.699949, 38.425665 ], [ -122.699801, 38.42571 ], [ -122.699735, 38.425731 ], [ -122.699698, 38.425742 ], [ -122.699565522019611, 38.425790091321645 ], [ -122.699595334717003, 38.424216975533596 ] ] ] } },
{ "type": "Feature", "properties": { "STATEFP20": "06", "COUNTYFP20": "097", "TRACTCE20": "151403", "BLOCKCE20": "1005", "GEOID20": "060971514031005", "GEOIDFQ20": "1000000US060971514031005", "NAME20": "Block1005", "MTFCC20": "G5040", "UR20": "U", "UACE20": "79498", "FUNCSTAT20": "S", "ALAND20": 7184, "AWATER20": 0, "HOUSING20": 5, "POP20": 19, "DISTRICT": "Elementary", "block_of_residence": "060971514031005", "students": 1, "residents": 1, "INTPTLAT20": 38.4240594599773, "INTPTLON20": -122.69435394078926 }, "geometry": { "type": "Polygon", "coordinates": [ [ [ -122.694801333607003, 38.423706975983997 ], [ -122.694156333742001, 38.423748976568703 ], [ -122.693841333809999, 38.423709976300998 ], [ -122.693831206542356, 38.423705397000482 ], [ -122.694143, 38.423744 ], [ -122.694788, 38.423702 ], [ -122.695097, 38.423545 ], [ -122.695103414005558, 38.423553491782002 ], [ -122.694801333607003, 38.423706975983997 ] ] ] } },
{ "type": "Feature", "properties": { "STATEFP20": "06", "COUNTYFP20": "097", "TRACTCE20": "151403", "BLOCKCE20": "1006", "GEOID20": "060971514031006", "GEOIDFQ20": "1000000US060971514031006", "NAME20": "Block1006", "MTFCC20": "G5040", "UR20": "U", "UACE20": "79498", "FUNCSTAT20": "S", "ALAND20": 5652, "AWATER20": 0, "HOUSING20": 7, "POP20": 16, "DISTRICT": "Elementary", "block_of_residence": "060971514031006", "students": 1, "residents": 1, "INTPTLAT20": 38.424013338620057, "INTPTLON20": -122.69341608047456 }, "geometry": { "type": "Polygon", "coordinates": [ [ [ -122.693046333161007, 38.423649976511697 ], [ -122.693036333169005, 38.423767976266198 ], [ -122.693022591436858, 38.423768209179961 ], [ -122.693023, 38.423763 ], [ -122.693033, 38.423645 ], [ -122.693713, 38.423653 ], [ -122.693723942435625, 38.423657947883932 ], [ -122.693046333161007, 38.423649976511697 ] ] ] } },
{ "type": "Feature", "properties": { "STATEFP20": "06", "COUNTYFP20": "097", "TRACTCE20": "151403", "BLOCKCE20": "1007", "GEOID20": "060971514031007", "GEOIDFQ20": "1000000US060971514031007", "NAME20": "Block1007", "MTFCC20": "G5040", "UR20": "U", "UACE20": "79498", "FUNCSTAT20": "S", "ALAND20": 9599, "AWATER20": 0, "HOUSING20": 13, "POP20": 59, "DISTRICT": "Secondary", "block_of_residence": "060971514031007", "students": 0, "residents": 0, "INTPTLAT20": 38.423018414631656, "INTPTLON20": -122.69343495055263 }, "geometry": { "type": "Polygon", "coordinates": [ [ [ -122.693726333531004, 38.423657976012699 ], [ -122.693723942435625, 38.423657947883932 ], [ -122.693713, 38.423653 ], [ -122.693033, 38.423645 ], [ -122.693046, 38.423252 ], [ -122.693047, 38.422919 ], [ -122.693048, 38.422892 ], [ -122.693054, 38.422484 ], [ -122.693057, 38.422369 ], [ -122.693819, 38.422383 ], [ -122.69382, 38.422482 ], [ -122.69382, 38.422912 ], [ -122.693822, 38.423202 ], [ -122.693824, 38.423411 ], [ -122.693827985585898, 38.423703940563449 ], [ -122.693827985585898, 38.423703940563456 ], [ -122.693726333531004, 38.423657976012699 ] ] ] } },
{ "type": "Feature", "properties": { "STATEFP20": "06", "COUNTYFP20": "097", "TRACTCE20": "151403", "BLOCKCE20": "1008", "GEOID20": "060971514031008", "GEOIDFQ20": "1000000US060971514031008", "NAME20": "Block1008", "MTFCC20": "G5040", "UR20": "U", "UACE20": "79498", "FUNCSTAT20": "S", "ALAND20": 28666, "AWATER20": 0, "HOUSING20": 39, "POP20": 79, "DISTRICT": "Secondary", "block_of_residence": "060971514031008", "students": 1, "residents": 3, "INTPTLAT20": 38.422550078798089, "INTPTLON20": -122.69504227545856 }, "geometry": { "type": "Polygon", "coordinates": [ [ [ -122.695181333356999, 38.423643976551602 ], [ -122.695110333231, 38.423549976188802 ], [ -122.695103414005558, 38.423553491782002 ], [ -122.695097, 38.423545 ], [ -122.694788, 38.423702 ], [ -122.694143, 38.423744 ], [ -122.693831206542356, 38.423705397000482 ], [ -122.693827985585898, 38.423703940563456 ], [ -122.693827985585898, 38.423703940563449 ], [ -122.693824, 38.423411 ], [ -122.694458, 38.423424 ], [ -122.694537, 38.423332 ], [ -122.694554, 38.422433 ], [ -122.694578, 38.421256 ], [ -122.695017, 38.421248 ], [ -122.69565, 38.421115 ], [ -122.695652, 38.42378 ], [ -122.695257524425628, 38.423776103944938 ], [ -122.695181333356999, 38.423643976551602 ] ] ] } },
{ "type": "Feature", "properties": { "STATEFP20": "06", "COUNTYFP20": "097", "TRACTCE20": "151403", "BLOCKCE20": "1009", "GEOID20": "060971514031009", "GEOIDFQ20": "1000000US060971514031009", "NAME20": "Block1009", "MTFCC20": "G5040", "UR20": "U", "UACE20": "79498", "FUNCSTAT20": "S", "ALAND20": 5445, "AWATER20": 0, "HOUSING20": 10, "POP20": 27, "DISTRICT": "Elementary", "block_of_residence": "060971514031009", "students": 3, "residents": 3, "INTPTLAT20": 38.424075805793464, "INTPTLON20": -122.69523396367399 }, "geometry": { "type": "Polygon", "coordinates": [ [ [ -122.695260334115005, 38.423780976391797 ], [ -122.695257524425628, 38.423776103944938 ], [ -122.695652, 38.42378 ], [ -122.695652014953268, 38.423784844860776 ], [ -122.695260334115005, 38.423780976391797 ] ] ] } },
{ "type": "Feature", "properties": { "STATEFP20": "06", "COUNTYFP20": "097", "TRACTCE20": "151403", "BLOCKCE20": "1010", "GEOID20": "060971514031010", "GEOIDFQ20": "1000000US060971514031010", "NAME20": "Block1010", "MTFCC20": "G5040", "UR20": "U", "UACE20": "79498", "FUNCSTAT20": "S", "ALAND20": 5617, "AWATER20": 0, "HOUSING20": 0, "POP20": 0, "DISTRICT": "Elementary", "block_of_residence": "060971514031010", "students": 0, "residents": 0, "INTPTLAT20": 38.423943166320107, "INTPTLON20": -122.69647790046939 }, "geometry": { "type": "Polygon", "coordinates": [ [ [ -122.695665333719006, 38.423784976404697 ], [ -122.695652014953268, 38.423784844860776 ], [ -122.695652, 38.42378 ], [ -122.697599, 38.423778 ], [ -122.697598764005377, 38.423782989600547 ], [ -122.695665333719006, 38.423784976404697 ] ] ] } },
{ "type": "Feature", "properties": { "STATEFP20": "06", "COUNTYFP20": "097", "TRACTCE20": "151403", "BLOCKCE20": "1011", "GEOID20": "060971514031011", "GEOIDFQ20": "1000000US060971514031011", "NAME20": "Block1011", "MTFCC20": "G5040", "UR20": "U", "UACE20": "79498", "FUNCSTAT20": "S", "ALAND20": 3232, "AWATER20": 0, "HOUSING20": 13, "POP20": 29, "DISTRICT": "Elementary", "block_of_residence": "060971514031011", "students": 0, "residents": 4, "INTPTLAT20": 38.423780294837997, "INTPTLON20": -122.6979913610687 }, "geometry": { "type": "Polygon", "coordinates": [ [ [ -122.697984334458994, 38.423584975489597 ], [ -122.697608333804993, 38.423549975873101 ], [ -122.697611333371, 38.423702975845302 ], [ -122.697612333744004, 38.423782975656202 ], [ -122.697598764005377, 38.423782989600547 ], [ -122.697599, 38.423778 ], [ -122.697598, 38.423698 ], [ -122.697595, 38.423545 ], [ -122.697971, 38.42358 ], [ -122.698401, 38.423584 ], [ -122.698400954659533, 38.423588851431091 ], [ -122.697984334458994, 38.423584975489597 ] ] ] } },
{ "type": "Feature", "properties": { "STATEFP20": "06", "COUNTYFP20": "097", "TRACTCE20": "151403", "BLOCKCE20": "1012", "GEOID20": "060971514031012", "GEOIDFQ20": "1000000US060971514031012", "NAME20": "Block1012", "MTFCC20": "G5040", "UR20": "U", "UACE20": "79498", "FUNCSTAT20": "S", "ALAND20": 3167, "AWATER20": 0, "HOUSING20": 5, "POP20": 36, "DISTRICT": "Elementary", "block_of_residence": "060971514031012", "students": 1, "residents": 1, "INTPTLAT20": 38.423776654547439, "INTPTLON20": -122.69877790437135 }, "geometry": { "type": "MultiPolygon", "coordinates": [ [ [ [ -122.698810334000996, 38.423612976149599 ], [ -122.698810191942513, 38.423607933205354 ], [ -122.699192, 38.423606 ], [ -122.699192, 38.423611043659932 ], [ -122.698810334000996, 38.423612976149599 ] ] ], [ [ [ -122.698415333943004, 38.423540976094003 ], [ -122.698414334057006, 38.423588975903598 ], [ -122.698400954659533, 38.423588851431091 ], [ -122.698401, 38.423584 ], [ -122.698402, 38.423536 ], [ -122.698795, 38.423537 ], [ -122.698795139215179, 38.423541942138485 ], [ -122.698415333943004, 38.423540976094003 ] ] ] ] } },
{ "type": "Feature", "properties": { "STATEFP20": "06", "COUNTYFP20": "097", "TRACTCE20": "151403", "BLOCKCE20": "1013", "GEOID20": "060971514031013", "GEOIDFQ20": "1000000US060971514031013", "NAME20": "Block1013", "MTFCC20": "G5040", "UR20": "U", "UACE20": "79498", "FUNCSTAT20": "S", "ALAND20": 3702, "AWATER20": 0, "HOUSING20": 6, "POP20": 45, "DISTRICT": "Secondary", "block_of_residence": "060971514031013", "students": 0, "residents": 3, "INTPTLAT20": 38.423330551370242, "INTPTLON20": -122.69881498168188 }, "geometry": { "type": "Polygon", "coordinates": [ [ [ -122.698808333936, 38.4235419756996 ], [ -122.698795139215179, 38.423541942138485 ], [ -122.698795, 38.423537 ], [ -122.698402, 38.423536 ], [ -122.698407, 38.423159 ], [ -122.698421, 38.423121 ], [ -122.698434, 38.423101 ], [ -122.698443, 38.423091 ], [ -122.69919, 38.423078 ], [ -122.699192, 38.423606 ], [ -122.698810191942513, 38.423607933205354 ], [ -122.698808333936, 38.4235419756996 ] ] ] } },
{ "type": "Feature", "properties": { "STATEFP20": "06", "COUNTYFP20": "097", "TRACTCE20": "151403", "BLOCKCE20": "1014", "GEOID20": "060971514031014", "GEOIDFQ20": "1000000US060971514031014", "NAME20": "Block1014", "MTFCC20": "G5040", "UR20": "U", "UACE20": "79498", "FUNCSTAT20": "S", "ALAND20": 167871, "AWATER20": 0, "HOUSING20": 75, "POP20": 231, "DISTRICT": "Secondary", "block_of_residence": "060971514031014", "students": 15, "residents": 22, "INTPTLAT20": 38.42138150180007, "INTPTLON20": -122.69905962493597 }, "geometry": { "type": "Polygon", "coordinates": [ [ [ -122.699205334154996, 38.423610976145099 ], [ -122.699192, 38.423611043659932 ], [ -122.699192, 38.423606 ], [ -122.69919, 38.423078 ], [ -122.699205, 38.422931 ], [ -122.699215, 38.422868 ], [ -122.699221, 38.42284 ], [ -122.699236, 38.422778 ], [ -122.699225, 38.422648 ], [ -122.699207, 38.422571 ], [ -122.699173, 38.422485 ], [ -122.699133, 38.422382 ], [ -122.699099, 38.42225 ], [ -122.699086, 38.422051 ], [ -122.699076, 38.421174 ], [ -122.697672, 38.421176 ], [ -122.697621, 38.42118 ], [ -122.697608, 38.421754 ], [ -122.697608, 38.421808 ], [ -122.697614, 38.421903 ], [ -122.697613, 38.422134 ], [ -122.697594, 38.422323 ], [ -122.697598, 38.422477 ], [ -122.697591, 38.422681 ], [ -122.6976, 38.422899 ], [ -122.697601, 38.423087 ], [ -122.697608, 38.423291 ], [ -122.697605, 38.423361 ], [ -122.697598, 38.423475 ], [ -122.697595, 38.423545 ], [ -122.697598, 38.423698 ], [ -122.697599, 38.423778 ], [ -122.695652, 38.42378 ], [ -122.69565, 38.421115 ], [ -122.695649, 38.420059 ], [ -122.697079, 38.420062 ], [ -122.69758, 38.420064 ], [ -122.698216, 38.420065 ], [ -122.698842, 38.420067 ], [ -122.699481, 38.420069 ], [ -122.70015, 38.420089 ], [ -122.70057, 38.420091 ], [ -122.70079, 38.420097 ], [ -122.701431, 38.420102 ], [ -122.702014, 38.420087 ], [ -122.702069, 38.420087 ], [ -122.702201, 38.42009 ], [ -122.702646, 38.420089 ], [ -122.702948, 38.420066 ], [ -122.703056, 38.420064 ], [ -122.70317, 38.420076 ], [ -122.703273, 38.420095 ], [ -122.703394, 38.420123 ], [ -122.703523, 38.420132 ], [ -122.703726, 38.420129 ], [ -122.703738, 38.420399 ], [ -122.703735, 38.420569 ], [ -122.703724, 38.421238 ], [ -122.703737, 38.421275 ], [ -122.70376, 38.421296 ], [ -122.703779, 38.421307 ], [ -122.70381, 38.421316 ], [ -122.703832, 38.421309 ], [ -122.704337, 38.421306 ], [ -122.704778, 38.421305 ], [ -122.704779, 38.421348 ], [ -122.704783, 38.421476 ], [ -122.704785, 38.42152 ], [ -122.704788, 38.421616 ], [ -122.702988, 38.421633 ], [ -122.700061, 38.421658 ], [ -122.699574, 38.421672 ], [ -122.699581, 38.423373 ], [ -122.699582, 38.423678 ], [ -122.699205333800521, 38.423677034189232 ], [ -122.699205334154996, 38.423610976145099 ] ] ] } },
{ "type": "Feature", "properties": { "STATEFP20": "06", "COUNTYFP20": "097", "TRACTCE20": "151403", "BLOCKCE20": "1015", "GEOID20": "060971514031015", "GEOIDFQ20": "1000000US060971514031015", "NAME20": "Block1015", "MTFCC20": "G5040", "UR20": "U", "UACE20": "79498", "FUNCSTAT20": "S", "ALAND20": 16394, "AWATER20": 0, "HOUSING20": 42, "POP20": 127, "DISTRICT": "Secondary", "block_of_residence": "060971514031015", "students": 9, "residents": 11, "INTPTLAT20": 38.422823268738874, "INTPTLON20": -122.69834859897165 }, "geometry": { "type": "Polygon", "coordinates": [ [ [ -122.699205, 38.422931 ], [ -122.69919, 38.423078 ], [ -122.698443, 38.423091 ], [ -122.698434, 38.423101 ], [ -122.698421, 38.423121 ], [ -122.698407, 38.423159 ], [ -122.698402, 38.423536 ], [ -122.698401, 38.423584 ], [ -122.697971, 38.42358 ], [ -122.697595, 38.423545 ], [ -122.697598, 38.423475 ], [ -122.697605, 38.423361 ], [ -122.697608, 38.423291 ], [ -122.697601, 38.423087 ], [ -122.6976, 38.422899 ], [ -122.697591, 38.422681 ], [ -122.697598, 38.422477 ], [ -122.697594, 38.422323 ], [ -122.697812, 38.422355 ], [ -122.697998, 38.422401 ], [ -122.698141, 38.422419 ], [ -122.698185, 38.422419 ], [ -122.698224, 38.422417 ], [ -122.698249, 38.422414 ], [ -122.69831, 38.422389 ], [ -122.698398, 38.422349 ], [ -122.698498, 38.422292 ], [ -122.698625, 38.422182 ], [ -122.698705, 38.422122 ], [ -122.69875, 38.422096 ], [ -122.698825, 38.422068 ], [ -122.698858, 38.422062 ], [ -122.699086, 38.422051 ], [ -122.699099, 38.42225 ], [ -122.699133, 38.422382 ], [ -122.699173, 38.422485 ], [ -122.699207, 38.422571 ], [ -122.699225, 38.422648 ], [ -122.699236, 38.422778 ], [ -122.699221, 38.42284 ], [ -122.699215, 38.422868 ], [ -122.699205, 38.422931 ] ] ] } },
{ "type": "Feature", "properties": { "STATEFP20": "06", "COUNTYFP20": "097", "TRACTCE20": "151403", "BLOCKCE20": "1016", "GEOID20": "060971514031016", "GEOIDFQ20": "1000000US060971514031016", "NAME20": "Block1016", "MTFCC20": "G5040", "UR20": "U", "UACE20": "79498", "FUNCSTAT20": "S", "ALAND20": 15618, "AWATER20": 0, "HOUSING20": 56, "POP20": 193, "DISTRICT": "Secondary", "block_of_residence": "060971514031016", "students": 17, "residents": 21, "INTPTLAT20": 38.421733285690259, "INTPTLON20": -122.69830223296995 }, "geometry": { "type": "Polygon", "coordinates": [ [ [ -122.69875, 38.422096 ], [ -122.698705, 38.422122 ], [ -122.698625, 38.422182 ], [ -122.698498, 38.422292 ], [ -122.698398, 38.422349 ], [ -122.69831, 38.422389 ], [ -122.698249, 38.422414 ], [ -122.698224, 38.422417 ], [ -122.698185, 38.422419 ], [ -122.698141, 38.422419 ], [ -122.697998, 38.422401 ], [ -122.697812, 38.422355 ], [ -122.697594, 38.422323 ], [ -122.697613, 38.422134 ], [ -122.697614, 38.421903 ], [ -122.697608, 38.421808 ], [ -122.697608, 38.421754 ], [ -122.697621, 38.42118 ], [ -122.697672, 38.421176 ], [ -122.699076, 38.421174 ], [ -122.699086, 38.422051 ], [ -122.698858, 38.422062 ], [ -122.698825, 38.422068 ], [ -122.69875, 38.422096 ] ] ] } },
{ "type": "Feature", "properties": { "STATEFP20": "06", "COUNTYFP20": "097", "TRACTCE20": "151403", "BLOCKCE20": "1017", "GEOID20": "060971514031017", "GEOIDFQ20": "1000000US060971514031017", "NAME20": "Block1017", "MTFCC20": "G5040", "UR20": "U", "UACE20": "79498", "FUNCSTAT20": "S", "ALAND20": 15922, "AWATER20": 0, "HOUSING20": 21, "POP20": 75, "DISTRICT": "Secondary", "block_of_residence": "060971514031017", "students": 6, "residents": 8, "INTPTLAT20": 38.421811238914387, "INTPTLON20": -122.70250812811709 }, "geometry": { "type": "Polygon", "coordinates": [ [ [ -122.704282, 38.421996 ], [ -122.703852, 38.421996 ], [ -122.703836, 38.421995 ], [ -122.702931, 38.421987 ], [ -122.702383, 38.421989 ], [ -122.702024, 38.421984 ], [ -122.70164, 38.421987 ], [ -122.701328, 38.421972 ], [ -122.701, 38.421972 ], [ -122.700966, 38.421972 ], [ -122.700515, 38.421965 ], [ -122.700257, 38.421975 ], [ -122.700055, 38.421975 ], [ -122.70006, 38.421846 ], [ -122.700063, 38.421777 ], [ -122.700061, 38.421658 ], [ -122.702988, 38.421633 ], [ -122.704788, 38.421616 ], [ -122.704789, 38.421641 ], [ -122.704783, 38.421907 ], [ -122.704782, 38.422004 ], [ -122.704282, 38.421996 ] ] ] } },
{ "type": "Feature", "properties": { "STATEFP20": "06", "COUNTYFP20": "097", "TRACTCE20": "151403", "BLOCKCE20": "1018", "GEOID20": "060971514031018", "GEOIDFQ20": "1000000US060971514031018", "NAME20": "Block1018", "MTFCC20": "G5040", "UR20": "U", "UACE20": "79498", "FUNCSTAT20": "S", "ALAND20": 10027, "AWATER20": 0, "HOUSING20": 17, "POP20": 43, "DISTRICT": "Secondary", "block_of_residence": "060971514031018", "students": 1, "residents": 3, "INTPTLAT20": 38.419256610072352, "INTPTLON20": -122.69790250415828 }, "geometry": { "type": "Polygon", "coordinates": [ [ [ -122.69758, 38.420064 ], [ -122.697581, 38.419527 ], [ -122.697585, 38.419 ], [ -122.697588, 38.418448 ], [ -122.697863, 38.418446 ], [ -122.69798, 38.418436 ], [ -122.698099, 38.418419 ], [ -122.69814, 38.418408 ], [ -122.698211, 38.418573 ], [ -122.698223, 38.418615 ], [ -122.698226, 38.418671 ], [ -122.698221, 38.419945 ], [ -122.698216, 38.420065 ], [ -122.69758, 38.420064 ] ] ] } },
{ "type": "Feature", "properties": { "STATEFP20": "06", "COUNTYFP20": "097", "TRACTCE20": "151403", "BLOCKCE20": "1019", "GEOID20": "060971514031019", "GEOIDFQ20": "1000000US060971514031019", "NAME20": "Block1019", "MTFCC20": "G5040", "UR20": "U", "UACE20": "79498", "FUNCSTAT20": "S", "ALAND20": 10736, "AWATER20": 0, "HOUSING20": 22, "POP20": 57, "DISTRICT": "Secondary", "block_of_residence": "060971514031019", "students": 1, "residents": 2, "INTPTLAT20": 38.419176571466046, "INTPTLON20": -122.69853368421721 }, "geometry": { "type": "Polygon", "coordinates": [ [ [ -122.698221, 38.419945 ], [ -122.698226, 38.418671 ], [ -122.698223, 38.418615 ], [ -122.698211, 38.418573 ], [ -122.69814, 38.418408 ], [ -122.698172, 38.4184 ], [ -122.698725, 38.418207 ], [ -122.698795, 38.418342 ], [ -122.698826, 38.418416 ], [ -122.698844, 38.418476 ], [ -122.698849, 38.418537 ], [ -122.698842, 38.420067 ], [ -122.698216, 38.420065 ], [ -122.698221, 38.419945 ] ] ] } },
{ "type": "Feature", "properties": { "STATEFP20": "06", "COUNTYFP20": "097", "TRACTCE20": "151403", "BLOCKCE20": "1020", "GEOID20": "060971514031020", "GEOIDFQ20": "1000000US060971514031020", "NAME20": "Block1020", "MTFCC20": "G5040", "UR20": "U", "UACE20": "79498", "FUNCSTAT20": "S", "ALAND20": 12589, "AWATER20": 0, "HOUSING20": 22, "POP20": 96, "DISTRICT": "Secondary", "block_of_residence": "060971514031020", "students": 3, "residents": 3, "INTPTLAT20": 38.419061619253974, "INTPTLON20": -122.69916518393185 }, "geometry": { "type": "Polygon", "coordinates": [ [ [ -122.698842, 38.420067 ], [ -122.698849, 38.418537 ], [ -122.698844, 38.418476 ], [ -122.698826, 38.418416 ], [ -122.698795, 38.418342 ], [ -122.698725, 38.418207 ], [ -122.69936, 38.417985 ], [ -122.699436, 38.418108 ], [ -122.699467, 38.418182 ], [ -122.699485, 38.418243 ], [ -122.699494, 38.418311 ], [ -122.699492, 38.419079 ], [ -122.699485, 38.419967 ], [ -122.699481, 38.420069 ], [ -122.698842, 38.420067 ] ] ] } },
{ "type": "Feature", "properties": { "STATEFP20": "06", "COUNTYFP20": "097", "TRACTCE20": "151403", "BLOCKCE20": "1021", "GEOID20": "060971514031021", "GEOIDFQ20": "1000000US060971514031021", "NAME20": "Block1021", "MTFCC20": "G5040", "UR20": "U", "UACE20": "79498", "FUNCSTAT20": "S", "ALAND20": 6349, "AWATER20": 0, "HOUSING20": 10, "POP20": 53, "DISTRICT": "Secondary", "block_of_residence": "060971514031021", "students": 1, "residents": 2, "INTPTLAT20": 38.419586093091127, "INTPTLON20": -122.69981916559044 }, "geometry": { "type": "Polygon", "coordinates": [ [ [ -122.699492, 38.419079 ], [ -122.700152, 38.419104 ], [ -122.70015, 38.420089 ], [ -122.699481, 38.420069 ], [ -122.699485, 38.419967 ], [ -122.699492, 38.419079 ] ] ] } },
{ "type": "Feature", "properties": { "STATEFP20": "06", "COUNTYFP20": "097", "TRACTCE20": "151403", "BLOCKCE20": "1022", "GEOID20": "060971514031022", "GEOIDFQ20": "1000000US060971514031022", "NAME20": "Block1022", "MTFCC20": "G5040", "UR20": "U", "UACE20": "79498", "FUNCSTAT20": "S", "ALAND20": 6152, "AWATER20": 0, "HOUSING20": 10, "POP20": 29, "DISTRICT": "Secondary", "block_of_residence": "060971514031022", "students": 0, "residents": 0, "INTPTLAT20": 38.419597178410768, "INTPTLON20": -122.70047283567501 }, "geometry": { "type": "Polygon", "coordinates": [ [ [ -122.700152, 38.419104 ], [ -122.700798, 38.419105 ], [ -122.70079, 38.420097 ], [ -122.70057, 38.420091 ], [ -122.70015, 38.420089 ], [ -122.700152, 38.419104 ] ] ] } },
{ "type": "Feature", "properties": { "STATEFP20": "06", "COUNTYFP20": "097", "TRACTCE20": "151403", "BLOCKCE20": "1023", "GEOID20": "060971514031023", "GEOIDFQ20": "1000000US060971514031023", "NAME20": "Block1023", "MTFCC20": "G5040", "UR20": "U", "UACE20": "79498", "FUNCSTAT20": "S", "ALAND20": 6174, "AWATER20": 0, "HOUSING20": 10, "POP20": 46, "DISTRICT": "Secondary", "block_of_residence": "060971514031023", "students": 0, "residents": 1, "INTPTLAT20": 38.419602754000671, "INTPTLON20": -122.70111466126623 }, "geometry": { "type": "Polygon", "coordinates": [ [ [ -122.701439, 38.419107 ], [ -122.701431, 38.420102 ], [ -122.70079, 38.420097 ], [ -122.700798, 38.419105 ], [ -122.701439, 38.419107 ] ] ] } },
{ "type": "Feature", "properties": { "STATEFP20": "06", "COUNTYFP20": "097", "TRACTCE20": "151403", "BLOCKCE20": "1024", "GEOID20": "060971514031024", "GEOIDFQ20": "1000000US060971514031024", "NAME20": "Block1024", "MTFCC20": "G5040", "UR20": "U", "UACE20": "79498", "FUNCSTAT20": "S", "ALAND20": 5645, "AWATER20": 0, "HOUSING20": 10, "POP20": 31, "DISTRICT": "Secondary", "block_of_residence": "060971514031024", "students": 1, "residents": 1, "INTPTLAT20": 38.41959566314457, "INTPTLON20": -122.70172740721303 }, "geometry": { "type": "Polygon", "coordinates": [ [ [ -122.701431, 38.420102 ], [ -122.701439, 38.419107 ], [ -122.702023, 38.419089 ], [ -122.702022, 38.419616 ], [ -122.702012, 38.419988 ], [ -122.702014, 38.420087 ], [ -122.701431, 38.420102 ] ] ] } },
{ "type": "Feature", "properties": { "STATEFP20": "06", "COUNTYFP20": "097", "TRACTCE20": "151403", "BLOCKCE20": "1025", "GEOID20": "060971514031025", "GEOIDFQ20": "1000000US060971514031025", "NAME20": "Block1025", "MTFCC20": "G5040", "UR20": "U", "UACE20": "79498", "FUNCSTAT20": "S", "ALAND20": 6033, "AWATER20": 0, "HOUSING20": 10, "POP20": 45, "DISTRICT": "Secondary", "block_of_residence": "060971514031025", "students": 2, "residents": 2, "INTPTLAT20": 38.419591890984535, "INTPTLON20": -122.70233112512358 }, "geometry": { "type": "Polygon", "coordinates": [ [ [ -122.702014, 38.420087 ], [ -122.702012, 38.419988 ], [ -122.702022, 38.419616 ], [ -122.702023, 38.419089 ], [ -122.702254, 38.419089 ], [ -122.702644, 38.419099 ], [ -122.702645, 38.419676 ], [ -122.70264, 38.419935 ], [ -122.702646, 38.420089 ], [ -122.702201, 38.42009 ], [ -122.702069, 38.420087 ], [ -122.702014, 38.420087 ] ] ] } },
{ "type": "Feature", "properties": { "STATEFP20": "06", "COUNTYFP20": "097", "TRACTCE20": "151403", "BLOCKCE20": "1026", "GEOID20": "060971514031026", "GEOIDFQ20": "1000000US060971514031026", "NAME20": "Block1026", "MTFCC20": "G5040", "UR20": "U", "UACE20": "79498", "FUNCSTAT20": "S", "ALAND20": 29172, "AWATER20": 0, "HOUSING20": 29, "POP20": 100, "DISTRICT": "Secondary", "block_of_residence": "060971514031026", "students": 6, "residents": 7, "INTPTLAT20": 38.419943023752744, "INTPTLON20": -122.70417587548147 }, "geometry": { "type": "Polygon", "coordinates": [ [ [ -122.705625, 38.421284 ], [ -122.705562, 38.421295 ], [ -122.705433, 38.421303 ], [ -122.705421, 38.421302 ], [ -122.705247, 38.421298 ], [ -122.705246, 38.421206 ], [ -122.705237, 38.421109 ], [ -122.705192, 38.420977 ], [ -122.705139, 38.420892 ], [ -122.705134, 38.420883 ], [ -122.704693, 38.4204 ], [ -122.70456, 38.420273 ], [ -122.704419, 38.42019 ], [ -122.704257, 38.420146 ], [ -122.704153, 38.420137 ], [ -122.704084, 38.420131 ], [ -122.703726, 38.420129 ], [ -122.703523, 38.420132 ], [ -122.703394, 38.420123 ], [ -122.703273, 38.420095 ], [ -122.70317, 38.420076 ], [ -122.703056, 38.420064 ], [ -122.702948, 38.420066 ], [ -122.702646, 38.420089 ], [ -122.70264, 38.419935 ], [ -122.702645, 38.419676 ], [ -122.702644, 38.419099 ], [ -122.703041, 38.4191 ], [ -122.703678, 38.419094 ], [ -122.703867, 38.419097 ], [ -122.704219, 38.419065 ], [ -122.704347, 38.419023 ], [ -122.704387, 38.419123 ], [ -122.70447, 38.419289 ], [ -122.704573, 38.419448 ], [ -122.704632, 38.419524 ], [ -122.70483, 38.419758 ], [ -122.705056, 38.419986 ], [ -122.705462, 38.42042 ], [ -122.705541, 38.420503 ], [ -122.705646, 38.420613 ], [ -122.706067, 38.421071 ], [ -122.705927, 38.421162 ], [ -122.705804, 38.421227 ], [ -122.705747, 38.42125 ], [ -122.705625, 38.421284 ] ] ] } },
{ "type": "Feature", "properties": { "STATEFP20": "06", "COUNTYFP20": "097", "TRACTCE20": "151403", "BLOCKCE20": "1027", "GEOID20": "060971514031027", "GEOIDFQ20": "1000000US060971514031027", "NAME20": "Block1027", "MTFCC20": "G5040", "UR20": "U", "UACE20": "79498", "FUNCSTAT20": "S", "ALAND20": 13645, "AWATER20": 0, "HOUSING20": 17, "POP20": 53, "DISTRICT": "Secondary", "block_of_residence": "060971514031027", "students": 1, "residents": 1, "INTPTLAT20": 38.420796339869369, "INTPTLON20": -122.70436349190098 }, "geometry": { "type": "Polygon", "coordinates": [ [ [ -122.704778, 38.421305 ], [ -122.704337, 38.421306 ], [ -122.703832, 38.421309 ], [ -122.70381, 38.421316 ], [ -122.703779, 38.421307 ], [ -122.70376, 38.421296 ], [ -122.703737, 38.421275 ], [ -122.703724, 38.421238 ], [ -122.703735, 38.420569 ], [ -122.703738, 38.420399 ], [ -122.703726, 38.420129 ], [ -122.704084, 38.420131 ], [ -122.704153, 38.420137 ], [ -122.704257, 38.420146 ], [ -122.704419, 38.42019 ], [ -122.70456, 38.420273 ], [ -122.704693, 38.4204 ], [ -122.705134, 38.420883 ], [ -122.705139, 38.420892 ], [ -122.705192, 38.420977 ], [ -122.705237, 38.421109 ], [ -122.705246, 38.421206 ], [ -122.705247, 38.421298 ], [ -122.705153, 38.421299 ], [ -122.704871, 38.421303 ], [ -122.704778, 38.421305 ] ] ] } },
{ "type": "Feature", "properties": { "STATEFP20": "06", "COUNTYFP20": "097", "TRACTCE20": "151403", "BLOCKCE20": "1028", "GEOID20": "060971514031028", "GEOIDFQ20": "1000000US060971514031028", "NAME20": "Block1028", "MTFCC20": "G5040", "UR20": "U", "UACE20": "79498", "FUNCSTAT20": "S", "ALAND20": 8130, "AWATER20": 0, "HOUSING20": 13, "POP20": 50, "DISTRICT": "Secondary", "block_of_residence": "060971514031028", "students": 3, "residents": 3, "INTPTLAT20": 38.418461446091399, "INTPTLON20": -122.69982126946553 }, "geometry": { "type": "Polygon", "coordinates": [ [ [ -122.699485, 38.418243 ], [ -122.699467, 38.418182 ], [ -122.699436, 38.418108 ], [ -122.69936, 38.417985 ], [ -122.69973, 38.417855 ], [ -122.699822, 38.417832 ], [ -122.699894, 38.41782 ], [ -122.700157, 38.417827 ], [ -122.700152, 38.419104 ], [ -122.699492, 38.419079 ], [ -122.699494, 38.418311 ], [ -122.699485, 38.418243 ] ] ] } },
{ "type": "Feature", "properties": { "STATEFP20": "06", "COUNTYFP20": "097", "TRACTCE20": "151403", "BLOCKCE20": "1029", "GEOID20": "060971514031029", "GEOIDFQ20": "1000000US060971514031029", "NAME20": "Block1029", "MTFCC20": "G5040", "UR20": "U", "UACE20": "79498", "FUNCSTAT20": "S", "ALAND20": 7913, "AWATER20": 0, "HOUSING20": 14, "POP20": 38, "DISTRICT": "Secondary", "block_of_residence": "060971514031029", "students": 5, "residents": 6, "INTPTLAT20": 38.418469467836168, "INTPTLON20": -122.70047492208069 }, "geometry": { "type": "Polygon", "coordinates": [ [ [ -122.700643, 38.417836 ], [ -122.700793, 38.417824 ], [ -122.700798, 38.419105 ], [ -122.700152, 38.419104 ], [ -122.700157, 38.417827 ], [ -122.700643, 38.417836 ] ] ] } },
{ "type": "Feature", "properties": { "STATEFP20": "06", "COUNTYFP20": "097", "TRACTCE20": "151403", "BLOCKCE20": "1030", "GEOID20": "060971514031030", "GEOIDFQ20": "1000000US060971514031030", "NAME20": "Block1030", "MTFCC20": "G5040", "UR20": "U", "UACE20": "79498", "FUNCSTAT20": "S", "ALAND20": 8309, "AWATER20": 0, "HOUSING20": 16, "POP20": 54, "DISTRICT": "Secondary", "block_of_residence": "060971514031030", "students": 1, "residents": 4, "INTPTLAT20": 38.418440108953227, "INTPTLON20": -122.70112142435521 }, "geometry": { "type": "Polygon", "coordinates": [ [ [ -122.70093, 38.417813 ], [ -122.701127, 38.417771 ], [ -122.701346, 38.417699 ], [ -122.701389, 38.417775 ], [ -122.701421, 38.417846 ], [ -122.701443, 38.417929 ], [ -122.701439, 38.419107 ], [ -122.700798, 38.419105 ], [ -122.700793, 38.417824 ], [ -122.70093, 38.417813 ] ] ] } },
{ "type": "Feature", "properties": { "STATEFP20": "06", "COUNTYFP20": "097", "TRACTCE20": "151403", "BLOCKCE20": "1031", "GEOID20": "060971514031031", "GEOIDFQ20": "1000000US060971514031031", "NAME20": "Block1031", "MTFCC20": "G5040", "UR20": "U", "UACE20": "79498", "FUNCSTAT20": "S", "ALAND20": 8852, "AWATER20": 0, "HOUSING20": 18, "POP20": 67, "DISTRICT": "Secondary", "block_of_residence": "060971514031031", "students": 1, "residents": 1, "INTPTLAT20": 38.418320901272288, "INTPTLON20": -122.70173758127719 }, "geometry": { "type": "Polygon", "coordinates": [ [ [ -122.702024, 38.418572 ], [ -122.702023, 38.419089 ], [ -122.701439, 38.419107 ], [ -122.701443, 38.417929 ], [ -122.701421, 38.417846 ], [ -122.701389, 38.417775 ], [ -122.701346, 38.417699 ], [ -122.701618, 38.417603 ], [ -122.701769, 38.417545 ], [ -122.701896, 38.417485 ], [ -122.702063, 38.417698 ], [ -122.702081, 38.417735 ], [ -122.702092, 38.417774 ], [ -122.702092, 38.417844 ], [ -122.702085, 38.417883 ], [ -122.702018, 38.418087 ], [ -122.702024, 38.418572 ] ] ] } },
{ "type": "Feature", "properties": { "STATEFP20": "06", "COUNTYFP20": "097", "TRACTCE20": "151403", "BLOCKCE20": "1032", "GEOID20": "060971514031032", "GEOIDFQ20": "1000000US060971514031032", "NAME20": "Block1032", "MTFCC20": "G5040", "UR20": "U", "UACE20": "79498", "FUNCSTAT20": "S", "ALAND20": 8355, "AWATER20": 0, "HOUSING20": 16, "POP20": 71, "DISTRICT": "Secondary", "block_of_residence": "060971514031032", "students": 2, "residents": 2, "INTPTLAT20": 38.418837627114556, "INTPTLON20": -122.70285972149678 }, "geometry": { "type": "Polygon", "coordinates": [ [ [ -122.702644, 38.419099 ], [ -122.702254, 38.419089 ], [ -122.702023, 38.419089 ], [ -122.702024, 38.418572 ], [ -122.702162, 38.418578 ], [ -122.702961, 38.418582 ], [ -122.703326, 38.418579 ], [ -122.703696, 38.418585 ], [ -122.703701, 38.4189 ], [ -122.703678, 38.419094 ], [ -122.703041, 38.4191 ], [ -122.702644, 38.419099 ] ] ] } },
{ "type": "Feature", "properties": { "STATEFP20": "06", "COUNTYFP20": "097", "TRACTCE20": "151403", "BLOCKCE20": "1033", "GEOID20": "060971514031033", "GEOIDFQ20": "1000000US060971514031033", "NAME20": "Block1033", "MTFCC20": "G5040", "UR20": "U", "UACE20": "79498", "FUNCSTAT20": "S", "ALAND20": 24879, "AWATER20": 0, "HOUSING20": 109, "POP20": 235, "DISTRICT": "Secondary", "block_of_residence": "060971514031033", "students": 6, "residents": 8, "INTPTLAT20": 38.417851277012339, "INTPTLON20": -122.70333374886475 }, "geometry": { "type": "Polygon", "coordinates": [ [ [ -122.703678, 38.419094 ], [ -122.703701, 38.4189 ], [ -122.703696, 38.418585 ], [ -122.703697, 38.418321 ], [ -122.703684, 38.418193 ], [ -122.703676, 38.418109 ], [ -122.703663, 38.418093 ], [ -122.703628, 38.418074 ], [ -122.703606, 38.418069 ], [ -122.703563, 38.418074 ], [ -122.703542, 38.418082 ], [ -122.703006, 38.41809 ], [ -122.702018, 38.418087 ], [ -122.702085, 38.417883 ], [ -122.702092, 38.417844 ], [ -122.702092, 38.417774 ], [ -122.702081, 38.417735 ], [ -122.702063, 38.417698 ], [ -122.701896, 38.417485 ], [ -122.702423, 38.417157 ], [ -122.702473, 38.417206 ], [ -122.702892, 38.417096 ], [ -122.703217, 38.417139 ], [ -122.703835, 38.417222 ], [ -122.704228, 38.417317 ], [ -122.704285, 38.417326 ], [ -122.704289, 38.417433 ], [ -122.704291, 38.417486 ], [ -122.704281, 38.417755 ], [ -122.704278, 38.417863 ], [ -122.704245, 38.418499 ], [ -122.704247, 38.418635 ], [ -122.704248, 38.418655 ], [ -122.704274, 38.418811 ], [ -122.704295, 38.418888 ], [ -122.704347, 38.419023 ], [ -122.704219, 38.419065 ], [ -122.703867, 38.419097 ], [ -122.703678, 38.419094 ] ] ] } },
{ "type": "Feature", "properties": { "STATEFP20": "06", "COUNTYFP20": "097", "TRACTCE20": "151403", "BLOCKCE20": "1034", "GEOID20": "060971514031034", "GEOIDFQ20": "1000000US060971514031034", "NAME20": "Block1034", "MTFCC20": "G5040", "UR20": "U", "UACE20": "79498", "FUNCSTAT20": "S", "ALAND20": 7986, "AWATER20": 0, "HOUSING20": 16, "POP20": 51, "DISTRICT": "Secondary", "block_of_residence": "060971514031034", "students": 5, "residents": 6, "INTPTLAT20": 38.418333878480915, "INTPTLON20": -122.7028595801893 }, "geometry": { "type": "Polygon", "coordinates": [ [ [ -122.702162, 38.418578 ], [ -122.702024, 38.418572 ], [ -122.702018, 38.418087 ], [ -122.703006, 38.41809 ], [ -122.703542, 38.418082 ], [ -122.703563, 38.418074 ], [ -122.703606, 38.418069 ], [ -122.703628, 38.418074 ], [ -122.703663, 38.418093 ], [ -122.703676, 38.418109 ], [ -122.703684, 38.418193 ], [ -122.703697, 38.418321 ], [ -122.703696, 38.418585 ], [ -122.703326, 38.418579 ], [ -122.702961, 38.418582 ], [ -122.702162, 38.418578 ] ] ] } },
{ "type": "Feature", "properties": { "STATEFP20": "06", "COUNTYFP20": "097", "TRACTCE20": "151403", "BLOCKCE20": "1035", "GEOID20": "060971514031035", "GEOIDFQ20": "1000000US060971514031035", "NAME20": "Block1035", "MTFCC20": "G5040", "UR20": "U", "UACE20": "79498", "FUNCSTAT20": "S", "ALAND20": 8967, "AWATER20": 0, "HOUSING20": 16, "POP20": 37, "DISTRICT": "Secondary", "block_of_residence": "060971514031035", "students": 1, "residents": 1, "INTPTLAT20": 38.416888946505651, "INTPTLON20": -122.70361621515477 }, "geometry": { "type": "Polygon", "coordinates": [ [ [ -122.703217, 38.417139 ], [ -122.702892, 38.417096 ], [ -122.702473, 38.417206 ], [ -122.702423, 38.417157 ], [ -122.702844, 38.416895 ], [ -122.703228, 38.416653 ], [ -122.703488, 38.416534 ], [ -122.703563, 38.416505 ], [ -122.703648, 38.416473 ], [ -122.704144, 38.416475 ], [ -122.704259, 38.416485 ], [ -122.70426, 38.416568 ], [ -122.704262, 38.416712 ], [ -122.704262, 38.416817 ], [ -122.704263, 38.416901 ], [ -122.704263, 38.416986 ], [ -122.704265, 38.417099 ], [ -122.704277, 38.417241 ], [ -122.704285, 38.417326 ], [ -122.704228, 38.417317 ], [ -122.703835, 38.417222 ], [ -122.703217, 38.417139 ] ] ] } },
{ "type": "Feature", "properties": { "STATEFP20": "06", "COUNTYFP20": "097", "TRACTCE20": "151403", "BLOCKCE20": "1036", "GEOID20": "060971514031036", "GEOIDFQ20": "1000000US060971514031036", "NAME20": "Block1036", "MTFCC20": "G5040", "UR20": "U", "UACE20": "79498", "FUNCSTAT20": "S", "ALAND20": 29790, "AWATER20": 0, "HOUSING20": 66, "POP20": 157, "DISTRICT": "Secondary", "block_of_residence": "060971514031036", "students": 1, "residents": 2, "INTPTLAT20": 38.420649512392245, "INTPTLON20": -122.69433790977952 }, "geometry": { "type": "Polygon", "coordinates": [ [ [ -122.693819, 38.421271 ], [ -122.693073, 38.421285 ], [ -122.693075, 38.420664 ], [ -122.693082, 38.420351 ], [ -122.69308, 38.420043 ], [ -122.693267, 38.420042 ], [ -122.693399, 38.420045 ], [ -122.695416, 38.420058 ], [ -122.695649, 38.420059 ], [ -122.69565, 38.421115 ], [ -122.695017, 38.421248 ], [ -122.694578, 38.421256 ], [ -122.693819, 38.421271 ] ] ] } },
{ "type": "Feature", "properties": { "STATEFP20": "06", "COUNTYFP20": "097", "TRACTCE20": "151403", "BLOCKCE20": "1037", "GEOID20": "060971514031037", "GEOIDFQ20": "1000000US060971514031037", "NAME20": "Block1037", "MTFCC20": "G5040", "UR20": "U", "UACE20": "79498", "FUNCSTAT20": "S", "ALAND20": 8201, "AWATER20": 0, "HOUSING20": 16, "POP20": 54, "DISTRICT": "Secondary", "block_of_residence": "060971514031037", "students": 1, "residents": 1, "INTPTLAT20": 38.421826278285998, "INTPTLON20": -122.69343520054551 }, "geometry": { "type": "Polygon", "coordinates": [ [ [ -122.693053, 38.421925 ], [ -122.693044, 38.421852 ], [ -122.69303, 38.421818 ], [ -122.693013, 38.421803 ], [ -122.693073, 38.421285 ], [ -122.693819, 38.421271 ], [ -122.693819, 38.422383 ], [ -122.693057, 38.422369 ], [ -122.693059, 38.422313 ], [ -122.693053, 38.421925 ] ] ] } },
{ "type": "Feature", "properties": { "STATEFP20": "06", "COUNTYFP20": "097", "TRACTCE20": "151403", "BLOCKCE20": "1038", "GEOID20": "060971514031038", "GEOIDFQ20": "1000000US060971514031038", "NAME20": "Block1038", "MTFCC20": "G5040", "UR20": "U", "UACE20": "79498", "FUNCSTAT20": "S", "ALAND20": 8363, "AWATER20": 0, "HOUSING20": 16, "POP20": 46, "DISTRICT": "Secondary", "block_of_residence": "060971514031038", "students": 1, "residents": 1, "INTPTLAT20": 38.42183795703037, "INTPTLON20": -122.69419563753246 }, "geometry": { "type": "Polygon", "coordinates": [ [ [ -122.693819, 38.421271 ], [ -122.694578, 38.421256 ], [ -122.694554, 38.422433 ], [ -122.694059, 38.42242 ], [ -122.693819, 38.422383 ], [ -122.693819, 38.421271 ] ] ] } },
{ "type": "Feature", "properties": { "STATEFP20": "06", "COUNTYFP20": "097", "TRACTCE20": "151403", "BLOCKCE20": "1039", "GEOID20": "060971514031039", "GEOIDFQ20": "1000000US060971514031039", "NAME20": "Block1039", "MTFCC20": "G5040", "UR20": "U", "UACE20": "79498", "FUNCSTAT20": "S", "ALAND20": 6982, "AWATER20": 0, "HOUSING20": 14, "POP20": 51, "DISTRICT": "Secondary", "block_of_residence": "060971514031039", "students": 0, "residents": 0, "INTPTLAT20": 38.422913203664095, "INTPTLON20": -122.69417943045677 }, "geometry": { "type": "Polygon", "coordinates": [ [ [ -122.693822, 38.423202 ], [ -122.69382, 38.422912 ], [ -122.69382, 38.422482 ], [ -122.693819, 38.422383 ], [ -122.694059, 38.42242 ], [ -122.694554, 38.422433 ], [ -122.694537, 38.423332 ], [ -122.694458, 38.423424 ], [ -122.693824, 38.423411 ], [ -122.693822, 38.423202 ] ] ] } },
{ "type": "Feature", "properties": { "STATEFP20": "06", "COUNTYFP20": "097", "TRACTCE20": "151403", "BLOCKCE20": "2010", "GEOID20": "060971514032010", "GEOIDFQ20": "1000000US060971514032010", "NAME20": "Block2010", "MTFCC20": "G5040", "UR20": "U", "UACE20": "79498", "FUNCSTAT20": "S", "ALAND20": 277581, "AWATER20": 0, "HOUSING20": 176, "POP20": 394, "DISTRICT": "Elementary", "block_of_residence": "060971514032010", "students": 12, "residents": 19, "INTPTLAT20": 38.426703816559616, "INTPTLON20": -122.68969574886873 }, "geometry": { "type": "Polygon", "coordinates": [ [ [ -122.691363333423993, 38.4237799761394 ], [ -122.689852332277994, 38.423730976377897 ], [ -122.685750332593997, 38.4237409769528 ], [ -122.685736980301073, 38.423741095455789 ], [ -122.685737, 38.423736 ], [ -122.689839, 38.423726 ], [ -122.69135, 38.423775 ], [ -122.691792, 38.423777 ], [ -122.691792, 38.423781915756656 ], [ -122.691363333423993, 38.4237799761394 ] ] ] } },
{ "type": "Feature", "properties": { "STATEFP20": "06", "COUNTYFP20": "097", "TRACTCE20": "151403", "BLOCKCE20": "2014", "GEOID20": "060971514032014", "GEOIDFQ20": "1000000US060971514032014", "NAME20": "Block2014", "MTFCC20": "G5040", "UR20": "U", "UACE20": "79498", "FUNCSTAT20": "S", "ALAND20": 19388, "AWATER20": 0, "HOUSING20": 17, "POP20": 66, "DISTRICT": "Elementary", "block_of_residence": "060971514032014", "students": 3, "residents": 7, "INTPTLAT20": 38.424618866840746, "INTPTLON20": -122.69239309105548 }, "geometry": { "type": "Polygon", "coordinates": [ [ [ -122.692977333718005, 38.423768976269997 ], [ -122.692202333224003, 38.423783976321602 ], [ -122.691805332889999, 38.423781976084904 ], [ -122.691792, 38.423781915756656 ], [ -122.691792, 38.423777 ], [ -122.692189, 38.423779 ], [ -122.692964, 38.423764 ], [ -122.693023, 38.423763 ], [ -122.693022591436858, 38.423768209179961 ], [ -122.692977333718005, 38.423768976269997 ] ] ] } },
{ "type": "Feature", "properties": { "STATEFP20": "06", "COUNTYFP20": "097", "TRACTCE20": "151403", "BLOCKCE20": "2021", "GEOID20": "060971514032021", "GEOIDFQ20": "1000000US060971514032021", "NAME20": "Block2021", "MTFCC20": "G5040", "UR20": "U", "UACE20": "79498", "FUNCSTAT20": "S", "ALAND20": 62071, "AWATER20": 0, "HOUSING20": 7, "POP20": 17, "DISTRICT": "Secondary", "block_of_residence": "060971514032021", "students": 1, "residents": 1, "INTPTLAT20": 38.422760668340985, "INTPTLON20": -122.69145433028085 }, "geometry": { "type": "Polygon", "coordinates": [ [ [ -122.693047, 38.422919 ], [ -122.693046, 38.423252 ], [ -122.693033, 38.423645 ], [ -122.693023, 38.423763 ], [ -122.692964, 38.423764 ], [ -122.692189, 38.423779 ], [ -122.691792, 38.423777 ], [ -122.69135, 38.423775 ], [ -122.689839, 38.423726 ], [ -122.689858, 38.422549 ], [ -122.689855, 38.422246 ], [ -122.689872, 38.422027 ], [ -122.689928, 38.421826 ], [ -122.689941, 38.421737 ], [ -122.690421, 38.421742 ], [ -122.690461, 38.421742 ], [ -122.69117, 38.42175 ], [ -122.691797, 38.421758 ], [ -122.691817, 38.421758 ], [ -122.692195, 38.421763 ], [ -122.692677, 38.421764 ], [ -122.692856, 38.421769 ], [ -122.692919, 38.421765 ], [ -122.692954, 38.421767 ], [ -122.692989, 38.421783 ], [ -122.693013, 38.421803 ], [ -122.69303, 38.421818 ], [ -122.693044, 38.421852 ], [ -122.693053, 38.421925 ], [ -122.693059, 38.422313 ], [ -122.693057, 38.422369 ], [ -122.693054, 38.422484 ], [ -122.693048, 38.422892 ], [ -122.693047, 38.422919 ] ] ] } },
{ "type": "Feature", "properties": { "STATEFP20": "06", "COUNTYFP20": "097", "TRACTCE20": "151403", "BLOCKCE20": "2023", "GEOID20": "060971514032023", "GEOIDFQ20": "1000000US060971514032023", "NAME20": "Block2023", "MTFCC20": "G5040", "UR20": "R", "UACE20": null, "FUNCSTAT20": "S", "ALAND20": 6431070, "AWATER20": 0, "HOUSING20": 59, "POP20": 130, "DISTRICT": "Secondary", "block_of_residence": "060971514032023", "students": 1, "residents": 1, "INTPTLAT20": 38.403875066436463, "INTPTLON20": -122.68638757930975 }, "geometry": { "type": "Polygon", "coordinates": [ [ [ -122.677312329800998, 38.415102976744002 ], [ -122.677311329199, 38.412693976425999 ], [ -122.677312329369997, 38.412543976252998 ], [ -122.677298958578589, 38.412545213212567 ], [ -122.677299, 38.412539 ], [ -122.676845, 38.412581 ], [ -122.67598, 38.412661 ], [ -122.675883239691217, 38.412679472422582 ], [ -122.675879329691995, 38.4123539764214 ], [ -122.675861328671004, 38.4109479762201 ], [ -122.675847328559001, 38.408926976004999 ], [ -122.675830328264993, 38.407215976248402 ], [ -122.675769328689995, 38.406337975831299 ], [ -122.675818328578004, 38.406027975927003 ], [ -122.675805328907998, 38.404722976262804 ], [ -122.675823328836003, 38.403975976366503 ], [ -122.675799328026997, 38.403701976040203 ], [ -122.675777328422996, 38.401787975412397 ], [ -122.675768328510003, 38.401266976030698 ], [ -122.675763327742999, 38.400864976036601 ], [ -122.675755327640005, 38.400079975529998 ], [ -122.675707327162996, 38.397009975693202 ], [ -122.675707327035994, 38.396501975050597 ], [ -122.675730326849006, 38.3922109747921 ], [ -122.675741327029996, 38.389898974783399 ], [ -122.675745326997003, 38.3897639747399 ], [ -122.674436325645999, 38.388676974671199 ], [ -122.674232326554005, 38.388509974578199 ], [ -122.674223783909866, 38.38850251236687 ], [ -122.674344, 38.38844 ], [ -122.674344, 38.388396 ], [ -122.674415, 38.388353 ], [ -122.674659, 38.388203 ], [ -122.675217, 38.387929 ], [ -122.675405, 38.387863 ], [ -122.675742, 38.387873 ], [ -122.675799, 38.387877 ], [ -122.675856, 38.387877 ], [ -122.67595, 38.38788 ], [ -122.676173, 38.387825 ], [ -122.676418, 38.387671 ], [ -122.676802, 38.387248 ], [ -122.676867, 38.387088 ], [ -122.676927, 38.386946 ], [ -122.677172, 38.3866 ], [ -122.677402, 38.386407 ], [ -122.677625, 38.386341 ], [ -122.67817, 38.38638 ], [ -122.678484, 38.386561 ], [ -122.678812, 38.38688 ], [ -122.679077, 38.386918 ], [ -122.680508, 38.386523 ], [ -122.680941, 38.386276 ], [ -122.681311, 38.386001 ], [ -122.681458, 38.385984 ], [ -122.68203, 38.385919 ], [ -122.682288, 38.385853 ], [ -122.682567, 38.38577 ], [ -122.682553, 38.385727 ], [ -122.683021, 38.385551 ], [ -122.68344, 38.385672 ], [ -122.683998, 38.385617 ], [ -122.684264, 38.385479 ], [ -122.684682, 38.385342 ], [ -122.685115, 38.385056 ], [ -122.685743, 38.385045 ], [ -122.685939, 38.385001 ], [ -122.686253, 38.384809 ], [ -122.686672, 38.384727 ], [ -122.686902, 38.384589 ], [ -122.687119, 38.384141 ], [ -122.687155, 38.384192 ], [ -122.687263, 38.384348 ], [ -122.687299, 38.384401 ], [ -122.687491, 38.384682 ], [ -122.688069, 38.385525 ], [ -122.688262, 38.385807 ], [ -122.688514, 38.386182 ], [ -122.688755, 38.386541 ], [ -122.689182, 38.387158 ], [ -122.68928, 38.387303 ], [ -122.689534, 38.387679 ], [ -122.689992, 38.388347 ], [ -122.69044, 38.38901 ], [ -122.690674, 38.38935 ], [ -122.691074, 38.38993 ], [ -122.691461, 38.390489 ], [ -122.69181, 38.391045 ], [ -122.691874, 38.39116 ], [ -122.691974, 38.391369 ], [ -122.692119, 38.391721 ], [ -122.692195, 38.391946 ], [ -122.692235, 38.392068 ], [ -122.692311, 38.392373 ], [ -122.69255, 38.393466 ], [ -122.692582, 38.393608 ], [ -122.692644, 38.393889 ], [ -122.692681, 38.394022 ], [ -122.692743, 38.394215 ], [ -122.692769, 38.394287 ], [ -122.6929, 38.394598 ], [ -122.692962, 38.394722 ], [ -122.69304, 38.394864 ], [ -122.693163, 38.395086 ], [ -122.694035, 38.396627 ], [ -122.694227, 38.396979 ], [ -122.694333, 38.397209 ], [ -122.694404, 38.397377 ], [ -122.694715, 38.398188 ], [ -122.694985, 38.398865 ], [ -122.695108, 38.39912 ], [ -122.695173, 38.399237 ], [ -122.695269, 38.399393 ], [ -122.695395, 38.399596 ], [ -122.695709, 38.400076 ], [ -122.695843, 38.400293 ], [ -122.69641, 38.40117 ], [ -122.696745, 38.401686 ], [ -122.696892, 38.401923 ], [ -122.697065, 38.402182 ], [ -122.697774, 38.403279 ], [ -122.697955, 38.403543 ], [ -122.698079, 38.403718 ], [ -122.698297, 38.404052 ], [ -122.698383, 38.404201 ], [ -122.698502, 38.404378 ], [ -122.69891, 38.404948 ], [ -122.699052, 38.405129 ], [ -122.699303, 38.405425 ], [ -122.699686, 38.405869 ], [ -122.699977, 38.40624 ], [ -122.70048, 38.406844 ], [ -122.700627, 38.407006 ], [ -122.700999, 38.407443 ], [ -122.701127, 38.407602 ], [ -122.701737, 38.408318 ], [ -122.701879, 38.408467 ], [ -122.702136, 38.408724 ], [ -122.702315, 38.408893 ], [ -122.702521, 38.409087 ], [ -122.702899, 38.409447 ], [ -122.703492, 38.410013 ], [ -122.703608, 38.410131 ], [ -122.703792, 38.410335 ], [ -122.703895, 38.41046 ], [ -122.703978, 38.41058 ], [ -122.70402, 38.410641 ], [ -122.704075, 38.410735 ], [ -122.70417, 38.410926 ], [ -122.704216, 38.411044 ], [ -122.704249, 38.411141 ], [ -122.704263, 38.411191 ], [ -122.70431, 38.411358 ], [ -122.704342, 38.41153 ], [ -122.704355, 38.411647 ], [ -122.704361, 38.411691 ], [ -122.704367, 38.411802 ], [ -122.704315, 38.41229 ], [ -122.704297, 38.412517 ], [ -122.700571, 38.412438 ], [ -122.699959, 38.412419 ], [ -122.699545, 38.412418 ], [ -122.698805, 38.412411 ], [ -122.698197, 38.412424 ], [ -122.698103, 38.41243 ], [ -122.69813, 38.411714 ], [ -122.696716, 38.411687 ], [ -122.695005, 38.411654 ], [ -122.695005, 38.414212 ], [ -122.696717, 38.414205 ], [ -122.697789, 38.414201 ], [ -122.697794, 38.41434 ], [ -122.697801, 38.416478 ], [ -122.697631, 38.416479 ], [ -122.69726, 38.416484 ], [ -122.696828, 38.416477 ], [ -122.696536, 38.416485 ], [ -122.696319, 38.41651 ], [ -122.696072, 38.416577 ], [ -122.695873, 38.416657 ], [ -122.695301, 38.416986 ], [ -122.694918, 38.417233 ], [ -122.694806, 38.417288 ], [ -122.694746, 38.41731 ], [ -122.69462, 38.417341 ], [ -122.694489, 38.417355 ], [ -122.694316, 38.41736 ], [ -122.693908, 38.417363 ], [ -122.693393, 38.417414 ], [ -122.693251, 38.417422 ], [ -122.692958, 38.417412 ], [ -122.692834, 38.417393 ], [ -122.692673, 38.417351 ], [ -122.692465, 38.417288 ], [ -122.69218, 38.41719 ], [ -122.692, 38.417111 ], [ -122.691838, 38.41703 ], [ -122.691508, 38.416829 ], [ -122.691437, 38.41676 ], [ -122.691359, 38.416676 ], [ -122.691288, 38.416598 ], [ -122.691107, 38.41643 ], [ -122.691053, 38.416394 ], [ -122.690681, 38.416219 ], [ -122.690395, 38.416124 ], [ -122.690176, 38.416058 ], [ -122.690144, 38.416051 ], [ -122.690089, 38.416172 ], [ -122.690056, 38.41623 ], [ -122.689913, 38.416509 ], [ -122.68759, 38.416509 ], [ -122.687317, 38.41652 ], [ -122.68642, 38.41652 ], [ -122.686333, 38.416532 ], [ -122.685991, 38.416542 ], [ -122.686051, 38.419881 ], [ -122.686046, 38.420077 ], [ -122.690485, 38.420175 ], [ -122.690485, 38.420186 ], [ -122.690471, 38.420627 ], [ -122.690467, 38.42074 ], [ -122.690464, 38.421192 ], [ -122.690463, 38.421296 ], [ -122.690461, 38.421706 ], [ -122.690461, 38.421742 ], [ -122.690421, 38.421742 ], [ -122.689941, 38.421737 ], [ -122.689928, 38.421826 ], [ -122.689872, 38.422027 ], [ -122.689855, 38.422246 ], [ -122.689858, 38.422549 ], [ -122.689839, 38.423726 ], [ -122.685737, 38.423736 ], [ -122.685061, 38.423742 ], [ -122.684839, 38.423735 ], [ -122.68454, 38.423128 ], [ -122.684133, 38.422816 ], [ -122.68374, 38.422516 ], [ -122.683283, 38.422167 ], [ -122.682948, 38.421821 ], [ -122.682515, 38.421491 ], [ -122.682424, 38.42137 ], [ -122.682341, 38.421041 ], [ -122.681936, 38.420596 ], [ -122.681761, 38.4202 ], [ -122.681328, 38.419827 ], [ -122.681293, 38.419733 ], [ -122.681086, 38.419549 ], [ -122.680923, 38.419403 ], [ -122.680295, 38.419002 ], [ -122.679918, 38.41859 ], [ -122.679115, 38.417625 ], [ -122.67892, 38.417354 ], [ -122.677312329792031, 38.415116551518075 ], [ -122.677312329800998, 38.415102976744002 ] ] ] } },
{ "type": "Feature", "properties": { "STATEFP20": "06", "COUNTYFP20": "097", "TRACTCE20": "151403", "BLOCKCE20": "2024", "GEOID20": "060971514032024", "GEOIDFQ20": "1000000US060971514032024", "NAME20": "Block2024", "MTFCC20": "G5040", "UR20": "U", "UACE20": "79498", "FUNCSTAT20": "S", "ALAND20": 42119, "AWATER20": 0, "HOUSING20": 27, "POP20": 69, "DISTRICT": "Secondary", "block_of_residence": "060971514032024", "students": 4, "residents": 4, "INTPTLAT20": 38.417437108035877, "INTPTLON20": -122.69917545423583 }, "geometry": { "type": "Polygon", "coordinates": [ [ [ -122.701618, 38.417603 ], [ -122.701346, 38.417699 ], [ -122.701127, 38.417771 ], [ -122.70093, 38.417813 ], [ -122.700793, 38.417824 ], [ -122.700643, 38.417836 ], [ -122.700157, 38.417827 ], [ -122.699894, 38.41782 ], [ -122.699822, 38.417832 ], [ -122.69973, 38.417855 ], [ -122.69936, 38.417985 ], [ -122.698725, 38.418207 ], [ -122.698172, 38.4184 ], [ -122.69814, 38.418408 ], [ -122.698099, 38.418419 ], [ -122.69798, 38.418436 ], [ -122.697863, 38.418446 ], [ -122.697588, 38.418448 ], [ -122.697646, 38.41806 ], [ -122.697644, 38.417865 ], [ -122.697632, 38.416566 ], [ -122.697646, 38.416555 ], [ -122.697631, 38.416479 ], [ -122.697801, 38.416478 ], [ -122.698282, 38.416476 ], [ -122.698637, 38.416476 ], [ -122.698713, 38.416475 ], [ -122.698942, 38.416473 ], [ -122.699019, 38.416473 ], [ -122.699034, 38.41654 ], [ -122.699081, 38.416744 ], [ -122.699097, 38.416812 ], [ -122.699296, 38.417343 ], [ -122.699854, 38.417206 ], [ -122.700238, 38.417217 ], [ -122.700321, 38.417311 ], [ -122.700399, 38.417398 ], [ -122.700713, 38.417491 ], [ -122.701063, 38.417436 ], [ -122.70167, 38.417107 ], [ -122.70181, 38.416931 ], [ -122.701914, 38.416904 ], [ -122.702194, 38.416931 ], [ -122.702423, 38.417157 ], [ -122.701896, 38.417485 ], [ -122.701769, 38.417545 ], [ -122.701618, 38.417603 ] ] ] } },
{ "type": "Feature", "properties": { "STATEFP20": "06", "COUNTYFP20": "097", "TRACTCE20": "151403", "BLOCKCE20": "2025", "GEOID20": "060971514032025", "GEOIDFQ20": "1000000US060971514032025", "NAME20": "Block2025", "MTFCC20": "G5040", "UR20": "U", "UACE20": "79498", "FUNCSTAT20": "S", "ALAND20": 274744, "AWATER20": 0, "HOUSING20": 34, "POP20": 79, "DISTRICT": "Secondary", "block_of_residence": "060971514032025", "students": 1, "residents": 1, "INTPTLAT20": 38.418229466292324, "INTPTLON20": -122.69060650341851 }, "geometry": { "type": "Polygon", "coordinates": [ [ [ -122.697588, 38.418448 ], [ -122.695666, 38.418441 ], [ -122.695475, 38.41844 ], [ -122.695419, 38.418455 ], [ -122.693274, 38.418039 ], [ -122.692861, 38.417899 ], [ -122.692383, 38.417713 ], [ -122.692139, 38.417594 ], [ -122.691548, 38.417333 ], [ -122.691404, 38.417275 ], [ -122.691229, 38.417504 ], [ -122.69106, 38.417702 ], [ -122.690994, 38.417881 ], [ -122.690956, 38.418154 ], [ -122.690966, 38.418324 ], [ -122.691107, 38.418342 ], [ -122.691455, 38.418361 ], [ -122.691825, 38.418385 ], [ -122.691684, 38.419961 ], [ -122.692425, 38.420024 ], [ -122.6928, 38.420036 ], [ -122.692951, 38.420045 ], [ -122.69308, 38.420043 ], [ -122.693082, 38.420351 ], [ -122.693075, 38.420664 ], [ -122.692545, 38.420658 ], [ -122.692376, 38.420656 ], [ -122.692284, 38.420697 ], [ -122.692231, 38.420767 ], [ -122.692223, 38.420878 ], [ -122.692214, 38.421 ], [ -122.692206, 38.421476 ], [ -122.692195, 38.421763 ], [ -122.691817, 38.421758 ], [ -122.691807, 38.421716 ], [ -122.691807, 38.421669 ], [ -122.69182, 38.421297 ], [ -122.691825, 38.420354 ], [ -122.692044, 38.42035 ], [ -122.692418, 38.42035 ], [ -122.692812, 38.420351 ], [ -122.692932, 38.42023 ], [ -122.690485, 38.420175 ], [ -122.686046, 38.420077 ], [ -122.686051, 38.419881 ], [ -122.685991, 38.416542 ], [ -122.686333, 38.416532 ], [ -122.68642, 38.41652 ], [ -122.687317, 38.41652 ], [ -122.68759, 38.416509 ], [ -122.689913, 38.416509 ], [ -122.690056, 38.41623 ], [ -122.690089, 38.416172 ], [ -122.690144, 38.416051 ], [ -122.690176, 38.416058 ], [ -122.690395, 38.416124 ], [ -122.690681, 38.416219 ], [ -122.691053, 38.416394 ], [ -122.691107, 38.41643 ], [ -122.691288, 38.416598 ], [ -122.691359, 38.416676 ], [ -122.691437, 38.41676 ], [ -122.691508, 38.416829 ], [ -122.691838, 38.41703 ], [ -122.692, 38.417111 ], [ -122.69218, 38.41719 ], [ -122.692465, 38.417288 ], [ -122.692673, 38.417351 ], [ -122.692834, 38.417393 ], [ -122.692958, 38.417412 ], [ -122.693251, 38.417422 ], [ -122.693393, 38.417414 ], [ -122.693908, 38.417363 ], [ -122.694316, 38.41736 ], [ -122.694489, 38.417355 ], [ -122.69462, 38.417341 ], [ -122.694746, 38.41731 ], [ -122.694806, 38.417288 ], [ -122.694918, 38.417233 ], [ -122.695301, 38.416986 ], [ -122.695873, 38.416657 ], [ -122.696072, 38.416577 ], [ -122.696319, 38.41651 ], [ -122.696536, 38.416485 ], [ -122.696828, 38.416477 ], [ -122.69726, 38.416484 ], [ -122.697631, 38.416479 ], [ -122.697646, 38.416555 ], [ -122.697632, 38.416566 ], [ -122.697644, 38.417865 ], [ -122.697646, 38.41806 ], [ -122.697588, 38.418448 ] ] ] } },
{ "type": "Feature", "properties": { "STATEFP20": "06", "COUNTYFP20": "097", "TRACTCE20": "151403", "BLOCKCE20": "2026", "GEOID20": "060971514032026", "GEOIDFQ20": "1000000US060971514032026", "NAME20": "Block2026", "MTFCC20": "G5040", "UR20": "U", "UACE20": "79498", "FUNCSTAT20": "S", "ALAND20": 323741, "AWATER20": 0, "HOUSING20": 98, "POP20": 64, "DISTRICT": "Secondary", "block_of_residence": "060971514032026", "students": 3, "residents": 6, "INTPTLAT20": 38.414134984550408, "INTPTLON20": -122.70002787471648 }, "geometry": { "type": "Polygon", "coordinates": [ [ [ -122.704253, 38.41496 ], [ -122.704256, 38.415371 ], [ -122.70425, 38.41575 ], [ -122.704259, 38.416158 ], [ -122.704259, 38.416485 ], [ -122.704144, 38.416475 ], [ -122.703648, 38.416473 ], [ -122.703563, 38.416505 ], [ -122.703488, 38.416534 ], [ -122.703228, 38.416653 ], [ -122.702844, 38.416895 ], [ -122.702231, 38.41627 ], [ -122.701786, 38.416465 ], [ -122.701754, 38.416471 ], [ -122.701428, 38.416467 ], [ -122.701167, 38.416464 ], [ -122.700737, 38.416459 ], [ -122.700406, 38.416456 ], [ -122.700387, 38.416456 ], [ -122.700033, 38.416458 ], [ -122.699925, 38.416459 ], [ -122.699901, 38.416459 ], [ -122.699784, 38.416461 ], [ -122.699448, 38.416466 ], [ -122.699223, 38.416471 ], [ -122.699019, 38.416473 ], [ -122.698942, 38.416473 ], [ -122.698713, 38.416475 ], [ -122.698637, 38.416476 ], [ -122.698282, 38.416476 ], [ -122.697801, 38.416478 ], [ -122.697794, 38.41434 ], [ -122.697789, 38.414201 ], [ -122.696717, 38.414205 ], [ -122.695005, 38.414212 ], [ -122.695005, 38.411654 ], [ -122.696716, 38.411687 ], [ -122.69813, 38.411714 ], [ -122.698103, 38.41243 ], [ -122.698197, 38.412424 ], [ -122.698805, 38.412411 ], [ -122.699545, 38.412418 ], [ -122.699959, 38.412419 ], [ -122.700571, 38.412438 ], [ -122.704297, 38.412517 ], [ -122.704268, 38.412922 ], [ -122.704253, 38.413278 ], [ -122.704244, 38.414556 ], [ -122.704253, 38.41496 ] ] ] } },
{ "type": "Feature", "properties": { "STATEFP20": "06", "COUNTYFP20": "097", "TRACTCE20": "151403", "BLOCKCE20": "2027", "GEOID20": "060971514032027", "GEOIDFQ20": "1000000US060971514032027", "NAME20": "Block2027", "MTFCC20": "G5040", "UR20": "U", "UACE20": "79498", "FUNCSTAT20": "S", "ALAND20": 21798, "AWATER20": 0, "HOUSING20": 7, "POP20": 59, "DISTRICT": "Secondary", "block_of_residence": "060971514032027", "students": 0, "residents": 0, "INTPTLAT20": 38.420927604425152, "INTPTLON20": -122.69121715929604 }, "geometry": { "type": "Polygon", "coordinates": [ [ [ -122.691825, 38.420354 ], [ -122.69182, 38.421297 ], [ -122.691807, 38.421669 ], [ -122.691807, 38.421716 ], [ -122.691817, 38.421758 ], [ -122.691797, 38.421758 ], [ -122.69117, 38.42175 ], [ -122.690461, 38.421742 ], [ -122.690461, 38.421706 ], [ -122.690463, 38.421296 ], [ -122.690464, 38.421192 ], [ -122.690467, 38.42074 ], [ -122.690471, 38.420627 ], [ -122.690485, 38.420186 ], [ -122.690485, 38.420175 ], [ -122.692932, 38.42023 ], [ -122.692812, 38.420351 ], [ -122.692418, 38.42035 ], [ -122.692044, 38.42035 ], [ -122.691825, 38.420354 ] ] ] } },
{ "type": "Feature", "properties": { "STATEFP20": "06", "COUNTYFP20": "097", "TRACTCE20": "151403", "BLOCKCE20": "2028", "GEOID20": "060971514032028", "GEOIDFQ20": "1000000US060971514032028", "NAME20": "Block2028", "MTFCC20": "G5040", "UR20": "U", "UACE20": "79498", "FUNCSTAT20": "S", "ALAND20": 11375, "AWATER20": 0, "HOUSING20": 20, "POP20": 42, "DISTRICT": "Secondary", "block_of_residence": "060971514032028", "students": 2, "residents": 3, "INTPTLAT20": 38.419210825281368, "INTPTLON20": -122.69212582893221 }, "geometry": { "type": "Polygon", "coordinates": [ [ [ -122.692425, 38.420024 ], [ -122.691684, 38.419961 ], [ -122.691825, 38.418385 ], [ -122.692106, 38.418419 ], [ -122.69241, 38.41846 ], [ -122.6926, 38.41851 ], [ -122.692562, 38.418696 ], [ -122.692512, 38.418965 ], [ -122.692468, 38.419653 ], [ -122.692425, 38.420024 ] ] ] } },
{ "type": "Feature", "properties": { "STATEFP20": "06", "COUNTYFP20": "097", "TRACTCE20": "151403", "BLOCKCE20": "2029", "GEOID20": "060971514032029", "GEOIDFQ20": "1000000US060971514032029", "NAME20": "Block2029", "MTFCC20": "G5040", "UR20": "U", "UACE20": "79498", "FUNCSTAT20": "S", "ALAND20": 10321, "AWATER20": 0, "HOUSING20": 17, "POP20": 53, "DISTRICT": "Secondary", "block_of_residence": "060971514032029", "students": 0, "residents": 1, "INTPTLAT20": 38.418721318861408, "INTPTLON20": -122.69662387816646 }, "geometry": { "type": "Polygon", "coordinates": [ [ [ -122.697588, 38.418448 ], [ -122.697585, 38.419 ], [ -122.69566, 38.418996 ], [ -122.695666, 38.418441 ], [ -122.697588, 38.418448 ] ] ] } },
{ "type": "Feature", "properties": { "STATEFP20": "06", "COUNTYFP20": "097", "TRACTCE20": "151403", "BLOCKCE20": "2030", "GEOID20": "060971514032030", "GEOIDFQ20": "1000000US060971514032030", "NAME20": "Block2030", "MTFCC20": "G5040", "UR20": "U", "UACE20": "79498", "FUNCSTAT20": "S", "ALAND20": 9138, "AWATER20": 0, "HOUSING20": 11, "POP20": 45, "DISTRICT": "Secondary", "block_of_residence": "060971514032030", "students": 1, "residents": 3, "INTPTLAT20": 38.419311782739655, "INTPTLON20": -122.69281348240524 }, "geometry": { "type": "Polygon", "coordinates": [ [ [ -122.692951, 38.420045 ], [ -122.6928, 38.420036 ], [ -122.692425, 38.420024 ], [ -122.692468, 38.419653 ], [ -122.692512, 38.418965 ], [ -122.692562, 38.418696 ], [ -122.6926, 38.41851 ], [ -122.69277, 38.418559 ], [ -122.692911, 38.418582 ], [ -122.693176, 38.418608 ], [ -122.693127, 38.419609 ], [ -122.693104, 38.419803 ], [ -122.69308, 38.420043 ], [ -122.692951, 38.420045 ] ] ] } },
{ "type": "Feature", "properties": { "STATEFP20": "06", "COUNTYFP20": "097", "TRACTCE20": "151403", "BLOCKCE20": "2031", "GEOID20": "060971514032031", "GEOIDFQ20": "1000000US060971514032031", "NAME20": "Block2031", "MTFCC20": "G5040", "UR20": "U", "UACE20": "79498", "FUNCSTAT20": "S", "ALAND20": 43425, "AWATER20": 0, "HOUSING20": 7, "POP20": 25, "DISTRICT": "Secondary", "block_of_residence": "060971514032031", "students": 0, "residents": 0, "INTPTLAT20": 38.419160086773353, "INTPTLON20": -122.69435738797424 }, "geometry": { "type": "Polygon", "coordinates": [ [ [ -122.695416, 38.420058 ], [ -122.693399, 38.420045 ], [ -122.693267, 38.420042 ], [ -122.69308, 38.420043 ], [ -122.693104, 38.419803 ], [ -122.693127, 38.419609 ], [ -122.693176, 38.418608 ], [ -122.693274, 38.418039 ], [ -122.695419, 38.418455 ], [ -122.695475, 38.41844 ], [ -122.695666, 38.418441 ], [ -122.69566, 38.418996 ], [ -122.695654, 38.41952 ], [ -122.695649, 38.420059 ], [ -122.695416, 38.420058 ] ] ] } },
{ "type": "Feature", "properties": { "STATEFP20": "06", "COUNTYFP20": "097", "TRACTCE20": "151403", "BLOCKCE20": "2032", "GEOID20": "060971514032032", "GEOIDFQ20": "1000000US060971514032032", "NAME20": "Block2032", "MTFCC20": "G5040", "UR20": "U", "UACE20": "79498", "FUNCSTAT20": "S", "ALAND20": 8469, "AWATER20": 0, "HOUSING20": 12, "POP20": 36, "DISTRICT": "Secondary", "block_of_residence": "060971514032032", "students": 0, "residents": 0, "INTPTLAT20": 38.417878498018581, "INTPTLON20": -122.6914949350093 }, "geometry": { "type": "Polygon", "coordinates": [ [ [ -122.691844, 38.418244 ], [ -122.691825, 38.418385 ], [ -122.691455, 38.418361 ], [ -122.691107, 38.418342 ], [ -122.690966, 38.418324 ], [ -122.690956, 38.418154 ], [ -122.690994, 38.417881 ], [ -122.69106, 38.417702 ], [ -122.691229, 38.417504 ], [ -122.691404, 38.417275 ], [ -122.691548, 38.417333 ], [ -122.692139, 38.417594 ], [ -122.692038, 38.417754 ], [ -122.691943, 38.417906 ], [ -122.691878, 38.418032 ], [ -122.691844, 38.418244 ] ] ] } },
{ "type": "Feature", "properties": { "STATEFP20": "06", "COUNTYFP20": "097", "TRACTCE20": "151403", "BLOCKCE20": "2033", "GEOID20": "060971514032033", "GEOIDFQ20": "1000000US060971514032033", "NAME20": "Block2033", "MTFCC20": "G5040", "UR20": "U", "UACE20": "79498", "FUNCSTAT20": "S", "ALAND20": 9015, "AWATER20": 0, "HOUSING20": 8, "POP20": 27, "DISTRICT": "Secondary", "block_of_residence": "060971514032033", "students": 0, "residents": 0, "INTPTLAT20": 38.418152396439936, "INTPTLON20": -122.69254059843966 }, "geometry": { "type": "Polygon", "coordinates": [ [ [ -122.6926, 38.41851 ], [ -122.69241, 38.41846 ], [ -122.692106, 38.418419 ], [ -122.691825, 38.418385 ], [ -122.691844, 38.418244 ], [ -122.691878, 38.418032 ], [ -122.691943, 38.417906 ], [ -122.692038, 38.417754 ], [ -122.692139, 38.417594 ], [ -122.692383, 38.417713 ], [ -122.692861, 38.417899 ], [ -122.693274, 38.418039 ], [ -122.693176, 38.418608 ], [ -122.692911, 38.418582 ], [ -122.69277, 38.418559 ], [ -122.6926, 38.41851 ] ] ] } },
{ "type": "Feature", "properties": { "STATEFP20": "06", "COUNTYFP20": "097", "TRACTCE20": "151403", "BLOCKCE20": "2034", "GEOID20": "060971514032034", "GEOIDFQ20": "1000000US060971514032034", "NAME20": "Block2034", "MTFCC20": "G5040", "UR20": "U", "UACE20": "79498", "FUNCSTAT20": "S", "ALAND20": 9054, "AWATER20": 0, "HOUSING20": 9, "POP20": 29, "DISTRICT": "Secondary", "block_of_residence": "060971514032034", "students": 0, "residents": 0, "INTPTLAT20": 38.421213905526507, "INTPTLON20": -122.69263940748525 }, "geometry": { "type": "Polygon", "coordinates": [ [ [ -122.692954, 38.421767 ], [ -122.692919, 38.421765 ], [ -122.692856, 38.421769 ], [ -122.692677, 38.421764 ], [ -122.692195, 38.421763 ], [ -122.692206, 38.421476 ], [ -122.692214, 38.421 ], [ -122.692223, 38.420878 ], [ -122.692231, 38.420767 ], [ -122.692284, 38.420697 ], [ -122.692376, 38.420656 ], [ -122.692545, 38.420658 ], [ -122.693075, 38.420664 ], [ -122.693073, 38.421285 ], [ -122.693013, 38.421803 ], [ -122.692989, 38.421783 ], [ -122.692954, 38.421767 ] ] ] } },
{ "type": "Feature", "properties": { "STATEFP20": "06", "COUNTYFP20": "097", "TRACTCE20": "151403", "BLOCKCE20": "2035", "GEOID20": "060971514032035", "GEOIDFQ20": "1000000US060971514032035", "NAME20": "Block2035", "MTFCC20": "G5040", "UR20": "R", "UACE20": null, "FUNCSTAT20": "S", "ALAND20": 1158887, "AWATER20": 0, "HOUSING20": 3, "POP20": 12, "DISTRICT": "Secondary", "block_of_residence": "060971514032035", "students": 0, "residents": 0, "INTPTLAT20": 38.393073239609834, "INTPTLON20": -122.67025764090712 }, "geometry": { "type": "Polygon", "coordinates": [ [ [ -122.666352324840005, 38.387640975886598 ], [ -122.666339896586635, 38.387640849718636 ], [ -122.666339, 38.387636 ], [ -122.673286, 38.38769 ], [ -122.673291627112206, 38.387694915430266 ], [ -122.666352324840005, 38.387640975886598 ] ] ] } },
{ "type": "Feature", "properties": { "STATEFP20": "06", "COUNTYFP20": "097", "TRACTCE20": "151403", "BLOCKCE20": "2036", "GEOID20": "060971514032036", "GEOIDFQ20": "1000000US060971514032036", "NAME20": "Block2036", "MTFCC20": "G5040", "UR20": "R", "UACE20": null, "FUNCSTAT20": "S", "ALAND20": 668165, "AWATER20": 0, "HOUSING20": 9, "POP20": 27, "DISTRICT": "Secondary", "block_of_residence": "060971514032036", "students": 0, "residents": 0, "INTPTLAT20": 38.385253719194033, "INTPTLON20": -122.67264905007943 }, "geometry": { "type": "Polygon", "coordinates": [ [ [ -122.673299325767005, 38.387694975272296 ], [ -122.673291627112206, 38.387694915430266 ], [ -122.673286, 38.38769 ], [ -122.666339, 38.387636 ], [ -122.666308, 38.387461 ], [ -122.666253, 38.387356 ], [ -122.666181, 38.387265 ], [ -122.666064, 38.387118 ], [ -122.665318, 38.386181 ], [ -122.665281, 38.386135 ], [ -122.665001, 38.385856 ], [ -122.664671, 38.385551 ], [ -122.664472, 38.385387 ], [ -122.664293, 38.385242 ], [ -122.664048, 38.38511 ], [ -122.663829, 38.385037 ], [ -122.663642, 38.384947 ], [ -122.663461, 38.384836 ], [ -122.663426, 38.384798 ], [ -122.663399, 38.384757 ], [ -122.663372, 38.384693 ], [ -122.663363, 38.384625 ], [ -122.663387, 38.384452 ], [ -122.663401, 38.38436 ], [ -122.663464, 38.384206 ], [ -122.6635, 38.384163 ], [ -122.663542, 38.384137 ], [ -122.663562, 38.384128 ], [ -122.663606, 38.384117 ], [ -122.66367, 38.384117 ], [ -122.663978, 38.384197 ], [ -122.664206, 38.384262 ], [ -122.664228, 38.384271 ], [ -122.664292, 38.384286 ], [ -122.664358, 38.384288 ], [ -122.66443, 38.384273 ], [ -122.664482, 38.384248 ], [ -122.66464, 38.384102 ], [ -122.664694, 38.384078 ], [ -122.664755, 38.384066 ], [ -122.664817, 38.384068 ], [ -122.664912, 38.384094 ], [ -122.665032, 38.384132 ], [ -122.665388, 38.384337 ], [ -122.665669, 38.384416 ], [ -122.665808, 38.38444 ], [ -122.665836, 38.384445 ], [ -122.666007, 38.384461 ], [ -122.666254, 38.384465 ], [ -122.666301, 38.384455 ], [ -122.666433, 38.384428 ], [ -122.6668, 38.384285 ], [ -122.667032, 38.38421 ], [ -122.667375, 38.384106 ], [ -122.667455, 38.384065 ], [ -122.667614, 38.383985 ], [ -122.667634, 38.383962 ], [ -122.667654, 38.383919 ], [ -122.667658, 38.383885 ], [ -122.667649, 38.38384 ], [ -122.667587, 38.383764 ], [ -122.667443, 38.383602 ], [ -122.667371, 38.383439 ], [ -122.667375, 38.383294 ], [ -122.667411, 38.382989 ], [ -122.667419, 38.382958 ], [ -122.667436, 38.382887 ], [ -122.667433, 38.382869 ], [ -122.667437, 38.382831 ], [ -122.66745, 38.382809 ], [ -122.66748, 38.382782 ], [ -122.667522, 38.382767 ], [ -122.667545, 38.382765 ], [ -122.667693, 38.382795 ], [ -122.667791, 38.382824 ], [ -122.668184, 38.382824 ], [ -122.668462, 38.382833 ], [ -122.668542, 38.382824 ], [ -122.668609, 38.382801 ], [ -122.668666, 38.382766 ], [ -122.668693, 38.38273 ], [ -122.668747, 38.382653 ], [ -122.668789, 38.382497 ], [ -122.668782, 38.382445 ], [ -122.66876, 38.382402 ], [ -122.668721, 38.382363 ], [ -122.668664, 38.382331 ], [ -122.668591, 38.382294 ], [ -122.668512, 38.382239 ], [ -122.668499, 38.382199 ], [ -122.668505, 38.382164 ], [ -122.668526, 38.38213 ], [ -122.668561, 38.382105 ], [ -122.668726, 38.382094 ], [ -122.668788, 38.382096 ], [ -122.668885, 38.38211 ], [ -122.668975, 38.382137 ], [ -122.669072, 38.382185 ], [ -122.6691, 38.382206 ], [ -122.66917, 38.382275 ], [ -122.669251, 38.382335 ], [ -122.669439, 38.38244 ], [ -122.669548, 38.382506 ], [ -122.669613, 38.382561 ], [ -122.669854, 38.382837 ], [ -122.669897, 38.382889 ], [ -122.669936, 38.382919 ], [ -122.669982, 38.382935 ], [ -122.670043, 38.382935 ], [ -122.670081, 38.38292 ], [ -122.670117, 38.382903 ], [ -122.670243, 38.382788 ], [ -122.670441, 38.382618 ], [ -122.670463, 38.382599 ], [ -122.670598, 38.382515 ], [ -122.670762, 38.382435 ], [ -122.670916, 38.382377 ], [ -122.670938, 38.38237 ], [ -122.671221, 38.382319 ], [ -122.671499, 38.382297 ], [ -122.671681, 38.382295 ], [ -122.671753, 38.382303 ], [ -122.671843, 38.382314 ], [ -122.672326, 38.382404 ], [ -122.672706, 38.382425 ], [ -122.672802, 38.382444 ], [ -122.672878, 38.382465 ], [ -122.673247, 38.382569 ], [ -122.673511, 38.382637 ], [ -122.67365, 38.382669 ], [ -122.673958, 38.382764 ], [ -122.674164, 38.382859 ], [ -122.674378, 38.382965 ], [ -122.674442, 38.382996 ], [ -122.674696, 38.383136 ], [ -122.674955, 38.383337 ], [ -122.675057, 38.383441 ], [ -122.675277, 38.383654 ], [ -122.675596, 38.383972 ], [ -122.675783, 38.384149 ], [ -122.675963, 38.384311 ], [ -122.675999, 38.384332 ], [ -122.67602, 38.384341 ], [ -122.676072, 38.384352 ], [ -122.676133, 38.384353 ], [ -122.676199, 38.384337 ], [ -122.67623, 38.384319 ], [ -122.67632, 38.384237 ], [ -122.676403, 38.384128 ], [ -122.676437, 38.384076 ], [ -122.676494, 38.383962 ], [ -122.676543, 38.383756 ], [ -122.676546, 38.38365 ], [ -122.676551, 38.383572 ], [ -122.676575, 38.383482 ], [ -122.676615, 38.383408 ], [ -122.676767, 38.383237 ], [ -122.676814, 38.383141 ], [ -122.676827, 38.383102 ], [ -122.676911, 38.382846 ], [ -122.677099, 38.382488 ], [ -122.677164, 38.382385 ], [ -122.677257, 38.382305 ], [ -122.677276, 38.382294 ], [ -122.677342, 38.382277 ], [ -122.677429, 38.382277 ], [ -122.677492, 38.382293 ], [ -122.677615, 38.382383 ], [ -122.677737, 38.382519 ], [ -122.677949, 38.382798 ], [ -122.678069, 38.382982 ], [ -122.678104, 38.383024 ], [ -122.678154, 38.383074 ], [ -122.678222, 38.383131 ], [ -122.678424, 38.383222 ], [ -122.678518, 38.383273 ], [ -122.678599, 38.383336 ], [ -122.678628, 38.383367 ], [ -122.678803, 38.383527 ], [ -122.678846, 38.383552 ], [ -122.678934, 38.383586 ], [ -122.679158, 38.383637 ], [ -122.679411, 38.383676 ], [ -122.679692, 38.383703 ], [ -122.679821, 38.383724 ], [ -122.679885, 38.383741 ], [ -122.680005, 38.383786 ], [ -122.680061, 38.383815 ], [ -122.680107, 38.383847 ], [ -122.680183, 38.383902 ], [ -122.680423, 38.384092 ], [ -122.68109, 38.38462 ], [ -122.681419, 38.384905 ], [ -122.681449, 38.384919 ], [ -122.681482, 38.384929 ], [ -122.681551, 38.384937 ], [ -122.681622, 38.384927 ], [ -122.681609, 38.385114 ], [ -122.681612, 38.385274 ], [ -122.681602, 38.3856 ], [ -122.681593, 38.385694 ], [ -122.68158, 38.385742 ], [ -122.681539, 38.385836 ], [ -122.681494, 38.385904 ], [ -122.681464, 38.385966 ], [ -122.681458, 38.385984 ], [ -122.681311, 38.386001 ], [ -122.680941, 38.386276 ], [ -122.680508, 38.386523 ], [ -122.679077, 38.386918 ], [ -122.678812, 38.38688 ], [ -122.678484, 38.386561 ], [ -122.67817, 38.38638 ], [ -122.677625, 38.386341 ], [ -122.677402, 38.386407 ], [ -122.677172, 38.3866 ], [ -122.676927, 38.386946 ], [ -122.676867, 38.387088 ], [ -122.676802, 38.387248 ], [ -122.676418, 38.387671 ], [ -122.676173, 38.387825 ], [ -122.67595, 38.38788 ], [ -122.675856, 38.387877 ], [ -122.675799, 38.387877 ], [ -122.675742, 38.387873 ], [ -122.675405, 38.387863 ], [ -122.675217, 38.387929 ], [ -122.674659, 38.388203 ], [ -122.674415, 38.388353 ], [ -122.674344, 38.388396 ], [ -122.674344, 38.38844 ], [ -122.674223783909866, 38.38850251236687 ], [ -122.673299325767005, 38.387694975272296 ] ] ] } },
{ "type": "Feature", "properties": { "STATEFP20": "06", "COUNTYFP20": "097", "TRACTCE20": "151403", "BLOCKCE20": "2037", "GEOID20": "060971514032037", "GEOIDFQ20": "1000000US060971514032037", "NAME20": "Block2037", "MTFCC20": "G5040", "UR20": "R", "UACE20": null, "FUNCSTAT20": "S", "ALAND20": 164711, "AWATER20": 0, "HOUSING20": 3, "POP20": 20, "DISTRICT": "Secondary", "block_of_residence": "060971514032037", "students": 0, "residents": 0, "INTPTLAT20": 38.383567799843128, "INTPTLON20": -122.6841753282052 }, "geometry": { "type": "Polygon", "coordinates": [ [ [ -122.686253, 38.384809 ], [ -122.685939, 38.385001 ], [ -122.685743, 38.385045 ], [ -122.685115, 38.385056 ], [ -122.684682, 38.385342 ], [ -122.684264, 38.385479 ], [ -122.683998, 38.385617 ], [ -122.68344, 38.385672 ], [ -122.683021, 38.385551 ], [ -122.682553, 38.385727 ], [ -122.682567, 38.38577 ], [ -122.682288, 38.385853 ], [ -122.68203, 38.385919 ], [ -122.681458, 38.385984 ], [ -122.681464, 38.385966 ], [ -122.681494, 38.385904 ], [ -122.681539, 38.385836 ], [ -122.68158, 38.385742 ], [ -122.681593, 38.385694 ], [ -122.681602, 38.3856 ], [ -122.681612, 38.385274 ], [ -122.681609, 38.385114 ], [ -122.681622, 38.384927 ], [ -122.681658, 38.384915 ], [ -122.681714, 38.384882 ], [ -122.681751, 38.384841 ], [ -122.68178, 38.384768 ], [ -122.681786, 38.38473 ], [ -122.681781, 38.384654 ], [ -122.681732, 38.384467 ], [ -122.681713, 38.384358 ], [ -122.681704, 38.384328 ], [ -122.681701, 38.384297 ], [ -122.681712, 38.384235 ], [ -122.681727, 38.384203 ], [ -122.681764, 38.384156 ], [ -122.681892, 38.384055 ], [ -122.682552, 38.383651 ], [ -122.68263, 38.383588 ], [ -122.68269, 38.383513 ], [ -122.682732, 38.383432 ], [ -122.682756, 38.383352 ], [ -122.682754, 38.383276 ], [ -122.682621, 38.38279 ], [ -122.682614, 38.382723 ], [ -122.682619, 38.382692 ], [ -122.682645, 38.382625 ], [ -122.682752, 38.382483 ], [ -122.682856, 38.382327 ], [ -122.682887, 38.382272 ], [ -122.682912, 38.382215 ], [ -122.682949, 38.382098 ], [ -122.682972, 38.38188 ], [ -122.682974, 38.381736 ], [ -122.68297, 38.381661 ], [ -122.682927, 38.381388 ], [ -122.682923, 38.381341 ], [ -122.682927, 38.381284 ], [ -122.682945, 38.381203 ], [ -122.683005, 38.38105 ], [ -122.683147, 38.380833 ], [ -122.683367, 38.380536 ], [ -122.683848, 38.380769 ], [ -122.683912, 38.3808 ], [ -122.684093, 38.380889 ], [ -122.684361, 38.381028 ], [ -122.684607, 38.381165 ], [ -122.68483, 38.381308 ], [ -122.685081, 38.381489 ], [ -122.685214, 38.381598 ], [ -122.685345, 38.381706 ], [ -122.685497, 38.381855 ], [ -122.685597, 38.381971 ], [ -122.685789, 38.382223 ], [ -122.685913, 38.382396 ], [ -122.686293, 38.382927 ], [ -122.686597, 38.383365 ], [ -122.686822, 38.383701 ], [ -122.687061, 38.384056 ], [ -122.687119, 38.384141 ], [ -122.686902, 38.384589 ], [ -122.686672, 38.384727 ], [ -122.686253, 38.384809 ] ] ] } },
{ "type": "Feature", "properties": { "STATEFP20": "06", "COUNTYFP20": "097", "TRACTCE20": "151403", "BLOCKCE20": "2038", "GEOID20": "060971514032038", "GEOIDFQ20": "1000000US060971514032038", "NAME20": "Block2038", "MTFCC20": "G5040", "UR20": "U", "UACE20": "79498", "FUNCSTAT20": "S", "ALAND20": 10086, "AWATER20": 0, "HOUSING20": 15, "POP20": 38, "DISTRICT": "Secondary", "block_of_residence": "060971514032038", "students": 3, "residents": 3, "INTPTLAT20": 38.419791551169283, "INTPTLON20": -122.69661617809568 }, "geometry": { "type": "Polygon", "coordinates": [ [ [ -122.695654, 38.41952 ], [ -122.697434, 38.419523 ], [ -122.697581, 38.419527 ], [ -122.69758, 38.420064 ], [ -122.697079, 38.420062 ], [ -122.695649, 38.420059 ], [ -122.695654, 38.41952 ] ] ] } },
{ "type": "Feature", "properties": { "STATEFP20": "06", "COUNTYFP20": "097", "TRACTCE20": "151403", "BLOCKCE20": "2039", "GEOID20": "060971514032039", "GEOIDFQ20": "1000000US060971514032039", "NAME20": "Block2039", "MTFCC20": "G5040", "UR20": "U", "UACE20": "79498", "FUNCSTAT20": "S", "ALAND20": 9779, "AWATER20": 0, "HOUSING20": 23, "POP20": 63, "DISTRICT": "Secondary", "block_of_residence": "060971514032039", "students": 1, "residents": 4, "INTPTLAT20": 38.419259929648, "INTPTLON20": -122.69662002439284 }, "geometry": { "type": "Polygon", "coordinates": [ [ [ -122.69566, 38.418996 ], [ -122.697585, 38.419 ], [ -122.697581, 38.419527 ], [ -122.697434, 38.419523 ], [ -122.695654, 38.41952 ], [ -122.69566, 38.418996 ] ] ] } },
{ "type": "Feature", "properties": { "STATEFP20": "06", "COUNTYFP20": "097", "TRACTCE20": "151403", "BLOCKCE20": "2040", "GEOID20": "060971514032040", "GEOIDFQ20": "1000000US060971514032040", "NAME20": "Block2040", "MTFCC20": "G5040", "UR20": "U", "UACE20": "79498", "FUNCSTAT20": "S", "ALAND20": 2237, "AWATER20": 0, "HOUSING20": 7, "POP20": 28, "DISTRICT": "Secondary", "block_of_residence": "060971514032040", "students": 0, "residents": 0, "INTPTLAT20": 38.416692575737549, "INTPTLON20": -122.70014204303278 }, "geometry": { "type": "Polygon", "coordinates": [ [ [ -122.700156, 38.416924 ], [ -122.700059, 38.416927 ], [ -122.69997, 38.416927 ], [ -122.699926, 38.416927 ], [ -122.6999, 38.41692 ], [ -122.699881, 38.416893 ], [ -122.699892, 38.416756 ], [ -122.699903, 38.416626 ], [ -122.699901, 38.416494 ], [ -122.699901, 38.416459 ], [ -122.699925, 38.416459 ], [ -122.700033, 38.416458 ], [ -122.700387, 38.416456 ], [ -122.700394, 38.416877 ], [ -122.700358, 38.416917 ], [ -122.700306, 38.416926 ], [ -122.700156, 38.416924 ] ] ] } },
{ "type": "Feature", "properties": { "STATEFP20": "06", "COUNTYFP20": "097", "TRACTCE20": "151403", "BLOCKCE20": "2041", "GEOID20": "060971514032041", "GEOIDFQ20": "1000000US060971514032041", "NAME20": "Block2041", "MTFCC20": "G5040", "UR20": "U", "UACE20": "79498", "FUNCSTAT20": "S", "ALAND20": 24453, "AWATER20": 0, "HOUSING20": 62, "POP20": 107, "DISTRICT": "Secondary", "block_of_residence": "060971514032041", "students": 1, "residents": 1, "INTPTLAT20": 38.416866247556072, "INTPTLON20": -122.70085565519152 }, "geometry": { "type": "Polygon", "coordinates": [ [ [ -122.70181, 38.416931 ], [ -122.70167, 38.417107 ], [ -122.701063, 38.417436 ], [ -122.700713, 38.417491 ], [ -122.700399, 38.417398 ], [ -122.700321, 38.417311 ], [ -122.700238, 38.417217 ], [ -122.699854, 38.417206 ], [ -122.699296, 38.417343 ], [ -122.699097, 38.416812 ], [ -122.699081, 38.416744 ], [ -122.699034, 38.41654 ], [ -122.699019, 38.416473 ], [ -122.699223, 38.416471 ], [ -122.699448, 38.416466 ], [ -122.699784, 38.416461 ], [ -122.699901, 38.416459 ], [ -122.699901, 38.416494 ], [ -122.699903, 38.416626 ], [ -122.699892, 38.416756 ], [ -122.699881, 38.416893 ], [ -122.6999, 38.41692 ], [ -122.699926, 38.416927 ], [ -122.69997, 38.416927 ], [ -122.700059, 38.416927 ], [ -122.700156, 38.416924 ], [ -122.700306, 38.416926 ], [ -122.700358, 38.416917 ], [ -122.700394, 38.416877 ], [ -122.700387, 38.416456 ], [ -122.700406, 38.416456 ], [ -122.700737, 38.416459 ], [ -122.701167, 38.416464 ], [ -122.701428, 38.416467 ], [ -122.701754, 38.416471 ], [ -122.701786, 38.416465 ], [ -122.702231, 38.41627 ], [ -122.702844, 38.416895 ], [ -122.702423, 38.417157 ], [ -122.702194, 38.416931 ], [ -122.701914, 38.416904 ], [ -122.70181, 38.416931 ] ] ] } },
{ "type": "Feature", "properties": { "STATEFP20": "06", "COUNTYFP20": "097", "TRACTCE20": "151404", "BLOCKCE20": "1004", "GEOID20": "060971514041004", "GEOIDFQ20": "1000000US060971514041004", "NAME20": "Block1004", "MTFCC20": "G5040", "UR20": "U", "UACE20": "79498", "FUNCSTAT20": "S", "ALAND20": 460352, "AWATER20": 0, "HOUSING20": 3, "POP20": 37, "DISTRICT": "Elementary", "block_of_residence": "060971514041004", "students": 0, "residents": 0, "INTPTLAT20": 38.429452635756661, "INTPTLON20": -122.7004853708746 }, "geometry": { "type": "Polygon", "coordinates": [ [ [ -122.700081334252005, 38.425644976239603 ], [ -122.700013334671993, 38.425658976330297 ], [ -122.699962334179006, 38.425669975866199 ], [ -122.699814334541998, 38.425714975980299 ], [ -122.699748334028001, 38.425735976102501 ], [ -122.699711334737003, 38.425746975880202 ], [ -122.699565334696999, 38.425799975705999 ], [ -122.699565522019611, 38.425790091321645 ], [ -122.699698, 38.425742 ], [ -122.699735, 38.425731 ], [ -122.699801, 38.42571 ], [ -122.699949, 38.425665 ], [ -122.7, 38.425654 ], [ -122.700068, 38.42564 ], [ -122.700110193487149, 38.425634402904763 ], [ -122.700110193487163, 38.425634402904763 ], [ -122.700081334252005, 38.425644976239603 ] ] ] } },
{ "type": "Feature", "properties": { "STATEFP20": "06", "COUNTYFP20": "097", "TRACTCE20": "151404", "BLOCKCE20": "2000", "GEOID20": "060971514042000", "GEOIDFQ20": "1000000US060971514042000", "NAME20": "Block2000", "MTFCC20": "G5040", "UR20": "U", "UACE20": "79498", "FUNCSTAT20": "S", "ALAND20": 30342, "AWATER20": 0, "HOUSING20": 33, "POP20": 131, "DISTRICT": "Secondary", "block_of_residence": "060971514042000", "students": 11, "residents": 15, "INTPTLAT20": 38.424261938905303, "INTPTLON20": -122.7030757212934 }, "geometry": { "type": "Polygon", "coordinates": [ [ [ -122.700068, 38.42564 ], [ -122.700059, 38.425597 ], [ -122.700056, 38.425512 ], [ -122.700046, 38.425127 ], [ -122.700043, 38.424999 ], [ -122.700198, 38.424987 ], [ -122.700367, 38.424947 ], [ -122.700652, 38.424863 ], [ -122.701141, 38.42471 ], [ -122.701182, 38.424696 ], [ -122.702808, 38.424167 ], [ -122.703191, 38.424038 ], [ -122.703608, 38.423909 ], [ -122.704532, 38.423594 ], [ -122.704552, 38.423588 ], [ -122.70475, 38.423532 ], [ -122.704889, 38.423493 ], [ -122.704983, 38.42345 ], [ -122.705064, 38.423393 ], [ -122.705105, 38.42335 ], [ -122.705128, 38.423324 ], [ -122.705152, 38.423286 ], [ -122.705187, 38.423205 ], [ -122.705196, 38.423163 ], [ -122.705201, 38.423086 ], [ -122.705207, 38.422955 ], [ -122.705201, 38.422803 ], [ -122.705245, 38.422804 ], [ -122.705352, 38.422798 ], [ -122.705407, 38.422796 ], [ -122.705476, 38.422786 ], [ -122.705645, 38.422751 ], [ -122.705755, 38.422714 ], [ -122.705744, 38.422745 ], [ -122.705753, 38.422777 ], [ -122.706108, 38.423432 ], [ -122.705116, 38.423795 ], [ -122.701329, 38.425178 ], [ -122.700068, 38.42564 ] ] ] } },
{ "type": "Feature", "properties": { "STATEFP20": "06", "COUNTYFP20": "097", "TRACTCE20": "151404", "BLOCKCE20": "2001", "GEOID20": "060971514042001", "GEOIDFQ20": "1000000US060971514042001", "NAME20": "Block2001", "MTFCC20": "G5040", "UR20": "U", "UACE20": "79498", "FUNCSTAT20": "S", "ALAND20": 70922, "AWATER20": 0, "HOUSING20": 108, "POP20": 366, "DISTRICT": "Elementary", "block_of_residence": "060971514042001", "students": 28, "residents": 35, "INTPTLAT20": 38.424558031711648, "INTPTLON20": -122.70452991855856 }, "geometry": { "type": "Polygon", "coordinates": [ [ [ -122.707359335185998, 38.423000974747403 ], [ -122.706632335362997, 38.423253975517 ], [ -122.706391334645005, 38.423338975131301 ], [ -122.706121335217006, 38.4234369756417 ], [ -122.705129334706996, 38.423799975723597 ], [ -122.701342335185998, 38.425182975599697 ], [ -122.700110193487163, 38.425634402904763 ], [ -122.700110193487149, 38.425634402904763 ], [ -122.700068, 38.42564 ], [ -122.701329, 38.425178 ], [ -122.705116, 38.423795 ], [ -122.706108, 38.423432 ], [ -122.706378, 38.423334 ], [ -122.706619, 38.423249 ], [ -122.707346, 38.422996 ], [ -122.707588, 38.422912 ], [ -122.707592372894737, 38.422920085729878 ], [ -122.707359335185998, 38.423000974747403 ] ] ] } },
{ "type": "Feature", "properties": { "STATEFP20": "06", "COUNTYFP20": "097", "TRACTCE20": "151404", "BLOCKCE20": "2003", "GEOID20": "060971514042003", "GEOIDFQ20": "1000000US060971514042003", "NAME20": "Block2003", "MTFCC20": "G5040", "UR20": "U", "UACE20": "79498", "FUNCSTAT20": "S", "ALAND20": 11915, "AWATER20": 0, "HOUSING20": 16, "POP20": 75, "DISTRICT": "Secondary", "block_of_residence": "060971514042003", "students": 1, "residents": 3, "INTPTLAT20": 38.42282176810189, "INTPTLON20": -122.70664763834411 }, "geometry": { "type": "Polygon", "coordinates": [ [ [ -122.706378, 38.423334 ], [ -122.706108, 38.423432 ], [ -122.705753, 38.422777 ], [ -122.705744, 38.422745 ], [ -122.705755, 38.422714 ], [ -122.705795, 38.422699 ], [ -122.705939, 38.422649 ], [ -122.706087, 38.422595 ], [ -122.706483, 38.422455 ], [ -122.706534, 38.422437 ], [ -122.706685, 38.422388 ], [ -122.70677, 38.422359 ], [ -122.706834, 38.422338 ], [ -122.70699, 38.422271 ], [ -122.707019, 38.422251 ], [ -122.707095, 38.422202 ], [ -122.707163, 38.422269 ], [ -122.707214, 38.422327 ], [ -122.707271, 38.422393 ], [ -122.707318, 38.422459 ], [ -122.707499, 38.422762 ], [ -122.707588, 38.422912 ], [ -122.707346, 38.422996 ], [ -122.706619, 38.423249 ], [ -122.706378, 38.423334 ] ] ] } },
{ "type": "Feature", "properties": { "STATEFP20": "06", "COUNTYFP20": "097", "TRACTCE20": "151404", "BLOCKCE20": "2004", "GEOID20": "060971514042004", "GEOIDFQ20": "1000000US060971514042004", "NAME20": "Block2004", "MTFCC20": "G5040", "UR20": "U", "UACE20": "79498", "FUNCSTAT20": "S", "ALAND20": 12642, "AWATER20": 0, "HOUSING20": 31, "POP20": 106, "DISTRICT": "Secondary", "block_of_residence": "060971514042004", "students": 4, "residents": 6, "INTPTLAT20": 38.421712057995471, "INTPTLON20": -122.70591945298507 }, "geometry": { "type": "Polygon", "coordinates": [ [ [ -122.70677, 38.422359 ], [ -122.706685, 38.422388 ], [ -122.706598, 38.422257 ], [ -122.706513, 38.422162 ], [ -122.706384, 38.422018 ], [ -122.706327, 38.421966 ], [ -122.70628, 38.421933 ], [ -122.706204, 38.421902 ], [ -122.706133, 38.421881 ], [ -122.70594, 38.421849 ], [ -122.705769, 38.42185 ], [ -122.705486, 38.421852 ], [ -122.70549, 38.42228 ], [ -122.705516, 38.422304 ], [ -122.705686, 38.42231 ], [ -122.705684, 38.422425 ], [ -122.70569, 38.422478 ], [ -122.705352, 38.422475 ], [ -122.705346, 38.422146 ], [ -122.705342, 38.421897 ], [ -122.705352, 38.421746 ], [ -122.705021, 38.421614 ], [ -122.704788, 38.421616 ], [ -122.704785, 38.42152 ], [ -122.704783, 38.421476 ], [ -122.704779, 38.421348 ], [ -122.704778, 38.421305 ], [ -122.704871, 38.421303 ], [ -122.705153, 38.421299 ], [ -122.705247, 38.421298 ], [ -122.705421, 38.421302 ], [ -122.705433, 38.421303 ], [ -122.705562, 38.421295 ], [ -122.705625, 38.421284 ], [ -122.705747, 38.42125 ], [ -122.705804, 38.421227 ], [ -122.705927, 38.421162 ], [ -122.706067, 38.421071 ], [ -122.706093, 38.4211 ], [ -122.706173, 38.421189 ], [ -122.7062, 38.421219 ], [ -122.706378, 38.421416 ], [ -122.706404, 38.421445 ], [ -122.706779, 38.421831 ], [ -122.706922, 38.421999 ], [ -122.707095, 38.422202 ], [ -122.707019, 38.422251 ], [ -122.70699, 38.422271 ], [ -122.706834, 38.422338 ], [ -122.70677, 38.422359 ] ] ] } },
{ "type": "Feature", "properties": { "STATEFP20": "06", "COUNTYFP20": "097", "TRACTCE20": "151404", "BLOCKCE20": "2005", "GEOID20": "060971514042005", "GEOIDFQ20": "1000000US060971514042005", "NAME20": "Block2005", "MTFCC20": "G5040", "UR20": "U", "UACE20": "79498", "FUNCSTAT20": "S", "ALAND20": 2907, "AWATER20": 0, "HOUSING20": 8, "POP20": 35, "DISTRICT": "Secondary", "block_of_residence": "060971514042005", "students": 0, "residents": 1, "INTPTLAT20": 38.422053615914514, "INTPTLON20": -122.70584292473615 }, "geometry": { "type": "Polygon", "coordinates": [ [ [ -122.705796, 38.422282 ], [ -122.705686, 38.42231 ], [ -122.705516, 38.422304 ], [ -122.70549, 38.42228 ], [ -122.705486, 38.421852 ], [ -122.705769, 38.42185 ], [ -122.70594, 38.421849 ], [ -122.706133, 38.421881 ], [ -122.706204, 38.421902 ], [ -122.70628, 38.421933 ], [ -122.706327, 38.421966 ], [ -122.706384, 38.422018 ], [ -122.706079, 38.422182 ], [ -122.705957, 38.422228 ], [ -122.705796, 38.422282 ] ] ] } },
{ "type": "Feature", "properties": { "STATEFP20": "06", "COUNTYFP20": "097", "TRACTCE20": "151404", "BLOCKCE20": "2006", "GEOID20": "060971514042006", "GEOIDFQ20": "1000000US060971514042006", "NAME20": "Block2006", "MTFCC20": "G5040", "UR20": "U", "UACE20": "79498", "FUNCSTAT20": "S", "ALAND20": 3526, "AWATER20": 0, "HOUSING20": 10, "POP20": 25, "DISTRICT": "Secondary", "block_of_residence": "060971514042006", "students": 3, "residents": 3, "INTPTLAT20": 38.422369019674932, "INTPTLON20": -122.70614162514202 }, "geometry": { "type": "Polygon", "coordinates": [ [ [ -122.706087, 38.422595 ], [ -122.705939, 38.422649 ], [ -122.705795, 38.422699 ], [ -122.705755, 38.422714 ], [ -122.705759, 38.422687 ], [ -122.705754, 38.422657 ], [ -122.705719, 38.422588 ], [ -122.705694, 38.422509 ], [ -122.70569, 38.422478 ], [ -122.705684, 38.422425 ], [ -122.705686, 38.42231 ], [ -122.705796, 38.422282 ], [ -122.705957, 38.422228 ], [ -122.706079, 38.422182 ], [ -122.706384, 38.422018 ], [ -122.706513, 38.422162 ], [ -122.706598, 38.422257 ], [ -122.706685, 38.422388 ], [ -122.706534, 38.422437 ], [ -122.706483, 38.422455 ], [ -122.706087, 38.422595 ] ] ] } },
{ "type": "Feature", "properties": { "STATEFP20": "06", "COUNTYFP20": "097", "TRACTCE20": "151404", "BLOCKCE20": "2007", "GEOID20": "060971514042007", "GEOIDFQ20": "1000000US060971514042007", "NAME20": "Block2007", "MTFCC20": "G5040", "UR20": "U", "UACE20": "79498", "FUNCSTAT20": "S", "ALAND20": 7248, "AWATER20": 0, "HOUSING20": 8, "POP20": 39, "DISTRICT": "Secondary", "block_of_residence": "060971514042007", "students": 0, "residents": 0, "INTPTLAT20": 38.422278801145701, "INTPTLON20": -122.70513176419841 }, "geometry": { "type": "Polygon", "coordinates": [ [ [ -122.705407, 38.422796 ], [ -122.705352, 38.422798 ], [ -122.705245, 38.422804 ], [ -122.705201, 38.422803 ], [ -122.705116, 38.422792 ], [ -122.705002, 38.422779 ], [ -122.704915, 38.422759 ], [ -122.704865, 38.422756 ], [ -122.704824, 38.422755 ], [ -122.704781, 38.42276 ], [ -122.704782, 38.422608 ], [ -122.704786, 38.422339 ], [ -122.704783, 38.422155 ], [ -122.704782, 38.422004 ], [ -122.704783, 38.421907 ], [ -122.704789, 38.421641 ], [ -122.704788, 38.421616 ], [ -122.705021, 38.421614 ], [ -122.705352, 38.421746 ], [ -122.705342, 38.421897 ], [ -122.705346, 38.422146 ], [ -122.705352, 38.422475 ], [ -122.70569, 38.422478 ], [ -122.705694, 38.422509 ], [ -122.705719, 38.422588 ], [ -122.705754, 38.422657 ], [ -122.705759, 38.422687 ], [ -122.705755, 38.422714 ], [ -122.705645, 38.422751 ], [ -122.705476, 38.422786 ], [ -122.705407, 38.422796 ] ] ] } },
{ "type": "Feature", "properties": { "STATEFP20": "06", "COUNTYFP20": "097", "TRACTCE20": "151404", "BLOCKCE20": "2008", "GEOID20": "060971514042008", "GEOIDFQ20": "1000000US060971514042008", "NAME20": "Block2008", "MTFCC20": "G5040", "UR20": "U", "UACE20": "79498", "FUNCSTAT20": "S", "ALAND20": 37065, "AWATER20": 0, "HOUSING20": 50, "POP20": 197, "DISTRICT": "Secondary", "block_of_residence": "060971514042008", "students": 13, "residents": 14, "INTPTLAT20": 38.423857707573703, "INTPTLON20": -122.70259565067661 }, "geometry": { "type": "Polygon", "coordinates": [ [ [ -122.705187, 38.423205 ], [ -122.705152, 38.423286 ], [ -122.705128, 38.423324 ], [ -122.705105, 38.42335 ], [ -122.705064, 38.423393 ], [ -122.704983, 38.42345 ], [ -122.704889, 38.423493 ], [ -122.70475, 38.423532 ], [ -122.704552, 38.423588 ], [ -122.704532, 38.423594 ], [ -122.703608, 38.423909 ], [ -122.703191, 38.424038 ], [ -122.702808, 38.424167 ], [ -122.701182, 38.424696 ], [ -122.701141, 38.42471 ], [ -122.700652, 38.424863 ], [ -122.700367, 38.424947 ], [ -122.700198, 38.424987 ], [ -122.700043, 38.424999 ], [ -122.70004, 38.42485 ], [ -122.700037, 38.424679 ], [ -122.700048, 38.424403 ], [ -122.700051, 38.424353 ], [ -122.700049, 38.424255 ], [ -122.70022, 38.424244 ], [ -122.700399, 38.424192 ], [ -122.7005, 38.424164 ], [ -122.701421, 38.423866 ], [ -122.70146, 38.423854 ], [ -122.70176, 38.423751 ], [ -122.702124, 38.423644 ], [ -122.702182, 38.423624 ], [ -122.703439, 38.423211 ], [ -122.703594, 38.423161 ], [ -122.703855, 38.423064 ], [ -122.704041, 38.423006 ], [ -122.704284, 38.422932 ], [ -122.704598, 38.422825 ], [ -122.704621, 38.422818 ], [ -122.704652, 38.4228 ], [ -122.704692, 38.422783 ], [ -122.704781, 38.42276 ], [ -122.704824, 38.422755 ], [ -122.704865, 38.422756 ], [ -122.704915, 38.422759 ], [ -122.705002, 38.422779 ], [ -122.705116, 38.422792 ], [ -122.705201, 38.422803 ], [ -122.705207, 38.422955 ], [ -122.705201, 38.423086 ], [ -122.705196, 38.423163 ], [ -122.705187, 38.423205 ] ] ] } },
{ "type": "Feature", "properties": { "STATEFP20": "06", "COUNTYFP20": "097", "TRACTCE20": "151404", "BLOCKCE20": "2009", "GEOID20": "060971514042009", "GEOIDFQ20": "1000000US060971514042009", "NAME20": "Block2009", "MTFCC20": "G5040", "UR20": "U", "UACE20": "79498", "FUNCSTAT20": "S", "ALAND20": 11267, "AWATER20": 0, "HOUSING20": 14, "POP20": 73, "DISTRICT": "Secondary", "block_of_residence": "060971514042009", "students": 9, "residents": 9, "INTPTLAT20": 38.423700961498838, "INTPTLON20": -122.70075653540869 }, "geometry": { "type": "Polygon", "coordinates": [ [ [ -122.7005, 38.424164 ], [ -122.700399, 38.424192 ], [ -122.70022, 38.424244 ], [ -122.700049, 38.424255 ], [ -122.700047, 38.424066 ], [ -122.700047, 38.424021 ], [ -122.700055, 38.423499 ], [ -122.700058, 38.423311 ], [ -122.700442, 38.423313 ], [ -122.701089, 38.423317 ], [ -122.701387, 38.423327 ], [ -122.701451, 38.423341 ], [ -122.701503, 38.423363 ], [ -122.701576, 38.423414 ], [ -122.70166, 38.423546 ], [ -122.701679, 38.423578 ], [ -122.70176, 38.423751 ], [ -122.70146, 38.423854 ], [ -122.701421, 38.423866 ], [ -122.7005, 38.424164 ] ] ] } },
{ "type": "Feature", "properties": { "STATEFP20": "06", "COUNTYFP20": "097", "TRACTCE20": "151404", "BLOCKCE20": "2010", "GEOID20": "060971514042010", "GEOIDFQ20": "1000000US060971514042010", "NAME20": "Block2010", "MTFCC20": "G5040", "UR20": "U", "UACE20": "79498", "FUNCSTAT20": "S", "ALAND20": 34005, "AWATER20": 0, "HOUSING20": 44, "POP20": 114, "DISTRICT": "Secondary", "block_of_residence": "060971514042010", "students": 9, "residents": 9, "INTPTLAT20": 38.422364454003876, "INTPTLON20": -122.70254849508315 }, "geometry": { "type": "Polygon", "coordinates": [ [ [ -122.704692, 38.422783 ], [ -122.704652, 38.4228 ], [ -122.704621, 38.422818 ], [ -122.704598, 38.422825 ], [ -122.704284, 38.422932 ], [ -122.704041, 38.423006 ], [ -122.703855, 38.423064 ], [ -122.703769, 38.42291 ], [ -122.703715, 38.422823 ], [ -122.703654, 38.422773 ], [ -122.703566, 38.422724 ], [ -122.703468, 38.422692 ], [ -122.703422, 38.422683 ], [ -122.703363, 38.422675 ], [ -122.703236, 38.422675 ], [ -122.702983, 38.422675 ], [ -122.702532, 38.422668 ], [ -122.702094, 38.422674 ], [ -122.701729, 38.422661 ], [ -122.701527, 38.422661 ], [ -122.701299, 38.422656 ], [ -122.700854, 38.42266 ], [ -122.700813, 38.422661 ], [ -122.700169, 38.422656 ], [ -122.70006, 38.422661 ], [ -122.700057, 38.422523 ], [ -122.700049, 38.422112 ], [ -122.700055, 38.421975 ], [ -122.700257, 38.421975 ], [ -122.700515, 38.421965 ], [ -122.700966, 38.421972 ], [ -122.701, 38.421972 ], [ -122.701328, 38.421972 ], [ -122.70164, 38.421987 ], [ -122.702024, 38.421984 ], [ -122.702383, 38.421989 ], [ -122.702931, 38.421987 ], [ -122.703836, 38.421995 ], [ -122.703852, 38.421996 ], [ -122.704282, 38.421996 ], [ -122.704782, 38.422004 ], [ -122.704783, 38.422155 ], [ -122.704786, 38.422339 ], [ -122.704782, 38.422608 ], [ -122.704781, 38.42276 ], [ -122.704692, 38.422783 ] ] ] } },
{ "type": "Feature", "properties": { "STATEFP20": "06", "COUNTYFP20": "097", "TRACTCE20": "151404", "BLOCKCE20": "2011", "GEOID20": "060971514042011", "GEOIDFQ20": "1000000US060971514042011", "NAME20": "Block2011", "MTFCC20": "G5040", "UR20": "U", "UACE20": "79498", "FUNCSTAT20": "S", "ALAND20": 25957, "AWATER20": 0, "HOUSING20": 31, "POP20": 105, "DISTRICT": "Secondary", "block_of_residence": "060971514042011", "students": 4, "residents": 4, "INTPTLAT20": 38.423049649427512, "INTPTLON20": -122.70187799396017 }, "geometry": { "type": "Polygon", "coordinates": [ [ [ -122.702182, 38.423624 ], [ -122.702124, 38.423644 ], [ -122.70176, 38.423751 ], [ -122.701679, 38.423578 ], [ -122.70166, 38.423546 ], [ -122.701576, 38.423414 ], [ -122.701503, 38.423363 ], [ -122.701451, 38.423341 ], [ -122.701387, 38.423327 ], [ -122.701089, 38.423317 ], [ -122.700442, 38.423313 ], [ -122.700058, 38.423311 ], [ -122.700058, 38.423181 ], [ -122.700059, 38.42279 ], [ -122.70006, 38.422661 ], [ -122.700169, 38.422656 ], [ -122.700813, 38.422661 ], [ -122.700854, 38.42266 ], [ -122.701299, 38.422656 ], [ -122.701527, 38.422661 ], [ -122.701729, 38.422661 ], [ -122.702094, 38.422674 ], [ -122.702532, 38.422668 ], [ -122.702983, 38.422675 ], [ -122.703236, 38.422675 ], [ -122.703363, 38.422675 ], [ -122.703422, 38.422683 ], [ -122.703468, 38.422692 ], [ -122.703566, 38.422724 ], [ -122.703654, 38.422773 ], [ -122.703715, 38.422823 ], [ -122.703769, 38.42291 ], [ -122.703855, 38.423064 ], [ -122.703594, 38.423161 ], [ -122.703439, 38.423211 ], [ -122.702182, 38.423624 ] ] ] } },
{ "type": "Feature", "properties": { "STATEFP20": "06", "COUNTYFP20": "097", "TRACTCE20": "151405", "BLOCKCE20": "1000", "GEOID20": "060971514051000", "GEOIDFQ20": "1000000US060971514051000", "NAME20": "Block1000", "MTFCC20": "G5040", "UR20": "U", "UACE20": "79498", "FUNCSTAT20": "S", "ALAND20": 37477, "AWATER20": 0, "HOUSING20": 161, "POP20": 436, "DISTRICT": "Secondary", "block_of_residence": "060971514051000", "students": 26, "residents": 38, "INTPTLAT20": 38.400717246320482, "INTPTLON20": -122.71135508617422 }, "geometry": { "type": "Polygon", "coordinates": [ [ [ -122.711931, 38.401719 ], [ -122.711876, 38.401722 ], [ -122.711718, 38.401717 ], [ -122.711688, 38.401717 ], [ -122.711081, 38.401718 ], [ -122.710869, 38.401719 ], [ -122.710794, 38.40172 ], [ -122.710571, 38.401724 ], [ -122.710558, 38.401724 ], [ -122.710497, 38.401726 ], [ -122.710454, 38.401723 ], [ -122.710494, 38.401586 ], [ -122.710494, 38.398993 ], [ -122.710729, 38.398977 ], [ -122.712708, 38.401247 ], [ -122.713028, 38.401618 ], [ -122.712044, 38.401714 ], [ -122.711989, 38.401717 ], [ -122.711931, 38.401719 ] ] ] } },
{ "type": "Feature", "properties": { "STATEFP20": "06", "COUNTYFP20": "097", "TRACTCE20": "151405", "BLOCKCE20": "1001", "GEOID20": "060971514051001", "GEOIDFQ20": "1000000US060971514051001", "NAME20": "Block1001", "MTFCC20": "G5040", "UR20": "U", "UACE20": "79498", "FUNCSTAT20": "S", "ALAND20": 135455, "AWATER20": 0, "HOUSING20": 392, "POP20": 1032, "DISTRICT": "Secondary", "block_of_residence": "060971514051001", "students": 14, "residents": 28, "INTPTLAT20": 38.398219986276004, "INTPTLON20": -122.7117458743311 }, "geometry": { "type": "Polygon", "coordinates": [ [ [ -122.713505, 38.396776 ], [ -122.713503, 38.397121 ], [ -122.713503, 38.397237 ], [ -122.713501, 38.397498 ], [ -122.713501, 38.397522 ], [ -122.713501, 38.397616 ], [ -122.713501, 38.397779 ], [ -122.713497, 38.398283 ], [ -122.713495, 38.398545 ], [ -122.713494, 38.398566 ], [ -122.713494, 38.398629 ], [ -122.713494, 38.398651 ], [ -122.711503, 38.398647 ], [ -122.711356, 38.398731 ], [ -122.711634, 38.398925 ], [ -122.712848, 38.398923 ], [ -122.713493, 38.398922 ], [ -122.713488, 38.39951 ], [ -122.713487, 38.399671 ], [ -122.713481, 38.400147 ], [ -122.713485, 38.400383 ], [ -122.713466, 38.400686 ], [ -122.713441, 38.400816 ], [ -122.713298, 38.401592 ], [ -122.713028, 38.401618 ], [ -122.712708, 38.401247 ], [ -122.710729, 38.398977 ], [ -122.710494, 38.398993 ], [ -122.710475, 38.398786 ], [ -122.708986, 38.397212 ], [ -122.709017, 38.396621 ], [ -122.709094, 38.39646 ], [ -122.709128, 38.396367 ], [ -122.709148, 38.396316 ], [ -122.709172, 38.396253 ], [ -122.709513, 38.39628 ], [ -122.709658, 38.396285 ], [ -122.710319, 38.396291 ], [ -122.710696, 38.396291 ], [ -122.710792, 38.396288 ], [ -122.710873, 38.396296 ], [ -122.710922, 38.39632 ], [ -122.710967, 38.39636 ], [ -122.710983, 38.396417 ], [ -122.710997, 38.396492 ], [ -122.711002, 38.396535 ], [ -122.711026, 38.39657 ], [ -122.711061, 38.396581 ], [ -122.71115, 38.396581 ], [ -122.71129, 38.396557 ], [ -122.71144, 38.396501 ], [ -122.711607, 38.396415 ], [ -122.711701, 38.396342 ], [ -122.711801, 38.39631 ], [ -122.712193, 38.396304 ], [ -122.712602, 38.396318 ], [ -122.712749, 38.396323 ], [ -122.712892, 38.396353 ], [ -122.71301, 38.396377 ], [ -122.713128, 38.396393 ], [ -122.71351, 38.396408 ], [ -122.713509, 38.396458 ], [ -122.713507, 38.396611 ], [ -122.713507, 38.396662 ], [ -122.713505, 38.396776 ] ] ] } },
{ "type": "Feature", "properties": { "STATEFP20": "06", "COUNTYFP20": "097", "TRACTCE20": "151405", "BLOCKCE20": "1002", "GEOID20": "060971514051002", "GEOIDFQ20": "1000000US060971514051002", "NAME20": "Block1002", "MTFCC20": "G5040", "UR20": "U", "UACE20": "79498", "FUNCSTAT20": "S", "ALAND20": 5374, "AWATER20": 0, "HOUSING20": 31, "POP20": 67, "DISTRICT": "Secondary", "block_of_residence": "060971514051002", "students": 3, "residents": 6, "INTPTLAT20": 38.398783898277031, "INTPTLON20": -122.71247821175631 }, "geometry": { "type": "Polygon", "coordinates": [ [ [ -122.712848, 38.398923 ], [ -122.711634, 38.398925 ], [ -122.711356, 38.398731 ], [ -122.711503, 38.398647 ], [ -122.713494, 38.398651 ], [ -122.713493, 38.398705 ], [ -122.713493, 38.398867 ], [ -122.713493, 38.398922 ], [ -122.712848, 38.398923 ] ] ] } },
{ "type": "Feature", "properties": { "STATEFP20": "06", "COUNTYFP20": "097", "TRACTCE20": "151405", "BLOCKCE20": "1003", "GEOID20": "060971514051003", "GEOIDFQ20": "1000000US060971514051003", "NAME20": "Block1003", "MTFCC20": "G5040", "UR20": "U", "UACE20": "79498", "FUNCSTAT20": "S", "ALAND20": 70941, "AWATER20": 0, "HOUSING20": 137, "POP20": 369, "DISTRICT": "Secondary", "block_of_residence": "060971514051003", "students": 7, "residents": 19, "INTPTLAT20": 38.395389076265602, "INTPTLON20": -122.71155523016523 }, "geometry": { "type": "Polygon", "coordinates": [ [ [ -122.713517, 38.395613 ], [ -122.713512, 38.396123 ], [ -122.713512, 38.396209 ], [ -122.71351, 38.396408 ], [ -122.713128, 38.396393 ], [ -122.71301, 38.396377 ], [ -122.712892, 38.396353 ], [ -122.712749, 38.396323 ], [ -122.712602, 38.396318 ], [ -122.712193, 38.396304 ], [ -122.711801, 38.39631 ], [ -122.711701, 38.396342 ], [ -122.711607, 38.396415 ], [ -122.71144, 38.396501 ], [ -122.71129, 38.396557 ], [ -122.71115, 38.396581 ], [ -122.711061, 38.396581 ], [ -122.711026, 38.39657 ], [ -122.711002, 38.396535 ], [ -122.710997, 38.396492 ], [ -122.710983, 38.396417 ], [ -122.710967, 38.39636 ], [ -122.710922, 38.39632 ], [ -122.710873, 38.396296 ], [ -122.710792, 38.396288 ], [ -122.710696, 38.396291 ], [ -122.710319, 38.396291 ], [ -122.709658, 38.396285 ], [ -122.709513, 38.39628 ], [ -122.709172, 38.396253 ], [ -122.70922, 38.39613 ], [ -122.709408, 38.395768 ], [ -122.709455, 38.395383 ], [ -122.709457, 38.395372 ], [ -122.709443, 38.395196 ], [ -122.709467, 38.395055 ], [ -122.709478, 38.394988 ], [ -122.709513, 38.39496 ], [ -122.709715, 38.394647 ], [ -122.709813, 38.394493 ], [ -122.70982, 38.394393 ], [ -122.710343, 38.394401 ], [ -122.711502, 38.3944 ], [ -122.712316, 38.394404 ], [ -122.71321, 38.394416 ], [ -122.71352, 38.394414 ], [ -122.71352, 38.394614 ], [ -122.71352, 38.395214 ], [ -122.71352, 38.395415 ], [ -122.713517, 38.395613 ] ], [ [ -122.710082, 38.395376 ], [ -122.710059, 38.395377 ], [ -122.710039, 38.395389 ], [ -122.710015, 38.39542 ], [ -122.709998, 38.395455 ], [ -122.710008, 38.3957 ], [ -122.710037, 38.395715 ], [ -122.710342, 38.395717 ], [ -122.710782, 38.395711 ], [ -122.711251, 38.395713 ], [ -122.711634, 38.39572 ], [ -122.711633, 38.395364 ], [ -122.71077, 38.395369 ], [ -122.710352, 38.395367 ], [ -122.710082, 38.395376 ] ] ] } },
{ "type": "Feature", "properties": { "STATEFP20": "06", "COUNTYFP20": "097", "TRACTCE20": "151405", "BLOCKCE20": "1004", "GEOID20": "060971514051004", "GEOIDFQ20": "1000000US060971514051004", "NAME20": "Block1004", "MTFCC20": "G5040", "UR20": "U", "UACE20": "79498", "FUNCSTAT20": "S", "ALAND20": 5457, "AWATER20": 0, "HOUSING20": 29, "POP20": 75, "DISTRICT": "Secondary", "block_of_residence": "060971514051004", "students": 1, "residents": 5, "INTPTLAT20": 38.395541511465773, "INTPTLON20": -122.71082420584941 }, "geometry": { "type": "Polygon", "coordinates": [ [ [ -122.710342, 38.395717 ], [ -122.710037, 38.395715 ], [ -122.710008, 38.3957 ], [ -122.709998, 38.395455 ], [ -122.710015, 38.39542 ], [ -122.710039, 38.395389 ], [ -122.710059, 38.395377 ], [ -122.710082, 38.395376 ], [ -122.710352, 38.395367 ], [ -122.71077, 38.395369 ], [ -122.711633, 38.395364 ], [ -122.711634, 38.39572 ], [ -122.711251, 38.395713 ], [ -122.710782, 38.395711 ], [ -122.710342, 38.395717 ] ] ] } },
{ "type": "Feature", "properties": { "STATEFP20": "06", "COUNTYFP20": "097", "TRACTCE20": "151405", "BLOCKCE20": "2000", "GEOID20": "060971514052000", "GEOIDFQ20": "1000000US060971514052000", "NAME20": "Block2000", "MTFCC20": "G5040", "UR20": "U", "UACE20": "79498", "FUNCSTAT20": "S", "ALAND20": 305137, "AWATER20": 0, "HOUSING20": 63, "POP20": 157, "DISTRICT": "Secondary", "block_of_residence": "060971514052000", "students": 13, "residents": 21, "INTPTLAT20": 38.408382488761887, "INTPTLON20": -122.71469435435324 }, "geometry": { "type": "Polygon", "coordinates": [ [ [ -122.715902, 38.411712 ], [ -122.715916, 38.413902 ], [ -122.715884, 38.414617 ], [ -122.715747, 38.41465 ], [ -122.715606, 38.414685 ], [ -122.715127, 38.414807 ], [ -122.714036, 38.415062 ], [ -122.713922, 38.415089 ], [ -122.71351, 38.415177 ], [ -122.713515, 38.414814 ], [ -122.713519, 38.414477 ], [ -122.713517, 38.413659 ], [ -122.713523, 38.413258 ], [ -122.713523, 38.413215 ], [ -122.713523, 38.413162 ], [ -122.713504, 38.412361 ], [ -122.713496, 38.411812 ], [ -122.713481, 38.411394 ], [ -122.71347, 38.410115 ], [ -122.713475, 38.409705 ], [ -122.713482, 38.409103 ], [ -122.713482, 38.409061 ], [ -122.713483, 38.408938 ], [ -122.713484, 38.408897 ], [ -122.713314, 38.408897 ], [ -122.713318, 38.408444 ], [ -122.713319, 38.407959 ], [ -122.713321, 38.407854 ], [ -122.713486, 38.40785 ], [ -122.713483, 38.407631 ], [ -122.713479, 38.407331 ], [ -122.713475, 38.406976 ], [ -122.713474, 38.406758 ], [ -122.713472, 38.406567 ], [ -122.713469, 38.405996 ], [ -122.713469, 38.405933 ], [ -122.713466, 38.405806 ], [ -122.713465, 38.405766 ], [ -122.713462, 38.405646 ], [ -122.713461, 38.405607 ], [ -122.713461, 38.405553 ], [ -122.713461, 38.405394 ], [ -122.713462, 38.405341 ], [ -122.713623, 38.405322 ], [ -122.713858, 38.405271 ], [ -122.714008, 38.405267 ], [ -122.714221, 38.405275 ], [ -122.714533, 38.405277 ], [ -122.714686, 38.405292 ], [ -122.714803, 38.405294 ], [ -122.715077, 38.405287 ], [ -122.715176, 38.405278 ], [ -122.715213, 38.405264 ], [ -122.715235, 38.40524 ], [ -122.715247, 38.405213 ], [ -122.715263, 38.405045 ], [ -122.715253, 38.405004 ], [ -122.715239, 38.40497 ], [ -122.715216, 38.404939 ], [ -122.71518, 38.404919 ], [ -122.715031, 38.404905 ], [ -122.714775, 38.404892 ], [ -122.714453, 38.404894 ], [ -122.714234, 38.404891 ], [ -122.714195, 38.404891 ], [ -122.714109, 38.404885 ], [ -122.713951, 38.404901 ], [ -122.713799, 38.404922 ], [ -122.713693, 38.404921 ], [ -122.713463, 38.40493 ], [ -122.713462, 38.404842 ], [ -122.713462, 38.40458 ], [ -122.713462, 38.404493 ], [ -122.713462, 38.404378 ], [ -122.713462, 38.404033 ], [ -122.713462, 38.403918 ], [ -122.713462, 38.403852 ], [ -122.713462, 38.403653 ], [ -122.713463, 38.403588 ], [ -122.713463, 38.403526 ], [ -122.713463, 38.403339 ], [ -122.713464, 38.403278 ], [ -122.713464, 38.402848 ], [ -122.71331, 38.401872 ], [ -122.714701, 38.40186 ], [ -122.714894, 38.401859 ], [ -122.715473, 38.401859 ], [ -122.715667, 38.401859 ], [ -122.715775, 38.401841 ], [ -122.715963, 38.40181 ], [ -122.71594, 38.405817 ], [ -122.715934, 38.406838 ], [ -122.71592, 38.410157 ], [ -122.715902, 38.411712 ] ] ] } },
{ "type": "Feature", "properties": { "STATEFP20": "06", "COUNTYFP20": "097", "TRACTCE20": "151405", "BLOCKCE20": "2001", "GEOID20": "060971514052001", "GEOIDFQ20": "1000000US060971514052001", "NAME20": "Block2001", "MTFCC20": "G5040", "UR20": "U", "UACE20": "79498", "FUNCSTAT20": "S", "ALAND20": 6625, "AWATER20": 0, "HOUSING20": 29, "POP20": 98, "DISTRICT": "Secondary", "block_of_residence": "060971514052001", "students": 0, "residents": 0, "INTPTLAT20": 38.405095434545927, "INTPTLON20": -122.7143512769553 }, "geometry": { "type": "Polygon", "coordinates": [ [ [ -122.715213, 38.405264 ], [ -122.715176, 38.405278 ], [ -122.715077, 38.405287 ], [ -122.714803, 38.405294 ], [ -122.714686, 38.405292 ], [ -122.714533, 38.405277 ], [ -122.714221, 38.405275 ], [ -122.714008, 38.405267 ], [ -122.713858, 38.405271 ], [ -122.713623, 38.405322 ], [ -122.713462, 38.405341 ], [ -122.713462, 38.405258 ], [ -122.713462, 38.405012 ], [ -122.713463, 38.40493 ], [ -122.713693, 38.404921 ], [ -122.713799, 38.404922 ], [ -122.713951, 38.404901 ], [ -122.714109, 38.404885 ], [ -122.714195, 38.404891 ], [ -122.714234, 38.404891 ], [ -122.714453, 38.404894 ], [ -122.714775, 38.404892 ], [ -122.715031, 38.404905 ], [ -122.71518, 38.404919 ], [ -122.715216, 38.404939 ], [ -122.715239, 38.40497 ], [ -122.715253, 38.405004 ], [ -122.715263, 38.405045 ], [ -122.715247, 38.405213 ], [ -122.715235, 38.40524 ], [ -122.715213, 38.405264 ] ] ] } },
{ "type": "Feature", "properties": { "STATEFP20": "06", "COUNTYFP20": "097", "TRACTCE20": "151405", "BLOCKCE20": "2002", "GEOID20": "060971514052002", "GEOIDFQ20": "1000000US060971514052002", "NAME20": "Block2002", "MTFCC20": "G5040", "UR20": "U", "UACE20": "79498", "FUNCSTAT20": "S", "ALAND20": 30086, "AWATER20": 0, "HOUSING20": 0, "POP20": 0, "DISTRICT": "Secondary", "block_of_residence": "060971514052002", "students": 0, "residents": 0, "INTPTLAT20": 38.408142551601912, "INTPTLON20": -122.71605052530145 }, "geometry": { "type": "Polygon", "coordinates": [ [ [ -122.716202, 38.402642 ], [ -122.716189, 38.405024 ], [ -122.716185, 38.405819 ], [ -122.716179, 38.40679 ], [ -122.716164, 38.409706 ], [ -122.716162, 38.410155 ], [ -122.716165, 38.410678 ], [ -122.716166, 38.411056 ], [ -122.716149, 38.412166 ], [ -122.716148, 38.412189 ], [ -122.716146, 38.412568 ], [ -122.716142, 38.412907 ], [ -122.716133, 38.413778 ], [ -122.716132, 38.413927 ], [ -122.716131, 38.414268 ], [ -122.71613, 38.414325 ], [ -122.71613, 38.4145 ], [ -122.71613, 38.414558 ], [ -122.715884, 38.414617 ], [ -122.715916, 38.413902 ], [ -122.715902, 38.411712 ], [ -122.71592, 38.410157 ], [ -122.715934, 38.406838 ], [ -122.71594, 38.405817 ], [ -122.715963, 38.40181 ], [ -122.716099, 38.401787 ], [ -122.716207, 38.401769 ], [ -122.716207, 38.401785 ], [ -122.716207, 38.401833 ], [ -122.716207, 38.401849 ], [ -122.716202, 38.402642 ] ] ] } },
{ "type": "Feature", "properties": { "STATEFP20": "06", "COUNTYFP20": "097", "TRACTCE20": "151405", "BLOCKCE20": "2003", "GEOID20": "060971514052003", "GEOIDFQ20": "1000000US060971514052003", "NAME20": "Block2003", "MTFCC20": "G5040", "UR20": "U", "UACE20": "79498", "FUNCSTAT20": "S", "ALAND20": 17346, "AWATER20": 0, "HOUSING20": 0, "POP20": 0, "DISTRICT": "Secondary", "block_of_residence": "060971514052003", "students": 0, "residents": 0, "INTPTLAT20": 38.398100153367864, "INTPTLON20": -122.71610433129898 }, "geometry": { "type": "Polygon", "coordinates": [ [ [ -122.71624, 38.396257 ], [ -122.716236, 38.396699 ], [ -122.716234, 38.396785 ], [ -122.716232, 38.397043 ], [ -122.716232, 38.39713 ], [ -122.716226, 38.397741 ], [ -122.716226, 38.397763 ], [ -122.716217, 38.399574 ], [ -122.716215, 38.400186 ], [ -122.716213, 38.400476 ], [ -122.716209, 38.401348 ], [ -122.716208, 38.401639 ], [ -122.716207, 38.401664 ], [ -122.716207, 38.401742 ], [ -122.716207, 38.401769 ], [ -122.716099, 38.401787 ], [ -122.715963, 38.40181 ], [ -122.715963, 38.40176 ], [ -122.715964, 38.401641 ], [ -122.715968, 38.400826 ], [ -122.715972, 38.400185 ], [ -122.715989, 38.397209 ], [ -122.715992, 38.396711 ], [ -122.715994, 38.396363 ], [ -122.715998, 38.394422 ], [ -122.716132, 38.394424 ], [ -122.716247, 38.394427 ], [ -122.716243, 38.394881 ], [ -122.716239, 38.395357 ], [ -122.716239, 38.396244 ], [ -122.71624, 38.396257 ] ] ] } },
{ "type": "Feature", "properties": { "STATEFP20": "06", "COUNTYFP20": "097", "TRACTCE20": "151405", "BLOCKCE20": "2004", "GEOID20": "060971514052004", "GEOIDFQ20": "1000000US060971514052004", "NAME20": "Block2004", "MTFCC20": "G5040", "UR20": "U", "UACE20": "79498", "FUNCSTAT20": "S", "ALAND20": 180975, "AWATER20": 0, "HOUSING20": 114, "POP20": 340, "DISTRICT": "Secondary", "block_of_residence": "060971514052004", "students": 7, "residents": 12, "INTPTLAT20": 38.398173534985176, "INTPTLON20": -122.7147266514057 }, "geometry": { "type": "Polygon", "coordinates": [ [ [ -122.715972, 38.400185 ], [ -122.715968, 38.400826 ], [ -122.715964, 38.401641 ], [ -122.715963, 38.40176 ], [ -122.715963, 38.40181 ], [ -122.715775, 38.401841 ], [ -122.715667, 38.401859 ], [ -122.715473, 38.401859 ], [ -122.714894, 38.401859 ], [ -122.714701, 38.40186 ], [ -122.71331, 38.401872 ], [ -122.713307, 38.401794 ], [ -122.71324, 38.401799 ], [ -122.713196, 38.401799 ], [ -122.713028, 38.401618 ], [ -122.713298, 38.401592 ], [ -122.713441, 38.400816 ], [ -122.713466, 38.400686 ], [ -122.713485, 38.400383 ], [ -122.713481, 38.400147 ], [ -122.713487, 38.399671 ], [ -122.713488, 38.39951 ], [ -122.713493, 38.398922 ], [ -122.713493, 38.398867 ], [ -122.713493, 38.398705 ], [ -122.713494, 38.398651 ], [ -122.713494, 38.398629 ], [ -122.713494, 38.398566 ], [ -122.713495, 38.398545 ], [ -122.713497, 38.398283 ], [ -122.713501, 38.397779 ], [ -122.713501, 38.397616 ], [ -122.713501, 38.397522 ], [ -122.713501, 38.397498 ], [ -122.713503, 38.397237 ], [ -122.713503, 38.397121 ], [ -122.713505, 38.396776 ], [ -122.713507, 38.396662 ], [ -122.713507, 38.396611 ], [ -122.713509, 38.396458 ], [ -122.71351, 38.396408 ], [ -122.713512, 38.396209 ], [ -122.713512, 38.396123 ], [ -122.713517, 38.395613 ], [ -122.71352, 38.395415 ], [ -122.71352, 38.395214 ], [ -122.71352, 38.394614 ], [ -122.71352, 38.394414 ], [ -122.71395, 38.39442 ], [ -122.714075, 38.394422 ], [ -122.714535, 38.394421 ], [ -122.715029, 38.394419 ], [ -122.715243, 38.394418 ], [ -122.715536, 38.394417 ], [ -122.715675, 38.394416 ], [ -122.715789, 38.394418 ], [ -122.715998, 38.394422 ], [ -122.715994, 38.396363 ], [ -122.715992, 38.396711 ], [ -122.715989, 38.397209 ], [ -122.715972, 38.400185 ] ] ] } },
{ "type": "Feature", "properties": { "STATEFP20": "06", "COUNTYFP20": "097", "TRACTCE20": "151405", "BLOCKCE20": "2005", "GEOID20": "060971514052005", "GEOIDFQ20": "1000000US060971514052005", "NAME20": "Block2005", "MTFCC20": "G5040", "UR20": "U", "UACE20": "79498", "FUNCSTAT20": "S", "ALAND20": 27952, "AWATER20": 0, "HOUSING20": 69, "POP20": 233, "DISTRICT": "Secondary", "block_of_residence": "060971514052005", "students": 7, "residents": 9, "INTPTLAT20": 38.402281286722342, "INTPTLON20": -122.7121313570063 }, "geometry": { "type": "Polygon", "coordinates": [ [ [ -122.711353, 38.402855 ], [ -122.710878, 38.402849 ], [ -122.710878, 38.40272 ], [ -122.710879, 38.402428 ], [ -122.710874, 38.402333 ], [ -122.710868, 38.402205 ], [ -122.710867, 38.402182 ], [ -122.710867, 38.402089 ], [ -122.710868, 38.401811 ], [ -122.710869, 38.401719 ], [ -122.711081, 38.401718 ], [ -122.711688, 38.401717 ], [ -122.711718, 38.401717 ], [ -122.711876, 38.401722 ], [ -122.711931, 38.401719 ], [ -122.711989, 38.401717 ], [ -122.712044, 38.401714 ], [ -122.713028, 38.401618 ], [ -122.713196, 38.401799 ], [ -122.71324, 38.401799 ], [ -122.713307, 38.401794 ], [ -122.71331, 38.401872 ], [ -122.713464, 38.402848 ], [ -122.712947, 38.402851 ], [ -122.711395, 38.402854 ], [ -122.711353, 38.402855 ] ] ] } },
{ "type": "Feature", "properties": { "STATEFP20": "06", "COUNTYFP20": "097", "TRACTCE20": "151405", "BLOCKCE20": "2006", "GEOID20": "060971514052006", "GEOIDFQ20": "1000000US060971514052006", "NAME20": "Block2006", "MTFCC20": "G5040", "UR20": "U", "UACE20": "79498", "FUNCSTAT20": "S", "ALAND20": 11097, "AWATER20": 0, "HOUSING20": 20, "POP20": 52, "DISTRICT": "Secondary", "block_of_residence": "060971514052006", "students": 0, "residents": 0, "INTPTLAT20": 38.402519745140083, "INTPTLON20": -122.7100149977356 }, "geometry": { "type": "Polygon", "coordinates": [ [ [ -122.710541, 38.402852 ], [ -122.71011, 38.402852 ], [ -122.709919, 38.402852 ], [ -122.709602, 38.402852 ], [ -122.709226, 38.402852 ], [ -122.709203, 38.402847 ], [ -122.709175, 38.402833 ], [ -122.70915, 38.402809 ], [ -122.70915, 38.402323 ], [ -122.709151, 38.40229 ], [ -122.709147, 38.402271 ], [ -122.709156, 38.402233 ], [ -122.709177, 38.402209 ], [ -122.709205, 38.402192 ], [ -122.709237, 38.402184 ], [ -122.709364, 38.402185 ], [ -122.709664, 38.402188 ], [ -122.7098, 38.40219 ], [ -122.710483, 38.402188 ], [ -122.710566, 38.402186 ], [ -122.710867, 38.402182 ], [ -122.710868, 38.402205 ], [ -122.710874, 38.402333 ], [ -122.710879, 38.402428 ], [ -122.710878, 38.40272 ], [ -122.710878, 38.402849 ], [ -122.710686, 38.40285 ], [ -122.710541, 38.402852 ] ] ] } },
{ "type": "Feature", "properties": { "STATEFP20": "06", "COUNTYFP20": "097", "TRACTCE20": "151405", "BLOCKCE20": "2007", "GEOID20": "060971514052007", "GEOIDFQ20": "1000000US060971514052007", "NAME20": "Block2007", "MTFCC20": "G5040", "UR20": "U", "UACE20": "79498", "FUNCSTAT20": "S", "ALAND20": 233635, "AWATER20": 0, "HOUSING20": 120, "POP20": 250, "DISTRICT": "Secondary", "block_of_residence": "060971514052007", "students": 9, "residents": 16, "INTPTLAT20": 38.407229640772542, "INTPTLON20": -122.70728114901607 }, "geometry": { "type": "Polygon", "coordinates": [ [ [ -122.71267, 38.408439 ], [ -122.712565, 38.408439 ], [ -122.709804, 38.408455 ], [ -122.70893, 38.408461 ], [ -122.708907, 38.408465 ], [ -122.708886, 38.408474 ], [ -122.708868, 38.408486 ], [ -122.708846, 38.408518 ], [ -122.708842, 38.408627 ], [ -122.708838, 38.408826 ], [ -122.70886, 38.408862 ], [ -122.708883, 38.408879 ], [ -122.708922, 38.408894 ], [ -122.709284, 38.4089 ], [ -122.709449, 38.408899 ], [ -122.710456, 38.408893 ], [ -122.71138, 38.408899 ], [ -122.712475, 38.408895 ], [ -122.712699, 38.408895 ], [ -122.713314, 38.408897 ], [ -122.713314, 38.409106 ], [ -122.711173, 38.409144 ], [ -122.708589, 38.409127 ], [ -122.70746, 38.40912 ], [ -122.705681, 38.409179 ], [ -122.704708, 38.409177 ], [ -122.704404, 38.409177 ], [ -122.70407, 38.409201 ], [ -122.704127, 38.40915 ], [ -122.704167, 38.409107 ], [ -122.704178, 38.409051 ], [ -122.704184, 38.408971 ], [ -122.704176, 38.40839 ], [ -122.70417, 38.407932 ], [ -122.70415, 38.406916 ], [ -122.704141, 38.405847 ], [ -122.70414, 38.405833 ], [ -122.704127, 38.405388 ], [ -122.704122, 38.40523 ], [ -122.704121, 38.40502 ], [ -122.704136, 38.404984 ], [ -122.704152, 38.404966 ], [ -122.704172, 38.404952 ], [ -122.704219, 38.404937 ], [ -122.704773, 38.404916 ], [ -122.70521, 38.4049 ], [ -122.705351, 38.404895 ], [ -122.70673, 38.404857 ], [ -122.706816, 38.404855 ], [ -122.706944, 38.404849 ], [ -122.707383, 38.404832 ], [ -122.70866, 38.404862 ], [ -122.708746, 38.404863 ], [ -122.708745, 38.405341 ], [ -122.708766, 38.407342 ], [ -122.709068, 38.407338 ], [ -122.713313, 38.407329 ], [ -122.713321, 38.407854 ], [ -122.713319, 38.407959 ], [ -122.713318, 38.408444 ], [ -122.713181, 38.408445 ], [ -122.71267, 38.408439 ] ], [ [ -122.713118, 38.407576 ], [ -122.712778, 38.407575 ], [ -122.710024, 38.407573 ], [ -122.709311, 38.407589 ], [ -122.709107, 38.407593 ], [ -122.709081, 38.407629 ], [ -122.709071, 38.407644 ], [ -122.709064, 38.407716 ], [ -122.709068, 38.407757 ], [ -122.709074, 38.407801 ], [ -122.709095, 38.407976 ], [ -122.709123, 38.407999 ], [ -122.709176, 38.408014 ], [ -122.709275, 38.408014 ], [ -122.709693, 38.408015 ], [ -122.70973, 38.408014 ], [ -122.711214, 38.408007 ], [ -122.712195, 38.408007 ], [ -122.713017, 38.408008 ], [ -122.713114, 38.408008 ], [ -122.713172, 38.407994 ], [ -122.713195, 38.407964 ], [ -122.713214, 38.407918 ], [ -122.713221, 38.407856 ], [ -122.713175, 38.407625 ], [ -122.713154, 38.407595 ], [ -122.713118, 38.407576 ] ] ] } },
{ "type": "Feature", "properties": { "STATEFP20": "06", "COUNTYFP20": "097", "TRACTCE20": "151405", "BLOCKCE20": "2008", "GEOID20": "060971514052008", "GEOIDFQ20": "1000000US060971514052008", "NAME20": "Block2008", "MTFCC20": "G5040", "UR20": "U", "UACE20": "79498", "FUNCSTAT20": "S", "ALAND20": 19393, "AWATER20": 0, "HOUSING20": 54, "POP20": 90, "DISTRICT": "Secondary", "block_of_residence": "060971514052008", "students": 0, "residents": 0, "INTPTLAT20": 38.408672424116951, "INTPTLON20": -122.71110011820726 }, "geometry": { "type": "Polygon", "coordinates": [ [ [ -122.71138, 38.408899 ], [ -122.710456, 38.408893 ], [ -122.709449, 38.408899 ], [ -122.709284, 38.4089 ], [ -122.708922, 38.408894 ], [ -122.708883, 38.408879 ], [ -122.70886, 38.408862 ], [ -122.708838, 38.408826 ], [ -122.708842, 38.408627 ], [ -122.708846, 38.408518 ], [ -122.708868, 38.408486 ], [ -122.708886, 38.408474 ], [ -122.708907, 38.408465 ], [ -122.70893, 38.408461 ], [ -122.709804, 38.408455 ], [ -122.712565, 38.408439 ], [ -122.71267, 38.408439 ], [ -122.713181, 38.408445 ], [ -122.713318, 38.408444 ], [ -122.713314, 38.408897 ], [ -122.712699, 38.408895 ], [ -122.712475, 38.408895 ], [ -122.71138, 38.408899 ] ] ] } },
{ "type": "Feature", "properties": { "STATEFP20": "06", "COUNTYFP20": "097", "TRACTCE20": "151405", "BLOCKCE20": "2009", "GEOID20": "060971514052009", "GEOIDFQ20": "1000000US060971514052009", "NAME20": "Block2009", "MTFCC20": "G5040", "UR20": "U", "UACE20": "79498", "FUNCSTAT20": "S", "ALAND20": 17268, "AWATER20": 0, "HOUSING20": 49, "POP20": 166, "DISTRICT": "Secondary", "block_of_residence": "060971514052009", "students": 6, "residents": 9, "INTPTLAT20": 38.407792939225942, "INTPTLON20": -122.71113880822472 }, "geometry": { "type": "Polygon", "coordinates": [ [ [ -122.713114, 38.408008 ], [ -122.713017, 38.408008 ], [ -122.712195, 38.408007 ], [ -122.711214, 38.408007 ], [ -122.70973, 38.408014 ], [ -122.709693, 38.408015 ], [ -122.709275, 38.408014 ], [ -122.709176, 38.408014 ], [ -122.709123, 38.407999 ], [ -122.709095, 38.407976 ], [ -122.709074, 38.407801 ], [ -122.709068, 38.407757 ], [ -122.709064, 38.407716 ], [ -122.709071, 38.407644 ], [ -122.709081, 38.407629 ], [ -122.709107, 38.407593 ], [ -122.709311, 38.407589 ], [ -122.710024, 38.407573 ], [ -122.712778, 38.407575 ], [ -122.713118, 38.407576 ], [ -122.713154, 38.407595 ], [ -122.713175, 38.407625 ], [ -122.713221, 38.407856 ], [ -122.713214, 38.407918 ], [ -122.713195, 38.407964 ], [ -122.713172, 38.407994 ], [ -122.713114, 38.408008 ] ] ] } },
{ "type": "Feature", "properties": { "STATEFP20": "06", "COUNTYFP20": "097", "TRACTCE20": "151405", "BLOCKCE20": "2010", "GEOID20": "060971514052010", "GEOIDFQ20": "1000000US060971514052010", "NAME20": "Block2010", "MTFCC20": "G5040", "UR20": "U", "UACE20": "79498", "FUNCSTAT20": "S", "ALAND20": 52319, "AWATER20": 0, "HOUSING20": 223, "POP20": 581, "DISTRICT": "Secondary", "block_of_residence": "060971514052010", "students": 7, "residents": 18, "INTPTLAT20": 38.409606249646991, "INTPTLON20": -122.70980691397897 }, "geometry": { "type": "Polygon", "coordinates": [ [ [ -122.713475, 38.409705 ], [ -122.712594, 38.409708 ], [ -122.71165, 38.409704 ], [ -122.711498, 38.409704 ], [ -122.710711, 38.409706 ], [ -122.710564, 38.409716 ], [ -122.710418, 38.409745 ], [ -122.71035, 38.409764 ], [ -122.710217, 38.409817 ], [ -122.710096, 38.409884 ], [ -122.709697, 38.410189 ], [ -122.709643, 38.410223 ], [ -122.709514, 38.410286 ], [ -122.709482, 38.410298 ], [ -122.709375, 38.410333 ], [ -122.709303, 38.410351 ], [ -122.709154, 38.410373 ], [ -122.709067, 38.410378 ], [ -122.708129, 38.410381 ], [ -122.70774, 38.410388 ], [ -122.707672, 38.410392 ], [ -122.707468, 38.41042 ], [ -122.707393, 38.410313 ], [ -122.707354, 38.410243 ], [ -122.707313, 38.410149 ], [ -122.707288, 38.410057 ], [ -122.707275, 38.409956 ], [ -122.707273, 38.409263 ], [ -122.707271, 38.409228 ], [ -122.707267, 38.409172 ], [ -122.706627, 38.409174 ], [ -122.706471, 38.409175 ], [ -122.705681, 38.409179 ], [ -122.70746, 38.40912 ], [ -122.708589, 38.409127 ], [ -122.711173, 38.409144 ], [ -122.713314, 38.409106 ], [ -122.713314, 38.408897 ], [ -122.713484, 38.408897 ], [ -122.713483, 38.408938 ], [ -122.713482, 38.409061 ], [ -122.713482, 38.409103 ], [ -122.713475, 38.409705 ] ] ] } },
{ "type": "Feature", "properties": { "STATEFP20": "06", "COUNTYFP20": "097", "TRACTCE20": "151405", "BLOCKCE20": "2011", "GEOID20": "060971514052011", "GEOIDFQ20": "1000000US060971514052011", "NAME20": "Block2011", "MTFCC20": "G5040", "UR20": "U", "UACE20": "79498", "FUNCSTAT20": "S", "ALAND20": 57016, "AWATER20": 0, "HOUSING20": 88, "POP20": 273, "DISTRICT": "Secondary", "block_of_residence": "060971514052011", "students": 5, "residents": 9, "INTPTLAT20": 38.406603597805521, "INTPTLON20": -122.71059191669423 }, "geometry": { "type": "Polygon", "coordinates": [ [ [ -122.709068, 38.407338 ], [ -122.708766, 38.407342 ], [ -122.708745, 38.405341 ], [ -122.708746, 38.404863 ], [ -122.708764, 38.404864 ], [ -122.708846, 38.404862 ], [ -122.709093, 38.40486 ], [ -122.709176, 38.404859 ], [ -122.709174, 38.405224 ], [ -122.709173, 38.405763 ], [ -122.709177, 38.4058 ], [ -122.709187, 38.405818 ], [ -122.709201, 38.405831 ], [ -122.709221, 38.405845 ], [ -122.709266, 38.405857 ], [ -122.709676, 38.405858 ], [ -122.710042, 38.405859 ], [ -122.710201, 38.405858 ], [ -122.710679, 38.405857 ], [ -122.710839, 38.405857 ], [ -122.710986, 38.405856 ], [ -122.711034, 38.405856 ], [ -122.711428, 38.405864 ], [ -122.711576, 38.405873 ], [ -122.711574, 38.405942 ], [ -122.711587, 38.406058 ], [ -122.711605, 38.40615 ], [ -122.711646, 38.40626 ], [ -122.711701, 38.406352 ], [ -122.711681, 38.406587 ], [ -122.712244, 38.40672 ], [ -122.71229, 38.406733 ], [ -122.71243, 38.406759 ], [ -122.712574, 38.406769 ], [ -122.712677, 38.406769 ], [ -122.712836, 38.406769 ], [ -122.713065, 38.406769 ], [ -122.713278, 38.406764 ], [ -122.713314, 38.406762 ], [ -122.713388, 38.406758 ], [ -122.713474, 38.406758 ], [ -122.713475, 38.406976 ], [ -122.713479, 38.407331 ], [ -122.713483, 38.407631 ], [ -122.713486, 38.40785 ], [ -122.713321, 38.407854 ], [ -122.713313, 38.407329 ], [ -122.709068, 38.407338 ] ] ] } },
{ "type": "Feature", "properties": { "STATEFP20": "06", "COUNTYFP20": "097", "TRACTCE20": "151405", "BLOCKCE20": "2012", "GEOID20": "060971514052012", "GEOIDFQ20": "1000000US060971514052012", "NAME20": "Block2012", "MTFCC20": "G5040", "UR20": "U", "UACE20": "79498", "FUNCSTAT20": "S", "ALAND20": 20642, "AWATER20": 0, "HOUSING20": 8, "POP20": 31, "DISTRICT": "Secondary", "block_of_residence": "060971514052012", "students": 0, "residents": 0, "INTPTLAT20": 38.40614132005345, "INTPTLON20": -122.71254964876543 }, "geometry": { "type": "Polygon", "coordinates": [ [ [ -122.713278, 38.406764 ], [ -122.713065, 38.406769 ], [ -122.712836, 38.406769 ], [ -122.712677, 38.406769 ], [ -122.712574, 38.406769 ], [ -122.71243, 38.406759 ], [ -122.71229, 38.406733 ], [ -122.712244, 38.40672 ], [ -122.711681, 38.406587 ], [ -122.711701, 38.406352 ], [ -122.711646, 38.40626 ], [ -122.711605, 38.40615 ], [ -122.711587, 38.406058 ], [ -122.711574, 38.405942 ], [ -122.711576, 38.405873 ], [ -122.711595, 38.405767 ], [ -122.711598, 38.405755 ], [ -122.711613, 38.405711 ], [ -122.711665, 38.405601 ], [ -122.711738, 38.405499 ], [ -122.711783, 38.405452 ], [ -122.711821, 38.405414 ], [ -122.71187, 38.405371 ], [ -122.711898, 38.405394 ], [ -122.712018, 38.405469 ], [ -122.712155, 38.405532 ], [ -122.71222, 38.405556 ], [ -122.712366, 38.405593 ], [ -122.712441, 38.405605 ], [ -122.712594, 38.405617 ], [ -122.713132, 38.40561 ], [ -122.713461, 38.405607 ], [ -122.713462, 38.405646 ], [ -122.713465, 38.405766 ], [ -122.713466, 38.405806 ], [ -122.713469, 38.405933 ], [ -122.713469, 38.405996 ], [ -122.713472, 38.406567 ], [ -122.713474, 38.406758 ], [ -122.713388, 38.406758 ], [ -122.713314, 38.406762 ], [ -122.713278, 38.406764 ] ] ] } },
{ "type": "Feature", "properties": { "STATEFP20": "06", "COUNTYFP20": "097", "TRACTCE20": "151405", "BLOCKCE20": "2013", "GEOID20": "060971514052013", "GEOIDFQ20": "1000000US060971514052013", "NAME20": "Block2013", "MTFCC20": "G5040", "UR20": "U", "UACE20": "79498", "FUNCSTAT20": "S", "ALAND20": 8312, "AWATER20": 0, "HOUSING20": 12, "POP20": 64, "DISTRICT": "Secondary", "block_of_residence": "060971514052013", "students": 0, "residents": 0, "INTPTLAT20": 38.405359484004194, "INTPTLON20": -122.7096053816948 }, "geometry": { "type": "Polygon", "coordinates": [ [ [ -122.709221, 38.405845 ], [ -122.709201, 38.405831 ], [ -122.709187, 38.405818 ], [ -122.709177, 38.4058 ], [ -122.709173, 38.405763 ], [ -122.709174, 38.405224 ], [ -122.709176, 38.404859 ], [ -122.709346, 38.404859 ], [ -122.709858, 38.404861 ], [ -122.710029, 38.404862 ], [ -122.710031, 38.405061 ], [ -122.710039, 38.405659 ], [ -122.710042, 38.405859 ], [ -122.709676, 38.405858 ], [ -122.709266, 38.405857 ], [ -122.709221, 38.405845 ] ] ] } },
{ "type": "Feature", "properties": { "STATEFP20": "06", "COUNTYFP20": "097", "TRACTCE20": "151405", "BLOCKCE20": "2014", "GEOID20": "060971514052014", "GEOIDFQ20": "1000000US060971514052014", "NAME20": "Block2014", "MTFCC20": "G5040", "UR20": "U", "UACE20": "79498", "FUNCSTAT20": "S", "ALAND20": 15120, "AWATER20": 0, "HOUSING20": 20, "POP20": 89, "DISTRICT": "Secondary", "block_of_residence": "060971514052014", "students": 1, "residents": 5, "INTPTLAT20": 38.405380055202087, "INTPTLON20": -122.710829722656 }, "geometry": { "type": "Polygon", "coordinates": [ [ [ -122.711665, 38.405601 ], [ -122.711613, 38.405711 ], [ -122.711598, 38.405755 ], [ -122.711595, 38.405767 ], [ -122.711576, 38.405873 ], [ -122.711428, 38.405864 ], [ -122.711034, 38.405856 ], [ -122.710986, 38.405856 ], [ -122.710839, 38.405857 ], [ -122.710679, 38.405857 ], [ -122.710201, 38.405858 ], [ -122.710042, 38.405859 ], [ -122.710039, 38.405659 ], [ -122.710031, 38.405061 ], [ -122.710029, 38.404862 ], [ -122.710252, 38.404857 ], [ -122.710426, 38.404859 ], [ -122.710963, 38.404869 ], [ -122.71111, 38.404896 ], [ -122.711253, 38.404941 ], [ -122.711388, 38.405002 ], [ -122.711509, 38.405077 ], [ -122.711561, 38.405119 ], [ -122.71187, 38.405371 ], [ -122.711821, 38.405414 ], [ -122.711783, 38.405452 ], [ -122.711738, 38.405499 ], [ -122.711665, 38.405601 ] ] ] } },
{ "type": "Feature", "properties": { "STATEFP20": "06", "COUNTYFP20": "097", "TRACTCE20": "151405", "BLOCKCE20": "3000", "GEOID20": "060971514053000", "GEOIDFQ20": "1000000US060971514053000", "NAME20": "Block3000", "MTFCC20": "G5040", "UR20": "U", "UACE20": "79498", "FUNCSTAT20": "S", "ALAND20": 4899, "AWATER20": 0, "HOUSING20": 10, "POP20": 56, "DISTRICT": "Secondary", "block_of_residence": "060971514053000", "students": 0, "residents": 0, "INTPTLAT20": 38.394699210010117, "INTPTLON20": -122.70928297211901 }, "geometry": { "type": "Polygon", "coordinates": [ [ [ -122.709478, 38.394988 ], [ -122.709467, 38.395055 ], [ -122.708887, 38.395054 ], [ -122.708885, 38.394688 ], [ -122.708884, 38.394409 ], [ -122.70982, 38.394393 ], [ -122.709813, 38.394493 ], [ -122.709715, 38.394647 ], [ -122.709513, 38.39496 ], [ -122.709478, 38.394988 ] ] ] } },
{ "type": "Feature", "properties": { "STATEFP20": "06", "COUNTYFP20": "097", "TRACTCE20": "151405", "BLOCKCE20": "3001", "GEOID20": "060971514053001", "GEOIDFQ20": "1000000US060971514053001", "NAME20": "Block3001", "MTFCC20": "G5040", "UR20": "U", "UACE20": "79498", "FUNCSTAT20": "S", "ALAND20": 108495, "AWATER20": 0, "HOUSING20": 28, "POP20": 99, "DISTRICT": "Secondary", "block_of_residence": "060971514053001", "students": 2, "residents": 2, "INTPTLAT20": 38.390687963160502, "INTPTLON20": -122.70980195288094 }, "geometry": { "type": "Polygon", "coordinates": [ [ [ -122.710629, 38.391405 ], [ -122.710552, 38.392411 ], [ -122.710008, 38.393367 ], [ -122.709868, 38.393669 ], [ -122.70982, 38.394393 ], [ -122.708884, 38.394409 ], [ -122.708898, 38.393194 ], [ -122.708908, 38.39254 ], [ -122.708915, 38.392077 ], [ -122.708917, 38.390575 ], [ -122.708936, 38.389291 ], [ -122.708939, 38.389088 ], [ -122.708931, 38.388366 ], [ -122.708953, 38.387835 ], [ -122.708975, 38.387793 ], [ -122.709023, 38.387758 ], [ -122.709044, 38.38775 ], [ -122.709097, 38.387741 ], [ -122.709288, 38.387739 ], [ -122.709407, 38.38774 ], [ -122.710044, 38.387746 ], [ -122.710568, 38.387745 ], [ -122.71086, 38.387745 ], [ -122.710955, 38.387746 ], [ -122.710859, 38.390993 ], [ -122.71081, 38.391081 ], [ -122.710629, 38.391405 ] ] ] } },
{ "type": "Feature", "properties": { "STATEFP20": "06", "COUNTYFP20": "097", "TRACTCE20": "151405", "BLOCKCE20": "3002", "GEOID20": "060971514053002", "GEOIDFQ20": "1000000US060971514053002", "NAME20": "Block3002", "MTFCC20": "G5040", "UR20": "U", "UACE20": "79498", "FUNCSTAT20": "S", "ALAND20": 188968, "AWATER20": 0, "HOUSING20": 27, "POP20": 69, "DISTRICT": "Secondary", "block_of_residence": "060971514053002", "students": 9, "residents": 18, "INTPTLAT20": 38.391318649893982, "INTPTLON20": -122.71203935366174 }, "geometry": { "type": "Polygon", "coordinates": [ [ [ -122.713414, 38.387947 ], [ -122.712943, 38.387948 ], [ -122.712786, 38.387949 ], [ -122.712765, 38.387965 ], [ -122.712763, 38.38805 ], [ -122.712787, 38.388066 ], [ -122.712809, 38.388081 ], [ -122.713568, 38.388082 ], [ -122.713559, 38.388351 ], [ -122.713559, 38.38846 ], [ -122.713561, 38.388907 ], [ -122.713546, 38.389622 ], [ -122.713544, 38.390002 ], [ -122.713543, 38.390517 ], [ -122.713542, 38.390615 ], [ -122.71354, 38.390912 ], [ -122.71354, 38.391011 ], [ -122.713537, 38.391327 ], [ -122.713538, 38.391691 ], [ -122.71354, 38.392198 ], [ -122.713534, 38.392697 ], [ -122.71353, 38.393088 ], [ -122.71353, 38.393697 ], [ -122.713529, 38.393733 ], [ -122.71352, 38.394414 ], [ -122.71321, 38.394416 ], [ -122.712316, 38.394404 ], [ -122.711502, 38.3944 ], [ -122.710343, 38.394401 ], [ -122.70982, 38.394393 ], [ -122.709868, 38.393669 ], [ -122.710008, 38.393367 ], [ -122.710552, 38.392411 ], [ -122.710629, 38.391405 ], [ -122.71081, 38.391081 ], [ -122.710859, 38.390993 ], [ -122.710955, 38.387746 ], [ -122.711312, 38.387748 ], [ -122.712015, 38.387753 ], [ -122.712385, 38.38775 ], [ -122.712743, 38.387748 ], [ -122.712909, 38.387751 ], [ -122.71341, 38.387761 ], [ -122.713577, 38.387765 ], [ -122.713575, 38.387801 ], [ -122.713573, 38.38791 ], [ -122.713572, 38.387947 ], [ -122.713414, 38.387947 ] ] ] } },
{ "type": "Feature", "properties": { "STATEFP20": "06", "COUNTYFP20": "097", "TRACTCE20": "151405", "BLOCKCE20": "3003", "GEOID20": "060971514053003", "GEOIDFQ20": "1000000US060971514053003", "NAME20": "Block3003", "MTFCC20": "G5040", "UR20": "U", "UACE20": "79498", "FUNCSTAT20": "S", "ALAND20": 1038, "AWATER20": 0, "HOUSING20": 8, "POP20": 33, "DISTRICT": "Secondary", "block_of_residence": "060971514053003", "students": 0, "residents": 0, "INTPTLAT20": 38.388014251765178, "INTPTLON20": -122.71317169435811 }, "geometry": { "type": "Polygon", "coordinates": [ [ [ -122.712763, 38.38805 ], [ -122.712765, 38.387965 ], [ -122.712786, 38.387949 ], [ -122.712943, 38.387948 ], [ -122.713414, 38.387947 ], [ -122.713572, 38.387947 ], [ -122.713568, 38.388082 ], [ -122.712809, 38.388081 ], [ -122.712787, 38.388066 ], [ -122.712763, 38.38805 ] ] ] } },
{ "type": "Feature", "properties": { "STATEFP20": "06", "COUNTYFP20": "097", "TRACTCE20": "151405", "BLOCKCE20": "3004", "GEOID20": "060971514053004", "GEOIDFQ20": "1000000US060971514053004", "NAME20": "Block3004", "MTFCC20": "G5040", "UR20": "U", "UACE20": "79498", "FUNCSTAT20": "S", "ALAND20": 169664, "AWATER20": 0, "HOUSING20": 106, "POP20": 316, "DISTRICT": "Secondary", "block_of_residence": "060971514053004", "students": 21, "residents": 26, "INTPTLAT20": 38.390199000581156, "INTPTLON20": -122.71479542114886 }, "geometry": { "type": "Polygon", "coordinates": [ [ [ -122.716018, 38.391292 ], [ -122.716011, 38.391836 ], [ -122.716011, 38.39271 ], [ -122.715998, 38.394422 ], [ -122.715789, 38.394418 ], [ -122.715675, 38.394416 ], [ -122.715536, 38.394417 ], [ -122.715552, 38.393925 ], [ -122.715552, 38.393416 ], [ -122.715561, 38.393022 ], [ -122.715559, 38.392672 ], [ -122.714736, 38.392662 ], [ -122.714482, 38.392665 ], [ -122.71446, 38.392672 ], [ -122.714454, 38.392683 ], [ -122.714444, 38.393017 ], [ -122.714539, 38.39302 ], [ -122.714535, 38.393403 ], [ -122.714535, 38.394421 ], [ -122.714075, 38.394422 ], [ -122.71395, 38.39442 ], [ -122.71352, 38.394414 ], [ -122.713529, 38.393733 ], [ -122.71353, 38.393697 ], [ -122.71353, 38.393088 ], [ -122.713534, 38.392697 ], [ -122.71354, 38.392198 ], [ -122.713538, 38.391691 ], [ -122.713537, 38.391327 ], [ -122.71354, 38.391011 ], [ -122.71354, 38.390912 ], [ -122.713542, 38.390615 ], [ -122.713543, 38.390517 ], [ -122.713544, 38.390002 ], [ -122.713546, 38.389622 ], [ -122.713561, 38.388907 ], [ -122.713559, 38.38846 ], [ -122.713559, 38.388351 ], [ -122.713568, 38.388082 ], [ -122.713572, 38.387947 ], [ -122.713573, 38.38791 ], [ -122.713575, 38.387801 ], [ -122.713577, 38.387765 ], [ -122.713577, 38.387626 ], [ -122.713578, 38.387209 ], [ -122.713579, 38.387071 ], [ -122.7142, 38.387077 ], [ -122.714605, 38.387081 ], [ -122.714624, 38.386753 ], [ -122.714669, 38.386527 ], [ -122.714686, 38.38646 ], [ -122.71474, 38.386398 ], [ -122.71498, 38.386274 ], [ -122.715223, 38.386263 ], [ -122.715474, 38.386249 ], [ -122.715956, 38.386251 ], [ -122.716054, 38.386251 ], [ -122.716052, 38.386521 ], [ -122.716033, 38.389154 ], [ -122.71602, 38.390986 ], [ -122.716018, 38.391292 ] ] ] } },
{ "type": "Feature", "properties": { "STATEFP20": "06", "COUNTYFP20": "097", "TRACTCE20": "151405", "BLOCKCE20": "3005", "GEOID20": "060971514053005", "GEOIDFQ20": "1000000US060971514053005", "NAME20": "Block3005", "MTFCC20": "G5040", "UR20": "U", "UACE20": "79498", "FUNCSTAT20": "S", "ALAND20": 3819, "AWATER20": 0, "HOUSING20": 13, "POP20": 33, "DISTRICT": "Secondary", "block_of_residence": "060971514053005", "students": 0, "residents": 0, "INTPTLAT20": 38.39284385699883, "INTPTLON20": -122.71500317717182 }, "geometry": { "type": "Polygon", "coordinates": [ [ [ -122.714454, 38.392683 ], [ -122.71446, 38.392672 ], [ -122.714482, 38.392665 ], [ -122.714736, 38.392662 ], [ -122.715559, 38.392672 ], [ -122.715561, 38.393022 ], [ -122.714539, 38.39302 ], [ -122.714444, 38.393017 ], [ -122.714454, 38.392683 ] ] ] } },
{ "type": "Feature", "properties": { "STATEFP20": "06", "COUNTYFP20": "097", "TRACTCE20": "151405", "BLOCKCE20": "3006", "GEOID20": "060971514053006", "GEOIDFQ20": "1000000US060971514053006", "NAME20": "Block3006", "MTFCC20": "G5040", "UR20": "U", "UACE20": "79498", "FUNCSTAT20": "S", "ALAND20": 3839, "AWATER20": 0, "HOUSING20": 9, "POP20": 25, "DISTRICT": "Secondary", "block_of_residence": "060971514053006", "students": 1, "residents": 1, "INTPTLAT20": 38.393215004458213, "INTPTLON20": -122.71504916989035 }, "geometry": { "type": "Polygon", "coordinates": [ [ [ -122.714539, 38.39302 ], [ -122.715561, 38.393022 ], [ -122.715552, 38.393416 ], [ -122.715039, 38.393409 ], [ -122.714535, 38.393403 ], [ -122.714539, 38.39302 ] ] ] } },
{ "type": "Feature", "properties": { "STATEFP20": "06", "COUNTYFP20": "097", "TRACTCE20": "151405", "BLOCKCE20": "3007", "GEOID20": "060971514053007", "GEOIDFQ20": "1000000US060971514053007", "NAME20": "Block3007", "MTFCC20": "G5040", "UR20": "U", "UACE20": "79498", "FUNCSTAT20": "S", "ALAND20": 4907, "AWATER20": 0, "HOUSING20": 11, "POP20": 45, "DISTRICT": "Secondary", "block_of_residence": "060971514053007", "students": 0, "residents": 0, "INTPTLAT20": 38.39391129865848, "INTPTLON20": -122.71478418195926 }, "geometry": { "type": "Polygon", "coordinates": [ [ [ -122.715039, 38.393409 ], [ -122.715029, 38.394419 ], [ -122.714535, 38.394421 ], [ -122.714535, 38.393403 ], [ -122.715039, 38.393409 ] ] ] } },
{ "type": "Feature", "properties": { "STATEFP20": "06", "COUNTYFP20": "097", "TRACTCE20": "151405", "BLOCKCE20": "3008", "GEOID20": "060971514053008", "GEOIDFQ20": "1000000US060971514053008", "NAME20": "Block3008", "MTFCC20": "G5040", "UR20": "U", "UACE20": "79498", "FUNCSTAT20": "S", "ALAND20": 5012, "AWATER20": 0, "HOUSING20": 8, "POP20": 22, "DISTRICT": "Secondary", "block_of_residence": "060971514053008", "students": 0, "residents": 0, "INTPTLAT20": 38.393914244905545, "INTPTLON20": -122.71529066815735 }, "geometry": { "type": "Polygon", "coordinates": [ [ [ -122.715029, 38.394419 ], [ -122.715039, 38.393409 ], [ -122.715552, 38.393416 ], [ -122.715552, 38.393925 ], [ -122.715536, 38.394417 ], [ -122.715243, 38.394418 ], [ -122.715029, 38.394419 ] ] ] } },
{ "type": "Feature", "properties": { "STATEFP20": "06", "COUNTYFP20": "097", "TRACTCE20": "151405", "BLOCKCE20": "3009", "GEOID20": "060971514053009", "GEOIDFQ20": "1000000US060971514053009", "NAME20": "Block3009", "MTFCC20": "G5040", "UR20": "U", "UACE20": "79498", "FUNCSTAT20": "S", "ALAND20": 19448, "AWATER20": 0, "HOUSING20": 0, "POP20": 0, "DISTRICT": "Secondary", "block_of_residence": "060971514053009", "students": 0, "residents": 0, "INTPTLAT20": 38.390351547686031, "INTPTLON20": -122.71614785121893 }, "geometry": { "type": "Polygon", "coordinates": [ [ [ -122.716278, 38.387979 ], [ -122.716279, 38.388402 ], [ -122.716281, 38.388617 ], [ -122.716275, 38.389093 ], [ -122.716271, 38.389517 ], [ -122.716269, 38.390525 ], [ -122.716269, 38.390899 ], [ -122.716266, 38.391002 ], [ -122.716262, 38.391152 ], [ -122.716256, 38.391357 ], [ -122.716256, 38.391686 ], [ -122.716259, 38.393109 ], [ -122.716253, 38.393741 ], [ -122.716247, 38.394427 ], [ -122.716132, 38.394424 ], [ -122.715998, 38.394422 ], [ -122.716011, 38.39271 ], [ -122.716011, 38.391836 ], [ -122.716018, 38.391292 ], [ -122.71602, 38.390986 ], [ -122.716033, 38.389154 ], [ -122.716052, 38.386521 ], [ -122.716054, 38.386251 ], [ -122.716301, 38.386259 ], [ -122.716293, 38.387545 ], [ -122.716292, 38.387759 ], [ -122.716292, 38.387788 ], [ -122.716278, 38.387979 ] ] ] } },
{ "type": "Feature", "properties": { "STATEFP20": "06", "COUNTYFP20": "097", "TRACTCE20": "151405", "BLOCKCE20": "3010", "GEOID20": "060971514053010", "GEOIDFQ20": "1000000US060971514053010", "NAME20": "Block3010", "MTFCC20": "G5040", "UR20": "U", "UACE20": "79498", "FUNCSTAT20": "S", "ALAND20": 34213, "AWATER20": 0, "HOUSING20": 0, "POP20": 0, "DISTRICT": "Secondary", "block_of_residence": "060971514053010", "students": 0, "residents": 0, "INTPTLAT20": 38.378984771309902, "INTPTLON20": -122.71598549672854 }, "geometry": { "type": "Polygon", "coordinates": [ [ [ -122.716306, 38.385226 ], [ -122.716301, 38.386259 ], [ -122.716054, 38.386251 ], [ -122.716054, 38.38619 ], [ -122.71606, 38.385498 ], [ -122.716086, 38.381665 ], [ -122.716089, 38.381183 ], [ -122.71611, 38.376734 ], [ -122.716099, 38.376374 ], [ -122.716089, 38.376272 ], [ -122.716057, 38.375922 ], [ -122.716033, 38.37575 ], [ -122.715952, 38.375326 ], [ -122.715819, 38.374846 ], [ -122.71574, 38.374594 ], [ -122.715678, 38.374422 ], [ -122.715539, 38.374082 ], [ -122.715305, 38.373594 ], [ -122.714951, 38.373023 ], [ -122.714258, 38.37204 ], [ -122.714285, 38.372 ], [ -122.714368, 38.371882 ], [ -122.714396, 38.371843 ], [ -122.714413, 38.371869 ], [ -122.714467, 38.37195 ], [ -122.714486, 38.371977 ], [ -122.714611, 38.372164 ], [ -122.715035, 38.372754 ], [ -122.715208, 38.372994 ], [ -122.715571, 38.373588 ], [ -122.715918, 38.374385 ], [ -122.716081, 38.374884 ], [ -122.716141, 38.37507 ], [ -122.716187, 38.37526 ], [ -122.716202, 38.37534 ], [ -122.716261, 38.375641 ], [ -122.716304, 38.37595 ], [ -122.716334, 38.376283 ], [ -122.716346, 38.37641 ], [ -122.716353, 38.376579 ], [ -122.716348, 38.377358 ], [ -122.71633, 38.380587 ], [ -122.716325, 38.381664 ], [ -122.716306, 38.385226 ] ] ] } },
{ "type": "Feature", "properties": { "STATEFP20": "06", "COUNTYFP20": "097", "TRACTCE20": "151405", "BLOCKCE20": "3011", "GEOID20": "060971514053011", "GEOIDFQ20": "1000000US060971514053011", "NAME20": "Block3011", "MTFCC20": "G5040", "UR20": "U", "UACE20": "79498", "FUNCSTAT20": "S", "ALAND20": 120692, "AWATER20": 0, "HOUSING20": 7, "POP20": 28, "DISTRICT": "Secondary", "block_of_residence": "060971514053011", "students": 0, "residents": 0, "INTPTLAT20": 38.38414551394191, "INTPTLON20": -122.71476220182358 }, "geometry": { "type": "Polygon", "coordinates": [ [ [ -122.715956, 38.386251 ], [ -122.715474, 38.386249 ], [ -122.715223, 38.386263 ], [ -122.71498, 38.386274 ], [ -122.71474, 38.386398 ], [ -122.714686, 38.38646 ], [ -122.714669, 38.386527 ], [ -122.714624, 38.386753 ], [ -122.714605, 38.387081 ], [ -122.7142, 38.387077 ], [ -122.713579, 38.387071 ], [ -122.713588, 38.386428 ], [ -122.713588, 38.386286 ], [ -122.713589, 38.385787 ], [ -122.713568, 38.385329 ], [ -122.713559, 38.384921 ], [ -122.713557, 38.384385 ], [ -122.713544, 38.383932 ], [ -122.713539, 38.383748 ], [ -122.713533, 38.383148 ], [ -122.713528, 38.38286 ], [ -122.713521, 38.382346 ], [ -122.713513, 38.381997 ], [ -122.713507, 38.38171 ], [ -122.71407, 38.381694 ], [ -122.714625, 38.38168 ], [ -122.714904, 38.381669 ], [ -122.715761, 38.381666 ], [ -122.716086, 38.381665 ], [ -122.71606, 38.385498 ], [ -122.716054, 38.38619 ], [ -122.716054, 38.386251 ], [ -122.715956, 38.386251 ] ] ] } },
{ "type": "Feature", "properties": { "STATEFP20": "06", "COUNTYFP20": "097", "TRACTCE20": "151405", "BLOCKCE20": "3012", "GEOID20": "060971514053012", "GEOIDFQ20": "1000000US060971514053012", "NAME20": "Block3012", "MTFCC20": "G5040", "UR20": "U", "UACE20": "79498", "FUNCSTAT20": "S", "ALAND20": 128420, "AWATER20": 0, "HOUSING20": 1, "POP20": 23, "DISTRICT": "Secondary", "block_of_residence": "060971514053012", "students": 0, "residents": 0, "INTPTLAT20": 38.384458713706579, "INTPTLON20": -122.71230797649444 }, "geometry": { "type": "Polygon", "coordinates": [ [ [ -122.713058, 38.387059 ], [ -122.713034, 38.387059 ], [ -122.711496, 38.387047 ], [ -122.710976, 38.387043 ], [ -122.71099, 38.387027 ], [ -122.710996, 38.386319 ], [ -122.710997, 38.386247 ], [ -122.711036, 38.384134 ], [ -122.71105, 38.383406 ], [ -122.71105, 38.38337 ], [ -122.711052, 38.383264 ], [ -122.711053, 38.383229 ], [ -122.711059, 38.382878 ], [ -122.711066, 38.382549 ], [ -122.7111, 38.382346 ], [ -122.711205, 38.382154 ], [ -122.711359, 38.381989 ], [ -122.71142, 38.381949 ], [ -122.711715, 38.381758 ], [ -122.712073, 38.381748 ], [ -122.713148, 38.381719 ], [ -122.713507, 38.38171 ], [ -122.713513, 38.381997 ], [ -122.713521, 38.382346 ], [ -122.713528, 38.38286 ], [ -122.713533, 38.383148 ], [ -122.713539, 38.383748 ], [ -122.713544, 38.383932 ], [ -122.713557, 38.384385 ], [ -122.713559, 38.384921 ], [ -122.713568, 38.385329 ], [ -122.713589, 38.385787 ], [ -122.713588, 38.386286 ], [ -122.713588, 38.386428 ], [ -122.713579, 38.387071 ], [ -122.713058, 38.387059 ] ] ] } },
{ "type": "Feature", "properties": { "STATEFP20": "06", "COUNTYFP20": "097", "TRACTCE20": "151405", "BLOCKCE20": "3013", "GEOID20": "060971514053013", "GEOIDFQ20": "1000000US060971514053013", "NAME20": "Block3013", "MTFCC20": "G5040", "UR20": "U", "UACE20": "79498", "FUNCSTAT20": "S", "ALAND20": 17687, "AWATER20": 0, "HOUSING20": 0, "POP20": 0, "DISTRICT": "Secondary", "block_of_residence": "060971514053013", "students": 0, "residents": 0, "INTPTLAT20": 38.387403203048116, "INTPTLON20": -122.71226712735113 }, "geometry": { "type": "Polygon", "coordinates": [ [ [ -122.71341, 38.387761 ], [ -122.712909, 38.387751 ], [ -122.712743, 38.387748 ], [ -122.712385, 38.38775 ], [ -122.712015, 38.387753 ], [ -122.711312, 38.387748 ], [ -122.710955, 38.387746 ], [ -122.710958, 38.387605 ], [ -122.710971, 38.387183 ], [ -122.710976, 38.387043 ], [ -122.711496, 38.387047 ], [ -122.713034, 38.387059 ], [ -122.713058, 38.387059 ], [ -122.713579, 38.387071 ], [ -122.713578, 38.387209 ], [ -122.713577, 38.387626 ], [ -122.713577, 38.387765 ], [ -122.71341, 38.387761 ] ] ] } },
{ "type": "Feature", "properties": { "STATEFP20": "06", "COUNTYFP20": "097", "TRACTCE20": "151405", "BLOCKCE20": "3014", "GEOID20": "060971514053014", "GEOIDFQ20": "1000000US060971514053014", "NAME20": "Block3014", "MTFCC20": "G5040", "UR20": "U", "UACE20": "79498", "FUNCSTAT20": "S", "ALAND20": 166717, "AWATER20": 0, "HOUSING20": 7, "POP20": 26, "DISTRICT": "Secondary", "block_of_residence": "060971514053014", "students": 0, "residents": 0, "INTPTLAT20": 38.380574227447305, "INTPTLON20": -122.70996450508159 }, "geometry": { "type": "Polygon", "coordinates": [ [ [ -122.711715, 38.381758 ], [ -122.710677, 38.38179 ], [ -122.708204, 38.381869 ], [ -122.707565, 38.381867 ], [ -122.706528, 38.381865 ], [ -122.706525, 38.381716 ], [ -122.706521, 38.381445 ], [ -122.70653, 38.38135 ], [ -122.70653, 38.38127 ], [ -122.706531, 38.381161 ], [ -122.706527, 38.381122 ], [ -122.706512, 38.38099 ], [ -122.706504, 38.380769 ], [ -122.7065, 38.380638 ], [ -122.706501, 38.3799 ], [ -122.706506, 38.37971 ], [ -122.706511, 38.379535 ], [ -122.706547, 38.379361 ], [ -122.70793, 38.37935 ], [ -122.708688, 38.379345 ], [ -122.710847, 38.379339 ], [ -122.711751, 38.379327 ], [ -122.712081, 38.379328 ], [ -122.712932, 38.379331 ], [ -122.713371, 38.379313 ], [ -122.713464, 38.379304 ], [ -122.713471, 38.379785 ], [ -122.713482, 38.380513 ], [ -122.713496, 38.381228 ], [ -122.713507, 38.38171 ], [ -122.713148, 38.381719 ], [ -122.712073, 38.381748 ], [ -122.711715, 38.381758 ] ] ] } },
{ "type": "Feature", "properties": { "STATEFP20": "06", "COUNTYFP20": "097", "TRACTCE20": "151405", "BLOCKCE20": "3015", "GEOID20": "060971514053015", "GEOIDFQ20": "1000000US060971514053015", "NAME20": "Block3015", "MTFCC20": "G5040", "UR20": "R", "UACE20": null, "FUNCSTAT20": "S", "ALAND20": 238570, "AWATER20": 0, "HOUSING20": 11, "POP20": 26, "DISTRICT": "Secondary", "block_of_residence": "060971514053015", "students": 0, "residents": 2, "INTPTLAT20": 38.382297783378199, "INTPTLON20": -122.70277971705023 }, "geometry": { "type": "Polygon", "coordinates": [ [ [ -122.7111, 38.382346 ], [ -122.711066, 38.382549 ], [ -122.711059, 38.382878 ], [ -122.711053, 38.383229 ], [ -122.711052, 38.383264 ], [ -122.71105, 38.38337 ], [ -122.71105, 38.383406 ], [ -122.710121, 38.383323 ], [ -122.709291, 38.38325 ], [ -122.707746, 38.383116 ], [ -122.707337, 38.383081 ], [ -122.706409, 38.383001 ], [ -122.706331, 38.383 ], [ -122.706097, 38.383 ], [ -122.70602, 38.383 ], [ -122.704067, 38.382993 ], [ -122.702593, 38.382989 ], [ -122.70255, 38.383019 ], [ -122.702495, 38.383034 ], [ -122.702255, 38.383025 ], [ -122.701961, 38.38303 ], [ -122.70128, 38.383031 ], [ -122.700837, 38.383037 ], [ -122.700138, 38.383039 ], [ -122.69822, 38.383053 ], [ -122.698106, 38.383054 ], [ -122.697607, 38.383053 ], [ -122.697212, 38.383061 ], [ -122.696809, 38.383058 ], [ -122.696268, 38.383063 ], [ -122.695987, 38.383065 ], [ -122.695731, 38.383067 ], [ -122.695232, 38.383085 ], [ -122.695186, 38.383074 ], [ -122.695155, 38.38305 ], [ -122.695134, 38.383011 ], [ -122.695139, 38.382973 ], [ -122.695135, 38.382776 ], [ -122.695132, 38.3825 ], [ -122.695131, 38.382265 ], [ -122.695121, 38.381951 ], [ -122.695117, 38.381673 ], [ -122.695114, 38.381398 ], [ -122.695487, 38.381399 ], [ -122.696606, 38.381402 ], [ -122.69698, 38.381403 ], [ -122.698907, 38.381378 ], [ -122.699638, 38.381369 ], [ -122.704121, 38.381314 ], [ -122.704667, 38.381469 ], [ -122.704798, 38.381506 ], [ -122.705482, 38.381781 ], [ -122.705845, 38.381863 ], [ -122.706528, 38.381865 ], [ -122.707565, 38.381867 ], [ -122.708204, 38.381869 ], [ -122.710677, 38.38179 ], [ -122.711715, 38.381758 ], [ -122.71142, 38.381949 ], [ -122.711359, 38.381989 ], [ -122.711205, 38.382154 ], [ -122.7111, 38.382346 ] ] ] } },
{ "type": "Feature", "properties": { "STATEFP20": "06", "COUNTYFP20": "097", "TRACTCE20": "151405", "BLOCKCE20": "3016", "GEOID20": "060971514053016", "GEOIDFQ20": "1000000US060971514053016", "NAME20": "Block3016", "MTFCC20": "G5040", "UR20": "U", "UACE20": "79498", "FUNCSTAT20": "S", "ALAND20": 117161, "AWATER20": 0, "HOUSING20": 11, "POP20": 37, "DISTRICT": "Secondary", "block_of_residence": "060971514053016", "students": 1, "residents": 1, "INTPTLAT20": 38.382053673269674, "INTPTLON20": -122.69121689561926 }, "geometry": { "type": "Polygon", "coordinates": [ [ [ -122.694108, 38.382777 ], [ -122.693745, 38.38278 ], [ -122.693347, 38.382777 ], [ -122.69278, 38.382775 ], [ -122.692596, 38.382778 ], [ -122.692391, 38.382773 ], [ -122.692188, 38.382775 ], [ -122.691554, 38.38277 ], [ -122.691124, 38.38278 ], [ -122.690851, 38.382778 ], [ -122.689084, 38.382784 ], [ -122.688275, 38.382777 ], [ -122.688035, 38.382779 ], [ -122.687986, 38.382784 ], [ -122.687929, 38.382807 ], [ -122.68791, 38.382824 ], [ -122.687854, 38.382901 ], [ -122.687687, 38.383384 ], [ -122.687588, 38.383623 ], [ -122.687528, 38.383789 ], [ -122.687403, 38.384216 ], [ -122.687343, 38.384347 ], [ -122.687299, 38.384401 ], [ -122.687263, 38.384348 ], [ -122.687155, 38.384192 ], [ -122.687119, 38.384141 ], [ -122.687195, 38.383985 ], [ -122.68731, 38.383615 ], [ -122.68746, 38.383139 ], [ -122.687691, 38.382738 ], [ -122.687635, 38.382021 ], [ -122.687593, 38.381463 ], [ -122.687663, 38.381299 ], [ -122.687816, 38.381216 ], [ -122.688547, 38.381213 ], [ -122.691798, 38.381202 ], [ -122.692583, 38.3812 ], [ -122.692882, 38.381197 ], [ -122.693333, 38.381192 ], [ -122.6937, 38.381189 ], [ -122.694, 38.381189 ], [ -122.694668, 38.381345 ], [ -122.694887, 38.381397 ], [ -122.695114, 38.381398 ], [ -122.695117, 38.381673 ], [ -122.695121, 38.381951 ], [ -122.695131, 38.382265 ], [ -122.695132, 38.3825 ], [ -122.695135, 38.382776 ], [ -122.695042, 38.382779 ], [ -122.69445, 38.382781 ], [ -122.694108, 38.382777 ] ] ] } },
{ "type": "Feature", "properties": { "STATEFP20": "06", "COUNTYFP20": "097", "TRACTCE20": "151405", "BLOCKCE20": "3017", "GEOID20": "060971514053017", "GEOIDFQ20": "1000000US060971514053017", "NAME20": "Block3017", "MTFCC20": "G5040", "UR20": "U", "UACE20": "79498", "FUNCSTAT20": "S", "ALAND20": 58441, "AWATER20": 0, "HOUSING20": 8, "POP20": 23, "DISTRICT": "Secondary", "block_of_residence": "060971514053017", "students": 0, "residents": 0, "INTPTLAT20": 38.381572661235339, "INTPTLON20": -122.68671176014274 }, "geometry": { "type": "Polygon", "coordinates": [ [ [ -122.687195, 38.383985 ], [ -122.687119, 38.384141 ], [ -122.687061, 38.384056 ], [ -122.686822, 38.383701 ], [ -122.686597, 38.383365 ], [ -122.686293, 38.382927 ], [ -122.685913, 38.382396 ], [ -122.685789, 38.382223 ], [ -122.685597, 38.381971 ], [ -122.685718, 38.381893 ], [ -122.685815, 38.381811 ], [ -122.685865, 38.381737 ], [ -122.685891, 38.381663 ], [ -122.685901, 38.381597 ], [ -122.685901, 38.381578 ], [ -122.685907, 38.381404 ], [ -122.685898, 38.381189 ], [ -122.685901, 38.380806 ], [ -122.685884, 38.380006 ], [ -122.685874, 38.379482 ], [ -122.686099, 38.379476 ], [ -122.686741, 38.379473 ], [ -122.686959, 38.379473 ], [ -122.687133, 38.379863 ], [ -122.687216, 38.380046 ], [ -122.6873, 38.38059 ], [ -122.687321, 38.380832 ], [ -122.687376, 38.381115 ], [ -122.687398, 38.381227 ], [ -122.687502, 38.381403 ], [ -122.687593, 38.381463 ], [ -122.687635, 38.382021 ], [ -122.687691, 38.382738 ], [ -122.68746, 38.383139 ], [ -122.68731, 38.383615 ], [ -122.687195, 38.383985 ] ] ] } },
{ "type": "Feature", "properties": { "STATEFP20": "06", "COUNTYFP20": "097", "TRACTCE20": "151405", "BLOCKCE20": "3018", "GEOID20": "060971514053018", "GEOIDFQ20": "1000000US060971514053018", "NAME20": "Block3018", "MTFCC20": "G5040", "UR20": "U", "UACE20": "79498", "FUNCSTAT20": "S", "ALAND20": 135230, "AWATER20": 0, "HOUSING20": 21, "POP20": 49, "DISTRICT": "Secondary", "block_of_residence": "060971514053018", "students": 0, "residents": 0, "INTPTLAT20": 38.380334686781467, "INTPTLON20": -122.69118531940146 }, "geometry": { "type": "Polygon", "coordinates": [ [ [ -122.694, 38.381189 ], [ -122.6937, 38.381189 ], [ -122.693333, 38.381192 ], [ -122.692882, 38.381197 ], [ -122.692583, 38.3812 ], [ -122.691798, 38.381202 ], [ -122.688547, 38.381213 ], [ -122.687816, 38.381216 ], [ -122.687663, 38.381299 ], [ -122.687593, 38.381463 ], [ -122.687502, 38.381403 ], [ -122.687398, 38.381227 ], [ -122.687376, 38.381115 ], [ -122.687321, 38.380832 ], [ -122.6873, 38.38059 ], [ -122.687216, 38.380046 ], [ -122.687133, 38.379863 ], [ -122.686959, 38.379473 ], [ -122.687275, 38.379472 ], [ -122.687627, 38.379469 ], [ -122.688161, 38.379465 ], [ -122.689634, 38.37946 ], [ -122.690304, 38.379458 ], [ -122.690638, 38.37946 ], [ -122.690814, 38.379457 ], [ -122.691281, 38.379452 ], [ -122.692347, 38.379447 ], [ -122.692859, 38.379446 ], [ -122.693296, 38.379443 ], [ -122.69374, 38.379441 ], [ -122.694609, 38.379438 ], [ -122.694939, 38.379437 ], [ -122.695047, 38.379432 ], [ -122.695077, 38.379722 ], [ -122.695084, 38.379919 ], [ -122.695099, 38.380336 ], [ -122.695102, 38.380574 ], [ -122.695107, 38.380861 ], [ -122.695108, 38.380968 ], [ -122.695112, 38.38129 ], [ -122.695114, 38.381398 ], [ -122.694887, 38.381397 ], [ -122.694668, 38.381345 ], [ -122.694, 38.381189 ] ] ] } },
{ "type": "Feature", "properties": { "STATEFP20": "06", "COUNTYFP20": "097", "TRACTCE20": "151405", "BLOCKCE20": "3019", "GEOID20": "060971514053019", "GEOIDFQ20": "1000000US060971514053019", "NAME20": "Block3019", "MTFCC20": "G5040", "UR20": "U", "UACE20": "79498", "FUNCSTAT20": "S", "ALAND20": 50881, "AWATER20": 0, "HOUSING20": 12, "POP20": 36, "DISTRICT": "Secondary", "block_of_residence": "060971514053019", "students": 0, "residents": 0, "INTPTLAT20": 38.380801035605295, "INTPTLON20": -122.69724330240298 }, "geometry": { "type": "Polygon", "coordinates": [ [ [ -122.696606, 38.381402 ], [ -122.695487, 38.381399 ], [ -122.695114, 38.381398 ], [ -122.695112, 38.38129 ], [ -122.695108, 38.380968 ], [ -122.695107, 38.380861 ], [ -122.695102, 38.380574 ], [ -122.695099, 38.380336 ], [ -122.695084, 38.379919 ], [ -122.695923, 38.379919 ], [ -122.695928, 38.38031 ], [ -122.699608, 38.380288 ], [ -122.699619, 38.381225 ], [ -122.699638, 38.381369 ], [ -122.698907, 38.381378 ], [ -122.69698, 38.381403 ], [ -122.696606, 38.381402 ] ] ] } },
{ "type": "Feature", "properties": { "STATEFP20": "06", "COUNTYFP20": "097", "TRACTCE20": "151405", "BLOCKCE20": "3020", "GEOID20": "060971514053020", "GEOIDFQ20": "1000000US060971514053020", "NAME20": "Block3020", "MTFCC20": "G5040", "UR20": "U", "UACE20": "79498", "FUNCSTAT20": "S", "ALAND20": 174858, "AWATER20": 0, "HOUSING20": 25, "POP20": 97, "DISTRICT": "Secondary", "block_of_residence": "060971514053020", "students": 1, "residents": 1, "INTPTLAT20": 38.380303544930413, "INTPTLON20": -122.70203248434845 }, "geometry": { "type": "Polygon", "coordinates": [ [ [ -122.7065, 38.380638 ], [ -122.706504, 38.380769 ], [ -122.706512, 38.38099 ], [ -122.706527, 38.381122 ], [ -122.706531, 38.381161 ], [ -122.70653, 38.38127 ], [ -122.70653, 38.38135 ], [ -122.706521, 38.381445 ], [ -122.706525, 38.381716 ], [ -122.706528, 38.381865 ], [ -122.705845, 38.381863 ], [ -122.705482, 38.381781 ], [ -122.704798, 38.381506 ], [ -122.704667, 38.381469 ], [ -122.704121, 38.381314 ], [ -122.699638, 38.381369 ], [ -122.699619, 38.381225 ], [ -122.699608, 38.380288 ], [ -122.695928, 38.38031 ], [ -122.695923, 38.379919 ], [ -122.695084, 38.379919 ], [ -122.695077, 38.379722 ], [ -122.695047, 38.379432 ], [ -122.695313, 38.379421 ], [ -122.697346, 38.37941 ], [ -122.697369, 38.37941 ], [ -122.697594, 38.379406 ], [ -122.699098, 38.379399 ], [ -122.699376, 38.379394 ], [ -122.699691, 38.379394 ], [ -122.700611, 38.379387 ], [ -122.703228, 38.379378 ], [ -122.703455, 38.379384 ], [ -122.704247, 38.379382 ], [ -122.704381, 38.379382 ], [ -122.705182, 38.37937 ], [ -122.706547, 38.379361 ], [ -122.706511, 38.379535 ], [ -122.706506, 38.37971 ], [ -122.706501, 38.3799 ], [ -122.7065, 38.380638 ] ] ] } },
{ "type": "Feature", "properties": { "STATEFP20": "06", "COUNTYFP20": "097", "TRACTCE20": "151405", "BLOCKCE20": "3021", "GEOID20": "060971514053021", "GEOIDFQ20": "1000000US060971514053021", "NAME20": "Block3021", "MTFCC20": "G5040", "UR20": "U", "UACE20": "79498", "FUNCSTAT20": "S", "ALAND20": 216029, "AWATER20": 0, "HOUSING20": 12, "POP20": 29, "DISTRICT": "Secondary", "block_of_residence": "060971514053021", "students": 0, "residents": 2, "INTPTLAT20": 38.377391820143636, "INTPTLON20": -122.71469547433293 }, "geometry": { "type": "Polygon", "coordinates": [ [ [ -122.715761, 38.381666 ], [ -122.714904, 38.381669 ], [ -122.714625, 38.38168 ], [ -122.71407, 38.381694 ], [ -122.713507, 38.38171 ], [ -122.713496, 38.381228 ], [ -122.713482, 38.380513 ], [ -122.713471, 38.379785 ], [ -122.713464, 38.379304 ], [ -122.713459, 38.378894 ], [ -122.713444, 38.377667 ], [ -122.71344, 38.377258 ], [ -122.713438, 38.377096 ], [ -122.713435, 38.376611 ], [ -122.713434, 38.37645 ], [ -122.713433, 38.37642 ], [ -122.713433, 38.376332 ], [ -122.713433, 38.376303 ], [ -122.713432, 38.376171 ], [ -122.713432, 38.376143 ], [ -122.713441, 38.376053 ], [ -122.713426, 38.375775 ], [ -122.713426, 38.375761 ], [ -122.713425, 38.375644 ], [ -122.713424, 38.375254 ], [ -122.713423, 38.375238 ], [ -122.713412, 38.374736 ], [ -122.713415, 38.374487 ], [ -122.713411, 38.37402 ], [ -122.713411, 38.373971 ], [ -122.713413, 38.373615 ], [ -122.713413, 38.373528 ], [ -122.713415, 38.373268 ], [ -122.713416, 38.373182 ], [ -122.713592, 38.372959 ], [ -122.71368, 38.372848 ], [ -122.713888, 38.372566 ], [ -122.714094, 38.372272 ], [ -122.714258, 38.37204 ], [ -122.714951, 38.373023 ], [ -122.715305, 38.373594 ], [ -122.715539, 38.374082 ], [ -122.715678, 38.374422 ], [ -122.71574, 38.374594 ], [ -122.715819, 38.374846 ], [ -122.715952, 38.375326 ], [ -122.716033, 38.37575 ], [ -122.716057, 38.375922 ], [ -122.716089, 38.376272 ], [ -122.716099, 38.376374 ], [ -122.71611, 38.376734 ], [ -122.716089, 38.381183 ], [ -122.716086, 38.381665 ], [ -122.715761, 38.381666 ] ] ] } },
{ "type": "Feature", "properties": { "STATEFP20": "06", "COUNTYFP20": "097", "TRACTCE20": "151405", "BLOCKCE20": "4000", "GEOID20": "060971514054000", "GEOIDFQ20": "1000000US060971514054000", "NAME20": "Block4000", "MTFCC20": "G5040", "UR20": "R", "UACE20": null, "FUNCSTAT20": "S", "ALAND20": 2077357, "AWATER20": 0, "HOUSING20": 39, "POP20": 95, "DISTRICT": "Secondary", "block_of_residence": "060971514054000", "students": 0, "residents": 2, "INTPTLAT20": 38.392501809163711, "INTPTLON20": -122.69760480743275 }, "geometry": { "type": "Polygon", "coordinates": [ [ [ -122.699647, 38.386854 ], [ -122.699616, 38.3944 ], [ -122.699507, 38.395061 ], [ -122.699647, 38.395775 ], [ -122.699593, 38.39609 ], [ -122.699539, 38.396407 ], [ -122.699556, 38.4018 ], [ -122.706859, 38.401826 ], [ -122.706944, 38.404849 ], [ -122.706816, 38.404855 ], [ -122.70673, 38.404857 ], [ -122.705351, 38.404895 ], [ -122.70521, 38.4049 ], [ -122.704773, 38.404916 ], [ -122.704219, 38.404937 ], [ -122.704172, 38.404952 ], [ -122.704152, 38.404966 ], [ -122.704136, 38.404984 ], [ -122.704121, 38.40502 ], [ -122.704122, 38.40523 ], [ -122.704127, 38.405388 ], [ -122.70414, 38.405833 ], [ -122.704141, 38.405847 ], [ -122.70415, 38.406916 ], [ -122.70417, 38.407932 ], [ -122.704176, 38.40839 ], [ -122.704184, 38.408971 ], [ -122.704178, 38.409051 ], [ -122.704167, 38.409107 ], [ -122.704127, 38.40915 ], [ -122.70407, 38.409201 ], [ -122.70401, 38.409163 ], [ -122.703974, 38.409147 ], [ -122.703895, 38.409128 ], [ -122.703849, 38.409125 ], [ -122.703771, 38.409125 ], [ -122.703366, 38.40913 ], [ -122.702884, 38.409128 ], [ -122.702824, 38.40913 ], [ -122.70271, 38.409136 ], [ -122.702639, 38.409136 ], [ -122.702601, 38.409131 ], [ -122.702521, 38.409087 ], [ -122.702315, 38.408893 ], [ -122.702136, 38.408724 ], [ -122.701879, 38.408467 ], [ -122.701737, 38.408318 ], [ -122.701127, 38.407602 ], [ -122.700999, 38.407443 ], [ -122.700627, 38.407006 ], [ -122.70048, 38.406844 ], [ -122.699977, 38.40624 ], [ -122.699686, 38.405869 ], [ -122.699303, 38.405425 ], [ -122.699052, 38.405129 ], [ -122.69891, 38.404948 ], [ -122.698502, 38.404378 ], [ -122.698383, 38.404201 ], [ -122.698297, 38.404052 ], [ -122.698079, 38.403718 ], [ -122.697955, 38.403543 ], [ -122.697774, 38.403279 ], [ -122.697065, 38.402182 ], [ -122.696892, 38.401923 ], [ -122.696745, 38.401686 ], [ -122.69641, 38.40117 ], [ -122.695843, 38.400293 ], [ -122.695709, 38.400076 ], [ -122.695395, 38.399596 ], [ -122.695269, 38.399393 ], [ -122.695173, 38.399237 ], [ -122.695108, 38.39912 ], [ -122.694985, 38.398865 ], [ -122.694715, 38.398188 ], [ -122.694404, 38.397377 ], [ -122.694333, 38.397209 ], [ -122.694227, 38.396979 ], [ -122.694035, 38.396627 ], [ -122.693163, 38.395086 ], [ -122.69304, 38.394864 ], [ -122.692962, 38.394722 ], [ -122.6929, 38.394598 ], [ -122.692769, 38.394287 ], [ -122.692743, 38.394215 ], [ -122.692681, 38.394022 ], [ -122.692644, 38.393889 ], [ -122.692582, 38.393608 ], [ -122.69255, 38.393466 ], [ -122.692311, 38.392373 ], [ -122.692235, 38.392068 ], [ -122.692195, 38.391946 ], [ -122.692119, 38.391721 ], [ -122.691974, 38.391369 ], [ -122.691874, 38.39116 ], [ -122.69181, 38.391045 ], [ -122.691461, 38.390489 ], [ -122.691074, 38.38993 ], [ -122.690674, 38.38935 ], [ -122.69044, 38.38901 ], [ -122.689992, 38.388347 ], [ -122.689534, 38.387679 ], [ -122.68928, 38.387303 ], [ -122.689182, 38.387158 ], [ -122.688755, 38.386541 ], [ -122.688514, 38.386182 ], [ -122.688262, 38.385807 ], [ -122.688069, 38.385525 ], [ -122.687491, 38.384682 ], [ -122.687299, 38.384401 ], [ -122.687343, 38.384347 ], [ -122.687403, 38.384216 ], [ -122.687528, 38.383789 ], [ -122.687588, 38.383623 ], [ -122.687687, 38.383384 ], [ -122.687854, 38.382901 ], [ -122.68791, 38.382824 ], [ -122.687929, 38.382807 ], [ -122.687986, 38.382784 ], [ -122.688035, 38.382779 ], [ -122.688275, 38.382777 ], [ -122.689084, 38.382784 ], [ -122.690851, 38.382778 ], [ -122.691124, 38.38278 ], [ -122.691554, 38.38277 ], [ -122.692188, 38.382775 ], [ -122.692391, 38.382773 ], [ -122.692596, 38.382778 ], [ -122.69278, 38.382775 ], [ -122.693347, 38.382777 ], [ -122.693745, 38.38278 ], [ -122.694108, 38.382777 ], [ -122.69445, 38.382781 ], [ -122.695042, 38.382779 ], [ -122.695135, 38.382776 ], [ -122.695139, 38.382973 ], [ -122.695134, 38.383011 ], [ -122.695155, 38.38305 ], [ -122.695186, 38.383074 ], [ -122.695232, 38.383085 ], [ -122.695731, 38.383067 ], [ -122.695987, 38.383065 ], [ -122.696268, 38.383063 ], [ -122.696809, 38.383058 ], [ -122.697212, 38.383061 ], [ -122.697607, 38.383053 ], [ -122.698106, 38.383054 ], [ -122.69822, 38.383053 ], [ -122.700138, 38.383039 ], [ -122.700837, 38.383037 ], [ -122.70128, 38.383031 ], [ -122.701961, 38.38303 ], [ -122.702255, 38.383025 ], [ -122.702495, 38.383034 ], [ -122.70255, 38.383019 ], [ -122.702593, 38.382989 ], [ -122.704067, 38.382993 ], [ -122.70602, 38.383 ], [ -122.706097, 38.383 ], [ -122.706331, 38.383 ], [ -122.706409, 38.383001 ], [ -122.707337, 38.383081 ], [ -122.707746, 38.383116 ], [ -122.705059, 38.386864 ], [ -122.70343, 38.386866 ], [ -122.699647, 38.386854 ] ] ] } },
{ "type": "Feature", "properties": { "STATEFP20": "06", "COUNTYFP20": "097", "TRACTCE20": "151405", "BLOCKCE20": "4001", "GEOID20": "060971514054001", "GEOIDFQ20": "1000000US060971514054001", "NAME20": "Block4001", "MTFCC20": "G5040", "UR20": "U", "UACE20": "79498", "FUNCSTAT20": "S", "ALAND20": 1632046, "AWATER20": 0, "HOUSING20": 129, "POP20": 333, "DISTRICT": "Secondary", "block_of_residence": "060971514054001", "students": 12, "residents": 22, "INTPTLAT20": 38.394081727742382, "INTPTLON20": -122.70516214618031 }, "geometry": { "type": "Polygon", "coordinates": [ [ [ -122.713059, 38.404501 ], [ -122.708748, 38.404519 ], [ -122.708746, 38.404863 ], [ -122.70866, 38.404862 ], [ -122.707383, 38.404832 ], [ -122.706944, 38.404849 ], [ -122.706859, 38.401826 ], [ -122.699556, 38.4018 ], [ -122.699539, 38.396407 ], [ -122.699593, 38.39609 ], [ -122.699647, 38.395775 ], [ -122.699507, 38.395061 ], [ -122.699616, 38.3944 ], [ -122.699647, 38.386854 ], [ -122.70343, 38.386866 ], [ -122.705059, 38.386864 ], [ -122.707746, 38.383116 ], [ -122.709291, 38.38325 ], [ -122.710121, 38.383323 ], [ -122.71105, 38.383406 ], [ -122.711036, 38.384134 ], [ -122.710997, 38.386247 ], [ -122.710996, 38.386319 ], [ -122.71099, 38.387027 ], [ -122.710976, 38.387043 ], [ -122.710971, 38.387183 ], [ -122.710958, 38.387605 ], [ -122.710955, 38.387746 ], [ -122.71086, 38.387745 ], [ -122.710568, 38.387745 ], [ -122.710044, 38.387746 ], [ -122.709407, 38.38774 ], [ -122.709288, 38.387739 ], [ -122.709097, 38.387741 ], [ -122.709044, 38.38775 ], [ -122.709023, 38.387758 ], [ -122.708975, 38.387793 ], [ -122.708953, 38.387835 ], [ -122.708931, 38.388366 ], [ -122.708939, 38.389088 ], [ -122.708936, 38.389291 ], [ -122.708917, 38.390575 ], [ -122.708915, 38.392077 ], [ -122.708908, 38.39254 ], [ -122.708898, 38.393194 ], [ -122.708884, 38.394409 ], [ -122.708885, 38.394688 ], [ -122.708887, 38.395054 ], [ -122.709467, 38.395055 ], [ -122.709443, 38.395196 ], [ -122.709457, 38.395372 ], [ -122.709455, 38.395383 ], [ -122.709408, 38.395768 ], [ -122.70922, 38.39613 ], [ -122.709172, 38.396253 ], [ -122.709148, 38.396316 ], [ -122.709128, 38.396367 ], [ -122.709094, 38.39646 ], [ -122.709017, 38.396621 ], [ -122.708986, 38.397212 ], [ -122.710475, 38.398786 ], [ -122.710494, 38.398993 ], [ -122.710494, 38.401586 ], [ -122.710454, 38.401723 ], [ -122.710416, 38.40186 ], [ -122.708953, 38.40186 ], [ -122.708743, 38.401861 ], [ -122.708746, 38.403191 ], [ -122.709873, 38.403192 ], [ -122.7133, 38.403194 ], [ -122.713299, 38.403396 ], [ -122.713301, 38.403588 ], [ -122.713301, 38.403921 ], [ -122.713301, 38.404496 ], [ -122.713139, 38.404499 ], [ -122.713059, 38.404501 ] ], [ [ -122.711912, 38.403453 ], [ -122.711897, 38.403438 ], [ -122.711842, 38.403425 ], [ -122.711734, 38.40342 ], [ -122.711699, 38.40342 ], [ -122.710633, 38.40342 ], [ -122.709728, 38.403415 ], [ -122.70913, 38.403413 ], [ -122.709076, 38.403436 ], [ -122.709051, 38.403498 ], [ -122.709051, 38.403515 ], [ -122.709057, 38.403767 ], [ -122.709059, 38.403851 ], [ -122.709061, 38.403938 ], [ -122.709067, 38.404199 ], [ -122.709068, 38.404237 ], [ -122.709081, 38.404261 ], [ -122.709099, 38.404274 ], [ -122.709131, 38.404288 ], [ -122.709736, 38.404288 ], [ -122.71063, 38.404289 ], [ -122.711655, 38.40428 ], [ -122.711829, 38.404279 ], [ -122.711881, 38.404267 ], [ -122.711908, 38.404252 ], [ -122.711938, 38.404222 ], [ -122.711947, 38.404201 ], [ -122.711937, 38.403884 ], [ -122.711935, 38.4035 ], [ -122.711912, 38.403453 ] ], [ [ -122.708399, 38.393572 ], [ -122.708297, 38.393574 ], [ -122.708148, 38.393578 ], [ -122.708148, 38.393159 ], [ -122.708135, 38.393141 ], [ -122.708113, 38.393134 ], [ -122.707973, 38.393132 ], [ -122.706162, 38.393114 ], [ -122.705844, 38.393111 ], [ -122.705776, 38.393119 ], [ -122.705749, 38.393154 ], [ -122.705743, 38.393326 ], [ -122.705614, 38.393326 ], [ -122.705226, 38.393327 ], [ -122.705098, 38.393328 ], [ -122.704953, 38.393326 ], [ -122.704518, 38.393323 ], [ -122.704374, 38.393323 ], [ -122.70438, 38.393708 ], [ -122.704382, 38.393823 ], [ -122.704376, 38.394354 ], [ -122.704398, 38.394534 ], [ -122.704417, 38.39457 ], [ -122.704458, 38.394589 ], [ -122.704703, 38.394593 ], [ -122.705089, 38.394601 ], [ -122.70522, 38.394602 ], [ -122.705616, 38.394606 ], [ -122.705748, 38.394608 ], [ -122.70593, 38.394608 ], [ -122.706476, 38.394611 ], [ -122.706658, 38.394612 ], [ -122.70739, 38.394622 ], [ -122.708197, 38.394627 ], [ -122.708266, 38.394618 ], [ -122.708337, 38.394589 ], [ -122.708529, 38.39447 ], [ -122.708403, 38.394359 ], [ -122.708405, 38.394068 ], [ -122.708407, 38.393918 ], [ -122.708399, 38.393572 ] ] ] } },
{ "type": "Feature", "properties": { "STATEFP20": "06", "COUNTYFP20": "097", "TRACTCE20": "151405", "BLOCKCE20": "4002", "GEOID20": "060971514054002", "GEOIDFQ20": "1000000US060971514054002", "NAME20": "Block4002", "MTFCC20": "G5040", "UR20": "U", "UACE20": "79498", "FUNCSTAT20": "S", "ALAND20": 12037, "AWATER20": 0, "HOUSING20": 36, "POP20": 130, "DISTRICT": "Secondary", "block_of_residence": "060971514054002", "students": 2, "residents": 10, "INTPTLAT20": 38.40363462317422, "INTPTLON20": -122.71049296214575 }, "geometry": { "type": "Polygon", "coordinates": [ [ [ -122.711225, 38.403855 ], [ -122.71062, 38.403854 ], [ -122.709636, 38.403845 ], [ -122.709492, 38.403844 ], [ -122.709059, 38.403851 ], [ -122.709057, 38.403767 ], [ -122.709051, 38.403515 ], [ -122.709051, 38.403498 ], [ -122.709076, 38.403436 ], [ -122.70913, 38.403413 ], [ -122.709728, 38.403415 ], [ -122.710633, 38.40342 ], [ -122.711699, 38.40342 ], [ -122.711734, 38.40342 ], [ -122.711842, 38.403425 ], [ -122.711897, 38.403438 ], [ -122.711912, 38.403453 ], [ -122.711935, 38.4035 ], [ -122.711937, 38.403884 ], [ -122.711872, 38.403843 ], [ -122.71137, 38.403852 ], [ -122.711225, 38.403855 ] ] ] } },
{ "type": "Feature", "properties": { "STATEFP20": "06", "COUNTYFP20": "097", "TRACTCE20": "151405", "BLOCKCE20": "4003", "GEOID20": "060971514054003", "GEOIDFQ20": "1000000US060971514054003", "NAME20": "Block4003", "MTFCC20": "G5040", "UR20": "U", "UACE20": "79498", "FUNCSTAT20": "S", "ALAND20": 8192, "AWATER20": 0, "HOUSING20": 18, "POP20": 56, "DISTRICT": "Secondary", "block_of_residence": "060971514054003", "students": 4, "residents": 6, "INTPTLAT20": 38.393967252693656, "INTPTLON20": -122.70541954950359 }, "geometry": { "type": "Polygon", "coordinates": [ [ [ -122.705616, 38.394606 ], [ -122.70522, 38.394602 ], [ -122.705089, 38.394601 ], [ -122.705082, 38.394346 ], [ -122.705082, 38.394317 ], [ -122.705093, 38.393582 ], [ -122.705098, 38.393328 ], [ -122.705226, 38.393327 ], [ -122.705614, 38.393326 ], [ -122.705743, 38.393326 ], [ -122.705745, 38.393375 ], [ -122.705751, 38.393524 ], [ -122.705754, 38.393574 ], [ -122.705752, 38.39378 ], [ -122.705748, 38.394401 ], [ -122.705748, 38.394608 ], [ -122.705616, 38.394606 ] ] ] } },
{ "type": "Feature", "properties": { "STATEFP20": "06", "COUNTYFP20": "097", "TRACTCE20": "151405", "BLOCKCE20": "4004", "GEOID20": "060971514054004", "GEOIDFQ20": "1000000US060971514054004", "NAME20": "Block4004", "MTFCC20": "G5040", "UR20": "U", "UACE20": "79498", "FUNCSTAT20": "S", "ALAND20": 10685, "AWATER20": 0, "HOUSING20": 31, "POP20": 83, "DISTRICT": "Secondary", "block_of_residence": "060971514054004", "students": 3, "residents": 6, "INTPTLAT20": 38.393351780997214, "INTPTLON20": -122.70694308620213 }, "geometry": { "type": "Polygon", "coordinates": [ [ [ -122.706864, 38.393581 ], [ -122.706232, 38.393577 ], [ -122.705754, 38.393574 ], [ -122.705751, 38.393524 ], [ -122.705745, 38.393375 ], [ -122.705743, 38.393326 ], [ -122.705749, 38.393154 ], [ -122.705776, 38.393119 ], [ -122.705844, 38.393111 ], [ -122.706162, 38.393114 ], [ -122.707973, 38.393132 ], [ -122.708113, 38.393134 ], [ -122.708135, 38.393141 ], [ -122.708148, 38.393159 ], [ -122.708148, 38.393578 ], [ -122.707669, 38.393587 ], [ -122.70751, 38.39359 ], [ -122.706864, 38.393581 ] ] ] } },
{ "type": "Feature", "properties": { "STATEFP20": "06", "COUNTYFP20": "097", "TRACTCE20": "151405", "BLOCKCE20": "4005", "GEOID20": "060971514054005", "GEOIDFQ20": "1000000US060971514054005", "NAME20": "Block4005", "MTFCC20": "G5040", "UR20": "U", "UACE20": "79498", "FUNCSTAT20": "S", "ALAND20": 9344, "AWATER20": 0, "HOUSING20": 18, "POP20": 59, "DISTRICT": "Secondary", "block_of_residence": "060971514054005", "students": 0, "residents": 0, "INTPTLAT20": 38.394346842738059, "INTPTLON20": -122.7075420395479 }, "geometry": { "type": "Polygon", "coordinates": [ [ [ -122.708197, 38.394627 ], [ -122.70739, 38.394622 ], [ -122.706658, 38.394612 ], [ -122.706663, 38.394246 ], [ -122.706661, 38.394154 ], [ -122.706661, 38.394067 ], [ -122.706993, 38.394073 ], [ -122.707947, 38.394073 ], [ -122.708189, 38.394074 ], [ -122.708405, 38.394068 ], [ -122.708403, 38.394359 ], [ -122.708529, 38.39447 ], [ -122.708337, 38.394589 ], [ -122.708266, 38.394618 ], [ -122.708197, 38.394627 ] ] ] } },
{ "type": "Feature", "properties": { "STATEFP20": "06", "COUNTYFP20": "097", "TRACTCE20": "151405", "BLOCKCE20": "4006", "GEOID20": "060971514054006", "GEOIDFQ20": "1000000US060971514054006", "NAME20": "Block4006", "MTFCC20": "G5040", "UR20": "U", "UACE20": "79498", "FUNCSTAT20": "S", "ALAND20": 12128, "AWATER20": 0, "HOUSING20": 36, "POP20": 149, "DISTRICT": "Secondary", "block_of_residence": "060971514054006", "students": 1, "residents": 4, "INTPTLAT20": 38.404067523588552, "INTPTLON20": -122.71049303173511 }, "geometry": { "type": "Polygon", "coordinates": [ [ [ -122.711829, 38.404279 ], [ -122.711655, 38.40428 ], [ -122.71063, 38.404289 ], [ -122.709736, 38.404288 ], [ -122.709131, 38.404288 ], [ -122.709099, 38.404274 ], [ -122.709081, 38.404261 ], [ -122.709068, 38.404237 ], [ -122.709067, 38.404199 ], [ -122.709061, 38.403938 ], [ -122.709059, 38.403851 ], [ -122.709492, 38.403844 ], [ -122.709636, 38.403845 ], [ -122.71062, 38.403854 ], [ -122.711225, 38.403855 ], [ -122.71137, 38.403852 ], [ -122.711872, 38.403843 ], [ -122.711937, 38.403884 ], [ -122.711947, 38.404201 ], [ -122.711938, 38.404222 ], [ -122.711908, 38.404252 ], [ -122.711881, 38.404267 ], [ -122.711829, 38.404279 ] ] ] } },
{ "type": "Feature", "properties": { "STATEFP20": "06", "COUNTYFP20": "097", "TRACTCE20": "151405", "BLOCKCE20": "4007", "GEOID20": "060971514054007", "GEOIDFQ20": "1000000US060971514054007", "NAME20": "Block4007", "MTFCC20": "G5040", "UR20": "U", "UACE20": "79498", "FUNCSTAT20": "S", "ALAND20": 17394, "AWATER20": 0, "HOUSING20": 26, "POP20": 69, "DISTRICT": "Secondary", "block_of_residence": "060971514054007", "students": 2, "residents": 5, "INTPTLAT20": 38.393967175782073, "INTPTLON20": -122.70683780490148 }, "geometry": { "type": "Polygon", "coordinates": [ [ [ -122.706993, 38.394073 ], [ -122.706661, 38.394067 ], [ -122.706661, 38.394154 ], [ -122.706663, 38.394246 ], [ -122.706658, 38.394612 ], [ -122.706476, 38.394611 ], [ -122.70593, 38.394608 ], [ -122.705748, 38.394608 ], [ -122.705748, 38.394401 ], [ -122.705752, 38.39378 ], [ -122.705754, 38.393574 ], [ -122.706232, 38.393577 ], [ -122.706864, 38.393581 ], [ -122.70751, 38.39359 ], [ -122.707669, 38.393587 ], [ -122.708148, 38.393578 ], [ -122.708297, 38.393574 ], [ -122.708399, 38.393572 ], [ -122.708407, 38.393918 ], [ -122.708405, 38.394068 ], [ -122.708189, 38.394074 ], [ -122.707947, 38.394073 ], [ -122.706993, 38.394073 ] ] ] } },
{ "type": "Feature", "properties": { "STATEFP20": "06", "COUNTYFP20": "097", "TRACTCE20": "151405", "BLOCKCE20": "4008", "GEOID20": "060971514054008", "GEOIDFQ20": "1000000US060971514054008", "NAME20": "Block4008", "MTFCC20": "G5040", "UR20": "U", "UACE20": "79498", "FUNCSTAT20": "S", "ALAND20": 8705, "AWATER20": 0, "HOUSING20": 18, "POP20": 45, "DISTRICT": "Secondary", "block_of_residence": "060971514054008", "students": 1, "residents": 1, "INTPTLAT20": 38.393954759012274, "INTPTLON20": -122.70473531005779 }, "geometry": { "type": "Polygon", "coordinates": [ [ [ -122.705089, 38.394601 ], [ -122.704703, 38.394593 ], [ -122.704458, 38.394589 ], [ -122.704417, 38.39457 ], [ -122.704398, 38.394534 ], [ -122.704376, 38.394354 ], [ -122.704382, 38.393823 ], [ -122.70438, 38.393708 ], [ -122.704374, 38.393323 ], [ -122.704518, 38.393323 ], [ -122.704953, 38.393326 ], [ -122.705098, 38.393328 ], [ -122.705093, 38.393582 ], [ -122.705082, 38.394317 ], [ -122.705082, 38.394346 ], [ -122.705089, 38.394601 ] ] ] } },
{ "type": "Feature", "properties": { "STATEFP20": "06", "COUNTYFP20": "097", "TRACTCE20": "151405", "BLOCKCE20": "4009", "GEOID20": "060971514054009", "GEOIDFQ20": "1000000US060971514054009", "NAME20": "Block4009", "MTFCC20": "G5040", "UR20": "U", "UACE20": "79498", "FUNCSTAT20": "S", "ALAND20": 29791, "AWATER20": 0, "HOUSING20": 20, "POP20": 66, "DISTRICT": "Secondary", "block_of_residence": "060971514054009", "students": 3, "residents": 3, "INTPTLAT20": 38.404889239159203, "INTPTLON20": -122.71180658484178 }, "geometry": { "type": "Polygon", "coordinates": [ [ [ -122.713462, 38.405341 ], [ -122.713461, 38.405394 ], [ -122.713461, 38.405553 ], [ -122.713461, 38.405607 ], [ -122.713132, 38.40561 ], [ -122.712594, 38.405617 ], [ -122.712441, 38.405605 ], [ -122.712366, 38.405593 ], [ -122.71222, 38.405556 ], [ -122.712155, 38.405532 ], [ -122.712018, 38.405469 ], [ -122.711898, 38.405394 ], [ -122.71187, 38.405371 ], [ -122.711561, 38.405119 ], [ -122.711509, 38.405077 ], [ -122.711388, 38.405002 ], [ -122.711253, 38.404941 ], [ -122.71111, 38.404896 ], [ -122.710963, 38.404869 ], [ -122.710426, 38.404859 ], [ -122.710252, 38.404857 ], [ -122.710029, 38.404862 ], [ -122.709858, 38.404861 ], [ -122.709346, 38.404859 ], [ -122.709176, 38.404859 ], [ -122.709093, 38.40486 ], [ -122.708846, 38.404862 ], [ -122.708764, 38.404864 ], [ -122.708746, 38.404863 ], [ -122.708748, 38.404519 ], [ -122.713059, 38.404501 ], [ -122.713139, 38.404499 ], [ -122.713301, 38.404496 ], [ -122.713301, 38.403921 ], [ -122.713388, 38.403919 ], [ -122.713462, 38.403918 ], [ -122.713462, 38.404033 ], [ -122.713462, 38.404378 ], [ -122.713462, 38.404493 ], [ -122.713462, 38.40458 ], [ -122.713462, 38.404842 ], [ -122.713463, 38.40493 ], [ -122.713462, 38.405012 ], [ -122.713462, 38.405258 ], [ -122.713462, 38.405341 ] ] ] } },
{ "type": "Feature", "properties": { "STATEFP20": "06", "COUNTYFP20": "097", "TRACTCE20": "151405", "BLOCKCE20": "4010", "GEOID20": "060971514054010", "GEOIDFQ20": "1000000US060971514054010", "NAME20": "Block4010", "MTFCC20": "G5040", "UR20": "U", "UACE20": "79498", "FUNCSTAT20": "S", "ALAND20": 26693, "AWATER20": 0, "HOUSING20": 53, "POP20": 195, "DISTRICT": "Secondary", "block_of_residence": "060971514054010", "students": 1, "residents": 6, "INTPTLAT20": 38.402716591420123, "INTPTLON20": -122.71065407081306 }, "geometry": { "type": "Polygon", "coordinates": [ [ [ -122.713463, 38.403588 ], [ -122.713462, 38.403653 ], [ -122.713462, 38.403852 ], [ -122.713462, 38.403918 ], [ -122.713388, 38.403919 ], [ -122.713301, 38.403921 ], [ -122.713301, 38.403588 ], [ -122.713299, 38.403396 ], [ -122.7133, 38.403194 ], [ -122.709873, 38.403192 ], [ -122.708746, 38.403191 ], [ -122.708743, 38.401861 ], [ -122.708953, 38.40186 ], [ -122.710416, 38.40186 ], [ -122.710454, 38.401723 ], [ -122.710497, 38.401726 ], [ -122.710558, 38.401724 ], [ -122.710571, 38.401724 ], [ -122.710794, 38.40172 ], [ -122.710869, 38.401719 ], [ -122.710868, 38.401811 ], [ -122.710867, 38.402089 ], [ -122.710867, 38.402182 ], [ -122.710566, 38.402186 ], [ -122.710483, 38.402188 ], [ -122.7098, 38.40219 ], [ -122.709664, 38.402188 ], [ -122.709364, 38.402185 ], [ -122.709237, 38.402184 ], [ -122.709205, 38.402192 ], [ -122.709177, 38.402209 ], [ -122.709156, 38.402233 ], [ -122.709147, 38.402271 ], [ -122.709151, 38.40229 ], [ -122.70915, 38.402323 ], [ -122.70915, 38.402809 ], [ -122.709175, 38.402833 ], [ -122.709203, 38.402847 ], [ -122.709226, 38.402852 ], [ -122.709602, 38.402852 ], [ -122.709919, 38.402852 ], [ -122.71011, 38.402852 ], [ -122.710541, 38.402852 ], [ -122.710686, 38.40285 ], [ -122.710878, 38.402849 ], [ -122.711353, 38.402855 ], [ -122.711395, 38.402854 ], [ -122.712947, 38.402851 ], [ -122.713464, 38.402848 ], [ -122.713464, 38.403278 ], [ -122.713463, 38.403339 ], [ -122.713463, 38.403526 ], [ -122.713463, 38.403588 ] ] ] } },
{ "type": "Feature", "properties": { "STATEFP20": "06", "COUNTYFP20": "097", "TRACTCE20": "151406", "BLOCKCE20": "1001", "GEOID20": "060971514061001", "GEOIDFQ20": "1000000US060971514061001", "NAME20": "Block1001", "MTFCC20": "G5040", "UR20": "U", "UACE20": "79498", "FUNCSTAT20": "S", "ALAND20": 23775, "AWATER20": 0, "HOUSING20": 0, "POP20": 0, "DISTRICT": "Elementary", "block_of_residence": "060971514061001", "students": 0, "residents": 0, "INTPTLAT20": 38.425255029834595, "INTPTLON20": -122.71514857983193 }, "geometry": { "type": "Polygon", "coordinates": [ [ [ -122.715563335612003, 38.420101974542803 ], [ -122.715548135559786, 38.420107339168425 ], [ -122.71555, 38.420097 ], [ -122.71581, 38.420023 ], [ -122.71580842894258, 38.420032216870197 ], [ -122.715563335612003, 38.420101974542803 ] ] ] } },
{ "type": "Feature", "properties": { "STATEFP20": "06", "COUNTYFP20": "097", "TRACTCE20": "151406", "BLOCKCE20": "1002", "GEOID20": "060971514061002", "GEOIDFQ20": "1000000US060971514061002", "NAME20": "Block1002", "MTFCC20": "G5040", "UR20": "U", "UACE20": "79498", "FUNCSTAT20": "S", "ALAND20": 152659, "AWATER20": 0, "HOUSING20": 45, "POP20": 88, "DISTRICT": "Elementary", "block_of_residence": "060971514061002", "students": 0, "residents": 2, "INTPTLAT20": 38.425793658788727, "INTPTLON20": -122.71411110387542 }, "geometry": { "type": "Polygon", "coordinates": [ [ [ -122.715495336036994, 38.420125973951301 ], [ -122.715410336279007, 38.4201559747383 ], [ -122.715047336241, 38.420276974725901 ], [ -122.714865336236002, 38.4203429743838 ], [ -122.714875335624996, 38.4204389741654 ], [ -122.714259336292997, 38.420728974571503 ], [ -122.714156335843001, 38.420824974107497 ], [ -122.714102336485993, 38.420855974868601 ], [ -122.713717335677003, 38.4209289743116 ], [ -122.713504335465004, 38.420910974865897 ], [ -122.713501336262993, 38.421203974149201 ], [ -122.713487984862695, 38.421199968787441 ], [ -122.713488, 38.421199 ], [ -122.713491, 38.420906 ], [ -122.713704, 38.420924 ], [ -122.714089, 38.420851 ], [ -122.714143, 38.42082 ], [ -122.714246, 38.420724 ], [ -122.714862, 38.420434 ], [ -122.714852, 38.420338 ], [ -122.715034, 38.420272 ], [ -122.715397, 38.420151 ], [ -122.715482, 38.420121 ], [ -122.71555, 38.420097 ], [ -122.715548135559786, 38.420107339168425 ], [ -122.715495336036994, 38.420125973951301 ] ] ] } },
{ "type": "Feature", "properties": { "STATEFP20": "06", "COUNTYFP20": "097", "TRACTCE20": "151406", "BLOCKCE20": "1004", "GEOID20": "060971514061004", "GEOIDFQ20": "1000000US060971514061004", "NAME20": "Block1004", "MTFCC20": "G5040", "UR20": "U", "UACE20": "79498", "FUNCSTAT20": "S", "ALAND20": 13495, "AWATER20": 0, "HOUSING20": 0, "POP20": 0, "DISTRICT": "Secondary", "block_of_residence": "060971514061004", "students": 0, "residents": 0, "INTPTLAT20": 38.417316482650257, "INTPTLON20": -122.71594086738871 }, "geometry": { "type": "Polygon", "coordinates": [ [ [ -122.71613, 38.41545 ], [ -122.716125, 38.415989 ], [ -122.716123, 38.416347 ], [ -122.716121, 38.416443 ], [ -122.716119, 38.416733 ], [ -122.716119, 38.41683 ], [ -122.716117, 38.416989 ], [ -122.716115, 38.417374 ], [ -122.716112, 38.417468 ], [ -122.716109, 38.417628 ], [ -122.716104, 38.41784 ], [ -122.716103, 38.417887 ], [ -122.716083, 38.418328 ], [ -122.716069, 38.418476 ], [ -122.716051, 38.418688 ], [ -122.716015, 38.418885 ], [ -122.715909, 38.419476 ], [ -122.715874, 38.419674 ], [ -122.715857, 38.419761 ], [ -122.71581, 38.420023 ], [ -122.71555, 38.420097 ], [ -122.715624, 38.419698 ], [ -122.715736, 38.419049 ], [ -122.715797, 38.41863 ], [ -122.715845, 38.418144 ], [ -122.715852, 38.417661 ], [ -122.715852, 38.417622 ], [ -122.715851, 38.417257 ], [ -122.715859, 38.416741 ], [ -122.71586, 38.416573 ], [ -122.71586, 38.416341 ], [ -122.715861, 38.416078 ], [ -122.715881, 38.415308 ], [ -122.715884, 38.414617 ], [ -122.71613, 38.414558 ], [ -122.71613, 38.414661 ], [ -122.716126, 38.414914 ], [ -122.716129, 38.414988 ], [ -122.71613, 38.41545 ] ] ] } },
{ "type": "Feature", "properties": { "STATEFP20": "06", "COUNTYFP20": "097", "TRACTCE20": "151406", "BLOCKCE20": "1005", "GEOID20": "060971514061005", "GEOIDFQ20": "1000000US060971514061005", "NAME20": "Block1005", "MTFCC20": "G5040", "UR20": "U", "UACE20": "79498", "FUNCSTAT20": "S", "ALAND20": 120032, "AWATER20": 0, "HOUSING20": 102, "POP20": 294, "DISTRICT": "Secondary", "block_of_residence": "060971514061005", "students": 13, "residents": 14, "INTPTLAT20": 38.417745416293101, "INTPTLON20": -122.71462979805568 }, "geometry": { "type": "Polygon", "coordinates": [ [ [ -122.71586, 38.416573 ], [ -122.715859, 38.416741 ], [ -122.715851, 38.417257 ], [ -122.715852, 38.417622 ], [ -122.715852, 38.417661 ], [ -122.715845, 38.418144 ], [ -122.715797, 38.41863 ], [ -122.715736, 38.419049 ], [ -122.715624, 38.419698 ], [ -122.71555, 38.420097 ], [ -122.715482, 38.420121 ], [ -122.715397, 38.420151 ], [ -122.715034, 38.420272 ], [ -122.714852, 38.420338 ], [ -122.714862, 38.420434 ], [ -122.714246, 38.420724 ], [ -122.714143, 38.42082 ], [ -122.714089, 38.420851 ], [ -122.713704, 38.420924 ], [ -122.713491, 38.420906 ], [ -122.713492, 38.420802 ], [ -122.713495, 38.42061 ], [ -122.713495, 38.420491 ], [ -122.713496, 38.420388 ], [ -122.713497, 38.41989 ], [ -122.713498, 38.419835 ], [ -122.71351, 38.419376 ], [ -122.713505, 38.418611 ], [ -122.713502, 38.418177 ], [ -122.713505, 38.417698 ], [ -122.713506, 38.417625 ], [ -122.713506, 38.417388 ], [ -122.713509, 38.416827 ], [ -122.713507, 38.41668 ], [ -122.713505, 38.416445 ], [ -122.713505, 38.416426 ], [ -122.713505, 38.416369 ], [ -122.713505, 38.41635 ], [ -122.713505, 38.416316 ], [ -122.713505, 38.416217 ], [ -122.713506, 38.416184 ], [ -122.713506, 38.41601 ], [ -122.713507, 38.415698 ], [ -122.713508, 38.415487 ], [ -122.713509, 38.415314 ], [ -122.71351, 38.415177 ], [ -122.713922, 38.415089 ], [ -122.714036, 38.415062 ], [ -122.715127, 38.414807 ], [ -122.715606, 38.414685 ], [ -122.715747, 38.41465 ], [ -122.715884, 38.414617 ], [ -122.715881, 38.415308 ], [ -122.715861, 38.416078 ], [ -122.71586, 38.416341 ], [ -122.71586, 38.416573 ] ], [ [ -122.715313, 38.4157 ], [ -122.715252, 38.415641 ], [ -122.715176, 38.415596 ], [ -122.715089, 38.415565 ], [ -122.714995, 38.415551 ], [ -122.714947, 38.415551 ], [ -122.714857, 38.415562 ], [ -122.714811, 38.415574 ], [ -122.714725, 38.41561 ], [ -122.714687, 38.415634 ], [ -122.714622, 38.41569 ], [ -122.714538, 38.415801 ], [ -122.7145, 38.415834 ], [ -122.714447, 38.415861 ], [ -122.714373, 38.41588 ], [ -122.714424, 38.415916 ], [ -122.714439, 38.415999 ], [ -122.714439, 38.416075 ], [ -122.714442, 38.41612 ], [ -122.714467, 38.416169 ], [ -122.714513, 38.416202 ], [ -122.714554, 38.416211 ], [ -122.714929, 38.416217 ], [ -122.715354, 38.416211 ], [ -122.715366, 38.415997 ], [ -122.715368, 38.415868 ], [ -122.715354, 38.415767 ], [ -122.715336, 38.415732 ], [ -122.715313, 38.4157 ] ] ] } },
{ "type": "Feature", "properties": { "STATEFP20": "06", "COUNTYFP20": "097", "TRACTCE20": "151406", "BLOCKCE20": "1006", "GEOID20": "060971514061006", "GEOIDFQ20": "1000000US060971514061006", "NAME20": "Block1006", "MTFCC20": "G5040", "UR20": "U", "UACE20": "79498", "FUNCSTAT20": "S", "ALAND20": 5108, "AWATER20": 0, "HOUSING20": 15, "POP20": 54, "DISTRICT": "Secondary", "block_of_residence": "060971514061006", "students": 0, "residents": 0, "INTPTLAT20": 38.41591837002742, "INTPTLON20": -122.71492158930869 }, "geometry": { "type": "Polygon", "coordinates": [ [ [ -122.714554, 38.416211 ], [ -122.714513, 38.416202 ], [ -122.714467, 38.416169 ], [ -122.714442, 38.41612 ], [ -122.714439, 38.416075 ], [ -122.714439, 38.415999 ], [ -122.714424, 38.415916 ], [ -122.714373, 38.41588 ], [ -122.714447, 38.415861 ], [ -122.7145, 38.415834 ], [ -122.714538, 38.415801 ], [ -122.714622, 38.41569 ], [ -122.714687, 38.415634 ], [ -122.714725, 38.41561 ], [ -122.714811, 38.415574 ], [ -122.714857, 38.415562 ], [ -122.714947, 38.415551 ], [ -122.714995, 38.415551 ], [ -122.715089, 38.415565 ], [ -122.715176, 38.415596 ], [ -122.715252, 38.415641 ], [ -122.715313, 38.4157 ], [ -122.715336, 38.415732 ], [ -122.715354, 38.415767 ], [ -122.715368, 38.415868 ], [ -122.715366, 38.415997 ], [ -122.715354, 38.416211 ], [ -122.714929, 38.416217 ], [ -122.714554, 38.416211 ] ] ] } },
{ "type": "Feature", "properties": { "STATEFP20": "06", "COUNTYFP20": "097", "TRACTCE20": "151406", "BLOCKCE20": "1007", "GEOID20": "060971514061007", "GEOIDFQ20": "1000000US060971514061007", "NAME20": "Block1007", "MTFCC20": "G5040", "UR20": "U", "UACE20": "79498", "FUNCSTAT20": "S", "ALAND20": 413096, "AWATER20": 0, "HOUSING20": 196, "POP20": 469, "DISTRICT": "Secondary", "block_of_residence": "060971514061007", "students": 10, "residents": 13, "INTPTLAT20": 38.419228797251677, "INTPTLON20": -122.70928829659239 }, "geometry": { "type": "Polygon", "coordinates": [ [ [ -122.713378335613001, 38.4211499743408 ], [ -122.713333335645999, 38.421127974790899 ], [ -122.713324516317584, 38.421125207977489 ], [ -122.71332, 38.421123 ], [ -122.713269, 38.421107 ], [ -122.713092, 38.421107 ], [ -122.712955, 38.421122 ], [ -122.71287, 38.421132 ], [ -122.712692, 38.421165 ], [ -122.71254, 38.421204 ], [ -122.712375, 38.421257 ], [ -122.712333, 38.421272 ], [ -122.712175, 38.42133 ], [ -122.71208, 38.421366 ], [ -122.712005, 38.421392 ], [ -122.711264, 38.421647 ], [ -122.711121, 38.421695 ], [ -122.710319, 38.421967 ], [ -122.709454, 38.422275 ], [ -122.708824, 38.422498 ], [ -122.708473, 38.422614 ], [ -122.708257, 38.422686 ], [ -122.707741, 38.422848 ], [ -122.707588, 38.422912 ], [ -122.707499, 38.422762 ], [ -122.707318, 38.422459 ], [ -122.707271, 38.422393 ], [ -122.707214, 38.422327 ], [ -122.707163, 38.422269 ], [ -122.707095, 38.422202 ], [ -122.706922, 38.421999 ], [ -122.706779, 38.421831 ], [ -122.706404, 38.421445 ], [ -122.706378, 38.421416 ], [ -122.7062, 38.421219 ], [ -122.706173, 38.421189 ], [ -122.706093, 38.4211 ], [ -122.706067, 38.421071 ], [ -122.705646, 38.420613 ], [ -122.705541, 38.420503 ], [ -122.705462, 38.42042 ], [ -122.705056, 38.419986 ], [ -122.70483, 38.419758 ], [ -122.704632, 38.419524 ], [ -122.704573, 38.419448 ], [ -122.70447, 38.419289 ], [ -122.704387, 38.419123 ], [ -122.704347, 38.419023 ], [ -122.704295, 38.418888 ], [ -122.704274, 38.418811 ], [ -122.704248, 38.418655 ], [ -122.704247, 38.418635 ], [ -122.704245, 38.418499 ], [ -122.704278, 38.417863 ], [ -122.704281, 38.417755 ], [ -122.704291, 38.417486 ], [ -122.704289, 38.417433 ], [ -122.704285, 38.417326 ], [ -122.704277, 38.417241 ], [ -122.704265, 38.417099 ], [ -122.704263, 38.416986 ], [ -122.704263, 38.416901 ], [ -122.704262, 38.416817 ], [ -122.704262, 38.416712 ], [ -122.70426, 38.416568 ], [ -122.704259, 38.416485 ], [ -122.704468, 38.416496 ], [ -122.705787, 38.416506 ], [ -122.705802, 38.416963 ], [ -122.705797, 38.417709 ], [ -122.705796, 38.417924 ], [ -122.705803, 38.417981 ], [ -122.705835, 38.418094 ], [ -122.705888, 38.418201 ], [ -122.706039, 38.418438 ], [ -122.706492, 38.419105 ], [ -122.706626, 38.419319 ], [ -122.706698, 38.419295 ], [ -122.70692, 38.419199 ], [ -122.706986, 38.419172 ], [ -122.707077, 38.419136 ], [ -122.707209, 38.419088 ], [ -122.707337, 38.419071 ], [ -122.707716, 38.419057 ], [ -122.707721, 38.419014 ], [ -122.707722, 38.418775 ], [ -122.707712, 38.418648 ], [ -122.707687, 38.41843 ], [ -122.707644, 38.418165 ], [ -122.707563, 38.417537 ], [ -122.707512, 38.417253 ], [ -122.70746, 38.417058 ], [ -122.707406, 38.416934 ], [ -122.707406, 38.416859 ], [ -122.707414, 38.416762 ], [ -122.707415, 38.416484 ], [ -122.708021, 38.416476 ], [ -122.70821, 38.416457 ], [ -122.708543, 38.416452 ], [ -122.708797, 38.416456 ], [ -122.709124, 38.416461 ], [ -122.709606, 38.416458 ], [ -122.709938, 38.416456 ], [ -122.710517, 38.416456 ], [ -122.710636, 38.416457 ], [ -122.710821, 38.416459 ], [ -122.710995, 38.416457 ], [ -122.711115, 38.416457 ], [ -122.711592, 38.416452 ], [ -122.712009, 38.416449 ], [ -122.71255, 38.416451 ], [ -122.712957, 38.416446 ], [ -122.713026, 38.416445 ], [ -122.713505, 38.416445 ], [ -122.713507, 38.41668 ], [ -122.713509, 38.416827 ], [ -122.713506, 38.417388 ], [ -122.713506, 38.417625 ], [ -122.713505, 38.417698 ], [ -122.713502, 38.418177 ], [ -122.713505, 38.418611 ], [ -122.71351, 38.419376 ], [ -122.713498, 38.419835 ], [ -122.713497, 38.41989 ], [ -122.713496, 38.420388 ], [ -122.713495, 38.420491 ], [ -122.713495, 38.42061 ], [ -122.713492, 38.420802 ], [ -122.713491, 38.420906 ], [ -122.713488, 38.421199 ], [ -122.713409456912942, 38.421175437073884 ], [ -122.713378335613001, 38.4211499743408 ] ] ] } },
{ "type": "Feature", "properties": { "STATEFP20": "06", "COUNTYFP20": "097", "TRACTCE20": "151406", "BLOCKCE20": "1008", "GEOID20": "060971514061008", "GEOIDFQ20": "1000000US060971514061008", "NAME20": "Block1008", "MTFCC20": "G5040", "UR20": "U", "UACE20": "79498", "FUNCSTAT20": "S", "ALAND20": 9595, "AWATER20": 0, "HOUSING20": 21, "POP20": 22, "DISTRICT": "Elementary", "block_of_residence": "060971514061008", "students": 2, "residents": 2, "INTPTLAT20": 38.421742912783607, "INTPTLON20": -122.71283892395276 }, "geometry": { "type": "Polygon", "coordinates": [ [ [ -122.712883336253, 38.421136974545703 ], [ -122.712705335587998, 38.421169975002996 ], [ -122.712553335899003, 38.421208974649197 ], [ -122.712388336155996, 38.421261975005301 ], [ -122.712346335765005, 38.421276974324499 ], [ -122.712333192142239, 38.421281799254331 ], [ -122.712333, 38.421272 ], [ -122.712375, 38.421257 ], [ -122.71254, 38.421204 ], [ -122.712692, 38.421165 ], [ -122.71287, 38.421132 ], [ -122.712955, 38.421122 ], [ -122.712955334765738, 38.421128504020203 ], [ -122.712883336253, 38.421136974545703 ] ] ] } },
{ "type": "Feature", "properties": { "STATEFP20": "06", "COUNTYFP20": "097", "TRACTCE20": "151406", "BLOCKCE20": "1009", "GEOID20": "060971514061009", "GEOIDFQ20": "1000000US060971514061009", "NAME20": "Block1009", "MTFCC20": "G5040", "UR20": "U", "UACE20": "79498", "FUNCSTAT20": "S", "ALAND20": 7286, "AWATER20": 0, "HOUSING20": 8, "POP20": 40, "DISTRICT": "Secondary", "block_of_residence": "060971514061009", "students": 1, "residents": 1, "INTPTLAT20": 38.41672586113085, "INTPTLON20": -122.70660366035105 }, "geometry": { "type": "Polygon", "coordinates": [ [ [ -122.707321, 38.416941 ], [ -122.707226, 38.416954 ], [ -122.707021, 38.416959 ], [ -122.706623, 38.416962 ], [ -122.706458, 38.416962 ], [ -122.705966, 38.416962 ], [ -122.705802, 38.416963 ], [ -122.705787, 38.416506 ], [ -122.706233, 38.416496 ], [ -122.707131, 38.41649 ], [ -122.707415, 38.416484 ], [ -122.707414, 38.416762 ], [ -122.707406, 38.416859 ], [ -122.707406, 38.416934 ], [ -122.707321, 38.416941 ] ] ] } },
{ "type": "Feature", "properties": { "STATEFP20": "06", "COUNTYFP20": "097", "TRACTCE20": "151406", "BLOCKCE20": "1010", "GEOID20": "060971514061010", "GEOIDFQ20": "1000000US060971514061010", "NAME20": "Block1010", "MTFCC20": "G5040", "UR20": "U", "UACE20": "79498", "FUNCSTAT20": "S", "ALAND20": 34885, "AWATER20": 0, "HOUSING20": 52, "POP20": 162, "DISTRICT": "Secondary", "block_of_residence": "060971514061010", "students": 4, "residents": 5, "INTPTLAT20": 38.41800807262905, "INTPTLON20": -122.70677672185863 }, "geometry": { "type": "Polygon", "coordinates": [ [ [ -122.707209, 38.419088 ], [ -122.707077, 38.419136 ], [ -122.706986, 38.419172 ], [ -122.70692, 38.419199 ], [ -122.706698, 38.419295 ], [ -122.706626, 38.419319 ], [ -122.706492, 38.419105 ], [ -122.706039, 38.418438 ], [ -122.705888, 38.418201 ], [ -122.705835, 38.418094 ], [ -122.705803, 38.417981 ], [ -122.705796, 38.417924 ], [ -122.705797, 38.417709 ], [ -122.705802, 38.416963 ], [ -122.705966, 38.416962 ], [ -122.706458, 38.416962 ], [ -122.706623, 38.416962 ], [ -122.707021, 38.416959 ], [ -122.707226, 38.416954 ], [ -122.707321, 38.416941 ], [ -122.707406, 38.416934 ], [ -122.70746, 38.417058 ], [ -122.707512, 38.417253 ], [ -122.707563, 38.417537 ], [ -122.707644, 38.418165 ], [ -122.707687, 38.41843 ], [ -122.707712, 38.418648 ], [ -122.707722, 38.418775 ], [ -122.707721, 38.419014 ], [ -122.707716, 38.419057 ], [ -122.707337, 38.419071 ], [ -122.707209, 38.419088 ] ] ] } },
{ "type": "Feature", "properties": { "STATEFP20": "06", "COUNTYFP20": "097", "TRACTCE20": "151406", "BLOCKCE20": "1011", "GEOID20": "060971514061011", "GEOIDFQ20": "1000000US060971514061011", "NAME20": "Block1011", "MTFCC20": "G5040", "UR20": "U", "UACE20": "79498", "FUNCSTAT20": "S", "ALAND20": 1998, "AWATER20": 0, "HOUSING20": 0, "POP20": 0, "DISTRICT": "Elementary", "block_of_residence": "060971514061011", "students": 0, "residents": 0, "INTPTLAT20": 38.421323682292467, "INTPTLON20": -122.71321573406766 }, "geometry": { "type": "MultiPolygon", "coordinates": [ [ [ [ -122.713411335930004, 38.421176974442503 ], [ -122.713409456912942, 38.421175437073884 ], [ -122.713488, 38.421199 ], [ -122.713487984862695, 38.421199968787441 ], [ -122.713411335930004, 38.421176974442503 ] ] ], [ [ [ -122.713282335654995, 38.421111974994503 ], [ -122.713105335978995, 38.421111974598901 ], [ -122.71296833593, 38.421126974451198 ], [ -122.712955334765738, 38.421128504020203 ], [ -122.712955, 38.421122 ], [ -122.713092, 38.421107 ], [ -122.713269, 38.421107 ], [ -122.71332, 38.421123 ], [ -122.713324516317584, 38.421125207977489 ], [ -122.713282335654995, 38.421111974994503 ] ] ] ] } },
{ "type": "Feature", "properties": { "STATEFP20": "06", "COUNTYFP20": "097", "TRACTCE20": "151406", "BLOCKCE20": "1012", "GEOID20": "060971514061012", "GEOIDFQ20": "1000000US060971514061012", "NAME20": "Block1012", "MTFCC20": "G5040", "UR20": "U", "UACE20": "79498", "FUNCSTAT20": "S", "ALAND20": 122757, "AWATER20": 0, "HOUSING20": 325, "POP20": 724, "DISTRICT": "Elementary", "block_of_residence": "060971514061012", "students": 45, "residents": 51, "INTPTLAT20": 38.423268182804655, "INTPTLON20": -122.71079106658911 }, "geometry": { "type": "Polygon", "coordinates": [ [ [ -122.712188335969003, 38.421334974918601 ], [ -122.712093335369005, 38.421370974643303 ], [ -122.712018336330999, 38.421396974979103 ], [ -122.711277336091001, 38.421651974505203 ], [ -122.711134335847007, 38.421699975150602 ], [ -122.710332335971003, 38.421971975164602 ], [ -122.709467336035004, 38.422279975085203 ], [ -122.708837335408006, 38.422502974902102 ], [ -122.708486334849994, 38.422618975334998 ], [ -122.708270335357, 38.422690974627599 ], [ -122.707754335670998, 38.422852975488397 ], [ -122.707601335, 38.422916974920497 ], [ -122.707592372894737, 38.422920085729878 ], [ -122.707588, 38.422912 ], [ -122.707741, 38.422848 ], [ -122.708257, 38.422686 ], [ -122.708473, 38.422614 ], [ -122.708824, 38.422498 ], [ -122.709454, 38.422275 ], [ -122.710319, 38.421967 ], [ -122.711121, 38.421695 ], [ -122.711264, 38.421647 ], [ -122.712005, 38.421392 ], [ -122.71208, 38.421366 ], [ -122.712175, 38.42133 ], [ -122.712333, 38.421272 ], [ -122.712333192142239, 38.421281799254331 ], [ -122.712188335969003, 38.421334974918601 ] ] ] } },
{ "type": "Feature", "properties": { "STATEFP20": "06", "COUNTYFP20": "097", "TRACTCE20": "151406", "BLOCKCE20": "2000", "GEOID20": "060971514062000", "GEOIDFQ20": "1000000US060971514062000", "NAME20": "Block2000", "MTFCC20": "G5040", "UR20": "U", "UACE20": "79498", "FUNCSTAT20": "S", "ALAND20": 254857, "AWATER20": 0, "HOUSING20": 176, "POP20": 393, "DISTRICT": "Secondary", "block_of_residence": "060971514062000", "students": 22, "residents": 24, "INTPTLAT20": 38.41479081586477, "INTPTLON20": -122.7090432117903 }, "geometry": { "type": "Polygon", "coordinates": [ [ [ -122.713515, 38.414814 ], [ -122.71351, 38.415177 ], [ -122.713509, 38.415314 ], [ -122.713508, 38.415487 ], [ -122.713507, 38.415698 ], [ -122.713506, 38.41601 ], [ -122.713506, 38.416184 ], [ -122.713505, 38.416217 ], [ -122.713505, 38.416316 ], [ -122.713505, 38.41635 ], [ -122.713505, 38.416369 ], [ -122.713505, 38.416426 ], [ -122.713505, 38.416445 ], [ -122.713026, 38.416445 ], [ -122.712957, 38.416446 ], [ -122.71255, 38.416451 ], [ -122.712009, 38.416449 ], [ -122.711592, 38.416452 ], [ -122.711115, 38.416457 ], [ -122.710995, 38.416457 ], [ -122.710821, 38.416459 ], [ -122.710636, 38.416457 ], [ -122.710517, 38.416456 ], [ -122.709938, 38.416456 ], [ -122.709606, 38.416458 ], [ -122.709124, 38.416461 ], [ -122.708797, 38.416456 ], [ -122.708791, 38.416138 ], [ -122.708788, 38.415459 ], [ -122.708781, 38.41503 ], [ -122.708784, 38.414412 ], [ -122.708764, 38.414255 ], [ -122.708487, 38.41425 ], [ -122.708116, 38.414259 ], [ -122.708065, 38.414263 ], [ -122.708042, 38.414276 ], [ -122.708033, 38.414348 ], [ -122.708041, 38.414591 ], [ -122.707969, 38.414716 ], [ -122.707955, 38.414731 ], [ -122.707855, 38.414757 ], [ -122.707749, 38.414769 ], [ -122.707642, 38.414774 ], [ -122.707238, 38.414776 ], [ -122.707093, 38.414787 ], [ -122.707029, 38.414808 ], [ -122.706947, 38.414822 ], [ -122.706932, 38.415002 ], [ -122.706308, 38.415002 ], [ -122.70602, 38.415009 ], [ -122.706026, 38.415184 ], [ -122.706025, 38.415822 ], [ -122.706055, 38.415821 ], [ -122.70694, 38.415821 ], [ -122.70752, 38.415816 ], [ -122.707884, 38.415813 ], [ -122.708009, 38.415816 ], [ -122.708008, 38.416133 ], [ -122.708019, 38.416309 ], [ -122.708021, 38.416476 ], [ -122.707415, 38.416484 ], [ -122.707131, 38.41649 ], [ -122.706233, 38.416496 ], [ -122.705787, 38.416506 ], [ -122.704468, 38.416496 ], [ -122.704259, 38.416485 ], [ -122.704259, 38.416158 ], [ -122.70425, 38.41575 ], [ -122.704256, 38.415371 ], [ -122.704253, 38.41496 ], [ -122.704244, 38.414556 ], [ -122.704253, 38.413278 ], [ -122.70857, 38.413256 ], [ -122.709139, 38.413249 ], [ -122.710324, 38.413237 ], [ -122.711317, 38.413217 ], [ -122.711647, 38.413211 ], [ -122.712297, 38.413218 ], [ -122.712715, 38.413228 ], [ -122.713317, 38.413213 ], [ -122.713523, 38.413215 ], [ -122.713523, 38.413258 ], [ -122.713517, 38.413659 ], [ -122.713519, 38.414477 ], [ -122.713515, 38.414814 ] ] ] } },
{ "type": "Feature", "properties": { "STATEFP20": "06", "COUNTYFP20": "097", "TRACTCE20": "151406", "BLOCKCE20": "2001", "GEOID20": "060971514062001", "GEOIDFQ20": "1000000US060971514062001", "NAME20": "Block2001", "MTFCC20": "G5040", "UR20": "U", "UACE20": "79498", "FUNCSTAT20": "S", "ALAND20": 8976, "AWATER20": 0, "HOUSING20": 52, "POP20": 100, "DISTRICT": "Secondary", "block_of_residence": "060971514062001", "students": 2, "residents": 2, "INTPTLAT20": 38.414862048634447, "INTPTLON20": -122.70839773834024 }, "geometry": { "type": "Polygon", "coordinates": [ [ [ -122.708006, 38.414915 ], [ -122.707997, 38.414792 ], [ -122.707973, 38.414743 ], [ -122.707955, 38.414731 ], [ -122.707969, 38.414716 ], [ -122.708041, 38.414591 ], [ -122.708033, 38.414348 ], [ -122.708042, 38.414276 ], [ -122.708065, 38.414263 ], [ -122.708116, 38.414259 ], [ -122.708487, 38.41425 ], [ -122.708764, 38.414255 ], [ -122.708784, 38.414412 ], [ -122.708781, 38.41503 ], [ -122.708788, 38.415459 ], [ -122.708008, 38.415457 ], [ -122.708006, 38.415118 ], [ -122.708006, 38.414915 ] ] ] } },
{ "type": "Feature", "properties": { "STATEFP20": "06", "COUNTYFP20": "097", "TRACTCE20": "151406", "BLOCKCE20": "2002", "GEOID20": "060971514062002", "GEOIDFQ20": "1000000US060971514062002", "NAME20": "Block2002", "MTFCC20": "G5040", "UR20": "U", "UACE20": "79498", "FUNCSTAT20": "S", "ALAND20": 7555, "AWATER20": 0, "HOUSING20": 40, "POP20": 86, "DISTRICT": "Secondary", "block_of_residence": "060971514062002", "students": 6, "residents": 7, "INTPTLAT20": 38.415957229126128, "INTPTLON20": -122.70839986491482 }, "geometry": { "type": "Polygon", "coordinates": [ [ [ -122.708021, 38.416476 ], [ -122.708019, 38.416309 ], [ -122.708008, 38.416133 ], [ -122.708009, 38.415816 ], [ -122.708008, 38.415457 ], [ -122.708788, 38.415459 ], [ -122.708791, 38.416138 ], [ -122.708797, 38.416456 ], [ -122.708543, 38.416452 ], [ -122.70821, 38.416457 ], [ -122.708021, 38.416476 ] ] ] } },
{ "type": "Feature", "properties": { "STATEFP20": "06", "COUNTYFP20": "097", "TRACTCE20": "151406", "BLOCKCE20": "2003", "GEOID20": "060971514062003", "GEOIDFQ20": "1000000US060971514062003", "NAME20": "Block2003", "MTFCC20": "G5040", "UR20": "U", "UACE20": "79498", "FUNCSTAT20": "S", "ALAND20": 18023, "AWATER20": 0, "HOUSING20": 72, "POP20": 316, "DISTRICT": "Secondary", "block_of_residence": "060971514062003", "students": 25, "residents": 31, "INTPTLAT20": 38.415342930668892, "INTPTLON20": -122.70707684399672 }, "geometry": { "type": "Polygon", "coordinates": [ [ [ -122.70694, 38.415821 ], [ -122.706055, 38.415821 ], [ -122.706025, 38.415822 ], [ -122.706026, 38.415184 ], [ -122.70602, 38.415009 ], [ -122.706308, 38.415002 ], [ -122.706932, 38.415002 ], [ -122.706947, 38.414822 ], [ -122.707029, 38.414808 ], [ -122.707093, 38.414787 ], [ -122.707238, 38.414776 ], [ -122.707642, 38.414774 ], [ -122.707749, 38.414769 ], [ -122.707855, 38.414757 ], [ -122.707955, 38.414731 ], [ -122.707973, 38.414743 ], [ -122.707997, 38.414792 ], [ -122.708006, 38.414915 ], [ -122.708006, 38.415118 ], [ -122.708008, 38.415457 ], [ -122.708009, 38.415816 ], [ -122.707884, 38.415813 ], [ -122.70752, 38.415816 ], [ -122.70694, 38.415821 ] ] ] } },
{ "type": "Feature", "properties": { "STATEFP20": "06", "COUNTYFP20": "097", "TRACTCE20": "151406", "BLOCKCE20": "2004", "GEOID20": "060971514062004", "GEOIDFQ20": "1000000US060971514062004", "NAME20": "Block2004", "MTFCC20": "G5040", "UR20": "U", "UACE20": "79498", "FUNCSTAT20": "S", "ALAND20": 241936, "AWATER20": 0, "HOUSING20": 166, "POP20": 356, "DISTRICT": "Secondary", "block_of_residence": "060971514062004", "students": 4, "residents": 6, "INTPTLAT20": 38.411728814707821, "INTPTLON20": -122.70916702601598 }, "geometry": { "type": "Polygon", "coordinates": [ [ [ -122.712297, 38.413218 ], [ -122.711647, 38.413211 ], [ -122.711317, 38.413217 ], [ -122.710324, 38.413237 ], [ -122.709139, 38.413249 ], [ -122.70857, 38.413256 ], [ -122.704253, 38.413278 ], [ -122.704268, 38.412922 ], [ -122.704297, 38.412517 ], [ -122.704315, 38.41229 ], [ -122.704367, 38.411802 ], [ -122.704361, 38.411691 ], [ -122.704355, 38.411647 ], [ -122.704342, 38.41153 ], [ -122.70431, 38.411358 ], [ -122.704263, 38.411191 ], [ -122.704249, 38.411141 ], [ -122.704216, 38.411044 ], [ -122.704262, 38.411013 ], [ -122.704292, 38.410972 ], [ -122.704299, 38.410949 ], [ -122.704301, 38.410812 ], [ -122.704292, 38.410726 ], [ -122.70423, 38.410101 ], [ -122.704202, 38.40972 ], [ -122.704195, 38.409669 ], [ -122.704147, 38.409319 ], [ -122.704135, 38.409292 ], [ -122.70412, 38.409258 ], [ -122.704088, 38.409222 ], [ -122.70407, 38.409201 ], [ -122.704404, 38.409177 ], [ -122.704417, 38.409311 ], [ -122.704468, 38.40983 ], [ -122.704533, 38.410476 ], [ -122.705685, 38.410473 ], [ -122.706357, 38.410472 ], [ -122.706477, 38.410472 ], [ -122.707039, 38.41047 ], [ -122.707245, 38.410458 ], [ -122.707362, 38.410441 ], [ -122.707468, 38.41042 ], [ -122.707516, 38.410493 ], [ -122.707625, 38.410623 ], [ -122.707764, 38.410758 ], [ -122.7078, 38.410801 ], [ -122.707823, 38.410849 ], [ -122.707843, 38.410953 ], [ -122.707844, 38.411024 ], [ -122.707728, 38.411021 ], [ -122.707565, 38.411029 ], [ -122.707315, 38.411074 ], [ -122.707197, 38.411089 ], [ -122.707068, 38.411091 ], [ -122.707073, 38.411928 ], [ -122.707847, 38.411926 ], [ -122.708641, 38.411926 ], [ -122.709203, 38.411925 ], [ -122.709758, 38.411924 ], [ -122.709783, 38.411921 ], [ -122.709826, 38.411903 ], [ -122.709842, 38.411886 ], [ -122.70985, 38.411866 ], [ -122.709855, 38.411831 ], [ -122.70986, 38.411613 ], [ -122.709893, 38.411407 ], [ -122.709915, 38.41133 ], [ -122.70996, 38.411161 ], [ -122.709964, 38.411009 ], [ -122.709953, 38.410943 ], [ -122.70992, 38.410864 ], [ -122.709867, 38.410794 ], [ -122.709806, 38.410728 ], [ -122.709688, 38.410621 ], [ -122.709635, 38.410561 ], [ -122.70959, 38.410498 ], [ -122.709544, 38.410419 ], [ -122.709482, 38.410298 ], [ -122.709514, 38.410286 ], [ -122.709643, 38.410223 ], [ -122.709697, 38.410189 ], [ -122.710096, 38.409884 ], [ -122.710217, 38.409817 ], [ -122.71035, 38.409764 ], [ -122.710418, 38.409745 ], [ -122.710564, 38.409716 ], [ -122.710711, 38.409706 ], [ -122.711498, 38.409704 ], [ -122.71165, 38.409704 ], [ -122.712594, 38.409708 ], [ -122.713475, 38.409705 ], [ -122.71347, 38.410115 ], [ -122.713481, 38.411394 ], [ -122.713496, 38.411812 ], [ -122.713504, 38.412361 ], [ -122.713523, 38.413162 ], [ -122.713523, 38.413215 ], [ -122.713317, 38.413213 ], [ -122.712715, 38.413228 ], [ -122.712297, 38.413218 ] ] ] } },
{ "type": "Feature", "properties": { "STATEFP20": "06", "COUNTYFP20": "097", "TRACTCE20": "151406", "BLOCKCE20": "2005", "GEOID20": "060971514062005", "GEOIDFQ20": "1000000US060971514062005", "NAME20": "Block2005", "MTFCC20": "G5040", "UR20": "U", "UACE20": "79498", "FUNCSTAT20": "S", "ALAND20": 6860, "AWATER20": 0, "HOUSING20": 10, "POP20": 56, "DISTRICT": "Secondary", "block_of_residence": "060971514062005", "students": 0, "residents": 0, "INTPTLAT20": 38.411478421384466, "INTPTLON20": -122.70823858879197 }, "geometry": { "type": "Polygon", "coordinates": [ [ [ -122.707969, 38.411027 ], [ -122.708472, 38.411024 ], [ -122.708545, 38.411032 ], [ -122.70858, 38.411045 ], [ -122.708605, 38.411064 ], [ -122.708621, 38.411087 ], [ -122.708628, 38.411112 ], [ -122.708632, 38.411319 ], [ -122.708641, 38.411926 ], [ -122.707847, 38.411926 ], [ -122.707844, 38.411024 ], [ -122.707969, 38.411027 ] ] ] } },
{ "type": "Feature", "properties": { "STATEFP20": "06", "COUNTYFP20": "097", "TRACTCE20": "151406", "BLOCKCE20": "2006", "GEOID20": "060971514062006", "GEOIDFQ20": "1000000US060971514062006", "NAME20": "Block2006", "MTFCC20": "G5040", "UR20": "U", "UACE20": "79498", "FUNCSTAT20": "S", "ALAND20": 6572, "AWATER20": 0, "HOUSING20": 10, "POP20": 54, "DISTRICT": "Secondary", "block_of_residence": "060971514062006", "students": 1, "residents": 1, "INTPTLAT20": 38.411489156065365, "INTPTLON20": -122.70746448388897 }, "geometry": { "type": "Polygon", "coordinates": [ [ [ -122.707197, 38.411089 ], [ -122.707315, 38.411074 ], [ -122.707565, 38.411029 ], [ -122.707728, 38.411021 ], [ -122.707844, 38.411024 ], [ -122.707847, 38.411926 ], [ -122.707073, 38.411928 ], [ -122.707068, 38.411091 ], [ -122.707197, 38.411089 ] ] ] } },
{ "type": "Feature", "properties": { "STATEFP20": "06", "COUNTYFP20": "097", "TRACTCE20": "151406", "BLOCKCE20": "2007", "GEOID20": "060971514062007", "GEOIDFQ20": "1000000US060971514062007", "NAME20": "Block2007", "MTFCC20": "G5040", "UR20": "U", "UACE20": "79498", "FUNCSTAT20": "S", "ALAND20": 7857, "AWATER20": 0, "HOUSING20": 12, "POP20": 40, "DISTRICT": "Secondary", "block_of_residence": "060971514062007", "students": 1, "residents": 1, "INTPTLAT20": 38.40950025226573, "INTPTLON20": -122.70505795634183 }, "geometry": { "type": "Polygon", "coordinates": [ [ [ -122.704404, 38.409177 ], [ -122.704708, 38.409177 ], [ -122.705681, 38.409179 ], [ -122.705681, 38.409274 ], [ -122.705684, 38.409826 ], [ -122.704468, 38.40983 ], [ -122.704417, 38.409311 ], [ -122.704404, 38.409177 ] ] ] } },
{ "type": "Feature", "properties": { "STATEFP20": "06", "COUNTYFP20": "097", "TRACTCE20": "151406", "BLOCKCE20": "2008", "GEOID20": "060971514062008", "GEOIDFQ20": "1000000US060971514062008", "NAME20": "Block2008", "MTFCC20": "G5040", "UR20": "U", "UACE20": "79498", "FUNCSTAT20": "S", "ALAND20": 7422, "AWATER20": 0, "HOUSING20": 11, "POP20": 29, "DISTRICT": "Secondary", "block_of_residence": "060971514062008", "students": 0, "residents": 0, "INTPTLAT20": 38.41014833558917, "INTPTLON20": -122.70509247497982 }, "geometry": { "type": "Polygon", "coordinates": [ [ [ -122.705684, 38.409826 ], [ -122.705685, 38.410473 ], [ -122.704533, 38.410476 ], [ -122.704468, 38.40983 ], [ -122.705684, 38.409826 ] ] ] } },
{ "type": "Feature", "properties": { "STATEFP20": "06", "COUNTYFP20": "097", "TRACTCE20": "151406", "BLOCKCE20": "2009", "GEOID20": "060971514062009", "GEOIDFQ20": "1000000US060971514062009", "NAME20": "Block2009", "MTFCC20": "G5040", "UR20": "U", "UACE20": "79498", "FUNCSTAT20": "S", "ALAND20": 16836, "AWATER20": 0, "HOUSING20": 0, "POP20": 0, "DISTRICT": "Secondary", "block_of_residence": "060971514062009", "students": 0, "residents": 0, "INTPTLAT20": 38.410805998044538, "INTPTLON20": -122.70886156539238 }, "geometry": { "type": "Polygon", "coordinates": [ [ [ -122.708632, 38.411319 ], [ -122.708628, 38.411112 ], [ -122.708621, 38.411087 ], [ -122.708605, 38.411064 ], [ -122.70858, 38.411045 ], [ -122.708545, 38.411032 ], [ -122.708472, 38.411024 ], [ -122.707969, 38.411027 ], [ -122.707844, 38.411024 ], [ -122.707843, 38.410953 ], [ -122.707823, 38.410849 ], [ -122.7078, 38.410801 ], [ -122.707764, 38.410758 ], [ -122.707625, 38.410623 ], [ -122.707516, 38.410493 ], [ -122.707468, 38.41042 ], [ -122.707672, 38.410392 ], [ -122.70774, 38.410388 ], [ -122.708129, 38.410381 ], [ -122.709067, 38.410378 ], [ -122.709154, 38.410373 ], [ -122.709303, 38.410351 ], [ -122.709375, 38.410333 ], [ -122.709482, 38.410298 ], [ -122.709544, 38.410419 ], [ -122.70959, 38.410498 ], [ -122.709635, 38.410561 ], [ -122.709688, 38.410621 ], [ -122.709806, 38.410728 ], [ -122.709867, 38.410794 ], [ -122.70992, 38.410864 ], [ -122.709953, 38.410943 ], [ -122.709964, 38.411009 ], [ -122.70996, 38.411161 ], [ -122.709915, 38.41133 ], [ -122.709756, 38.411312 ], [ -122.708632, 38.411319 ] ] ] } },
{ "type": "Feature", "properties": { "STATEFP20": "06", "COUNTYFP20": "097", "TRACTCE20": "151406", "BLOCKCE20": "2010", "GEOID20": "060971514062010", "GEOIDFQ20": "1000000US060971514062010", "NAME20": "Block2010", "MTFCC20": "G5040", "UR20": "U", "UACE20": "79498", "FUNCSTAT20": "S", "ALAND20": 7267, "AWATER20": 0, "HOUSING20": 12, "POP20": 54, "DISTRICT": "Secondary", "block_of_residence": "060971514062010", "students": 0, "residents": 1, "INTPTLAT20": 38.411617121080916, "INTPTLON20": -122.70925228032074 }, "geometry": { "type": "Polygon", "coordinates": [ [ [ -122.70985, 38.411866 ], [ -122.709842, 38.411886 ], [ -122.709826, 38.411903 ], [ -122.709783, 38.411921 ], [ -122.709758, 38.411924 ], [ -122.709203, 38.411925 ], [ -122.708641, 38.411926 ], [ -122.708632, 38.411319 ], [ -122.709756, 38.411312 ], [ -122.709915, 38.41133 ], [ -122.709893, 38.411407 ], [ -122.70986, 38.411613 ], [ -122.709855, 38.411831 ], [ -122.70985, 38.411866 ] ] ] } },
{ "type": "Feature", "properties": { "STATEFP20": "06", "COUNTYFP20": "097", "TRACTCE20": "151406", "BLOCKCE20": "2011", "GEOID20": "060971514062011", "GEOIDFQ20": "1000000US060971514062011", "NAME20": "Block2011", "MTFCC20": "G5040", "UR20": "R", "UACE20": null, "FUNCSTAT20": "S", "ALAND20": 13296, "AWATER20": 0, "HOUSING20": 0, "POP20": 0, "DISTRICT": "Secondary", "block_of_residence": "060971514062011", "students": 0, "residents": 0, "INTPTLAT20": 38.409748444791944, "INTPTLON20": -122.70369023713336 }, "geometry": { "type": "Polygon", "coordinates": [ [ [ -122.704216, 38.411044 ], [ -122.70417, 38.410926 ], [ -122.704075, 38.410735 ], [ -122.70402, 38.410641 ], [ -122.703978, 38.41058 ], [ -122.703895, 38.41046 ], [ -122.703792, 38.410335 ], [ -122.703608, 38.410131 ], [ -122.703492, 38.410013 ], [ -122.702899, 38.409447 ], [ -122.702521, 38.409087 ], [ -122.702601, 38.409131 ], [ -122.702639, 38.409136 ], [ -122.70271, 38.409136 ], [ -122.702824, 38.40913 ], [ -122.702884, 38.409128 ], [ -122.703366, 38.40913 ], [ -122.703771, 38.409125 ], [ -122.703849, 38.409125 ], [ -122.703895, 38.409128 ], [ -122.703974, 38.409147 ], [ -122.70401, 38.409163 ], [ -122.70407, 38.409201 ], [ -122.704088, 38.409222 ], [ -122.70412, 38.409258 ], [ -122.704135, 38.409292 ], [ -122.704147, 38.409319 ], [ -122.704195, 38.409669 ], [ -122.704202, 38.40972 ], [ -122.70423, 38.410101 ], [ -122.704292, 38.410726 ], [ -122.704301, 38.410812 ], [ -122.704299, 38.410949 ], [ -122.704292, 38.410972 ], [ -122.704262, 38.411013 ], [ -122.704216, 38.411044 ] ] ] } },
{ "type": "Feature", "properties": { "STATEFP20": "06", "COUNTYFP20": "097", "TRACTCE20": "151406", "BLOCKCE20": "2012", "GEOID20": "060971514062012", "GEOIDFQ20": "1000000US060971514062012", "NAME20": "Block2012", "MTFCC20": "G5040", "UR20": "U", "UACE20": "79498", "FUNCSTAT20": "S", "ALAND20": 9928, "AWATER20": 0, "HOUSING20": 16, "POP20": 51, "DISTRICT": "Secondary", "block_of_residence": "060971514062012", "students": 0, "residents": 0, "INTPTLAT20": 38.40982496969805, "INTPTLON20": -122.70607875526255 }, "geometry": { "type": "Polygon", "coordinates": [ [ [ -122.705684, 38.409826 ], [ -122.705681, 38.409274 ], [ -122.705681, 38.409179 ], [ -122.706471, 38.409175 ], [ -122.706471, 38.409251 ], [ -122.706477, 38.410472 ], [ -122.706357, 38.410472 ], [ -122.705685, 38.410473 ], [ -122.705684, 38.409826 ] ] ] } },
{ "type": "Feature", "properties": { "STATEFP20": "06", "COUNTYFP20": "097", "TRACTCE20": "151406", "BLOCKCE20": "2013", "GEOID20": "060971514062013", "GEOIDFQ20": "1000000US060971514062013", "NAME20": "Block2013", "MTFCC20": "G5040", "UR20": "U", "UACE20": "79498", "FUNCSTAT20": "S", "ALAND20": 10395, "AWATER20": 0, "HOUSING20": 16, "POP20": 53, "DISTRICT": "Secondary", "block_of_residence": "060971514062013", "students": 1, "residents": 2, "INTPTLAT20": 38.409836784153491, "INTPTLON20": -122.70688873981412 }, "geometry": { "type": "Polygon", "coordinates": [ [ [ -122.707039, 38.41047 ], [ -122.706477, 38.410472 ], [ -122.706471, 38.409251 ], [ -122.706471, 38.409175 ], [ -122.706627, 38.409174 ], [ -122.707267, 38.409172 ], [ -122.707271, 38.409228 ], [ -122.707273, 38.409263 ], [ -122.707275, 38.409956 ], [ -122.707288, 38.410057 ], [ -122.707313, 38.410149 ], [ -122.707354, 38.410243 ], [ -122.707393, 38.410313 ], [ -122.707468, 38.41042 ], [ -122.707362, 38.410441 ], [ -122.707245, 38.410458 ], [ -122.707039, 38.41047 ] ] ] } },
{ "type": "Feature", "properties": { "STATEFP20": "06", "COUNTYFP20": "097", "TRACTCE20": "151505", "BLOCKCE20": "1001", "GEOID20": "060971515051001", "GEOIDFQ20": "1000000US060971515051001", "NAME20": "Block1001", "MTFCC20": "G5040", "UR20": "U", "UACE20": "79498", "FUNCSTAT20": "S", "ALAND20": 185479, "AWATER20": 0, "HOUSING20": 35, "POP20": 83, "DISTRICT": "Secondary", "block_of_residence": "060971515051001", "students": 1, "residents": 2, "INTPTLAT20": 38.427194395060717, "INTPTLON20": -122.68406037600856 }, "geometry": { "type": "Polygon", "coordinates": [ [ [ -122.685074331668005, 38.423746976531497 ], [ -122.684852332370994, 38.423739977245397 ], [ -122.682834331403001, 38.4237419774473 ], [ -122.682619331674005, 38.423754976634797 ], [ -122.682332331275006, 38.423753976817103 ], [ -122.682332125803924, 38.42374904573451 ], [ -122.682606, 38.42375 ], [ -122.682821, 38.423737 ], [ -122.684839, 38.423735 ], [ -122.685061, 38.423742 ], [ -122.685737, 38.423736 ], [ -122.685736980301073, 38.423741095455789 ], [ -122.685074331668005, 38.423746976531497 ] ] ] } },
{ "type": "Feature", "properties": { "STATEFP20": "06", "COUNTYFP20": "097", "TRACTCE20": "151505", "BLOCKCE20": "1005", "GEOID20": "060971515051005", "GEOIDFQ20": "1000000US060971515051005", "NAME20": "Block1005", "MTFCC20": "G5040", "UR20": "R", "UACE20": null, "FUNCSTAT20": "S", "ALAND20": 5852514, "AWATER20": 0, "HOUSING20": 101, "POP20": 223, "DISTRICT": "Secondary", "block_of_residence": "060971515051005", "students": 6, "residents": 11, "INTPTLAT20": 38.405152780507649, "INTPTLON20": -122.66049252392401 }, "geometry": { "type": "MultiPolygon", "coordinates": [ [ [ [ -122.682216331242998, 38.423670977462599 ], [ -122.682043331743003, 38.423667977199301 ], [ -122.681934331831997, 38.423671976974198 ], [ -122.681582331325998, 38.423671977162499 ], [ -122.681278330968993, 38.423664976891899 ], [ -122.681207331896999, 38.423654977257698 ], [ -122.681120331537997, 38.423633977079199 ], [ -122.68110924079626, 38.423629540881855 ], [ -122.681194, 38.42365 ], [ -122.681265, 38.42366 ], [ -122.681569, 38.423667 ], [ -122.681921, 38.423667 ], [ -122.68203, 38.423663 ], [ -122.682203, 38.423666 ], [ -122.682263, 38.423674 ], [ -122.682267029964905, 38.423677736876549 ], [ -122.682216331242998, 38.423670977462599 ] ] ], [ [ [ -122.677566329944995, 38.418547976667703 ], [ -122.677475330529006, 38.418533976966998 ], [ -122.677411330802997, 38.4185309774061 ], [ -122.677334329925998, 38.418513977439503 ], [ -122.677334436427188, 38.418511966483926 ], [ -122.677398, 38.418526 ], [ -122.677462, 38.418529 ], [ -122.677553, 38.418543 ], [ -122.677631, 38.418572 ], [ -122.677631044073905, 38.418572036814666 ], [ -122.677566329944995, 38.418547976667703 ] ] ] ] } },
{ "type": "Feature", "properties": { "STATEFP20": "06", "COUNTYFP20": "097", "TRACTCE20": "151505", "BLOCKCE20": "1008", "GEOID20": "060971515051008", "GEOIDFQ20": "1000000US060971515051008", "NAME20": "Block1008", "MTFCC20": "G5040", "UR20": "R", "UACE20": null, "FUNCSTAT20": "S", "ALAND20": 53633, "AWATER20": 0, "HOUSING20": 0, "POP20": 0, "DISTRICT": "Secondary", "block_of_residence": "060971515051008", "students": 0, "residents": 0, "INTPTLAT20": 38.411539317105792, "INTPTLON20": -122.67599778113266 }, "geometry": { "type": "Polygon", "coordinates": [ [ [ -122.676858329416007, 38.412585976727897 ], [ -122.675993329684005, 38.412665976438902 ], [ -122.675883329840005, 38.412686977045396 ], [ -122.675883239691217, 38.412679472422582 ], [ -122.67598, 38.412661 ], [ -122.676845, 38.412581 ], [ -122.677299, 38.412539 ], [ -122.677298958578589, 38.412545213212567 ], [ -122.676858329416007, 38.412585976727897 ] ] ] } },
{ "type": "Feature", "properties": { "STATEFP20": "06", "COUNTYFP20": "097", "TRACTCE20": "151505", "BLOCKCE20": "1010", "GEOID20": "060971515051010", "GEOIDFQ20": "1000000US060971515051010", "NAME20": "Block1010", "MTFCC20": "G5040", "UR20": "R", "UACE20": null, "FUNCSTAT20": "S", "ALAND20": 208252, "AWATER20": 0, "HOUSING20": 0, "POP20": 0, "DISTRICT": "Secondary", "block_of_residence": "060971515051010", "students": 0, "residents": 0, "INTPTLAT20": 38.420532230710755, "INTPTLON20": -122.68036897962732 }, "geometry": { "type": "Polygon", "coordinates": [ [ [ -122.682331331260002, 38.423729977544099 ], [ -122.682276332097999, 38.423678977084698 ], [ -122.682267029964905, 38.423677736876549 ], [ -122.682263, 38.423674 ], [ -122.682203, 38.423666 ], [ -122.68203, 38.423663 ], [ -122.681921, 38.423667 ], [ -122.681569, 38.423667 ], [ -122.681265, 38.42366 ], [ -122.681194, 38.42365 ], [ -122.68110924079626, 38.423629540881855 ], [ -122.681070331071993, 38.4236139773407 ], [ -122.681023331568994, 38.4235819767582 ], [ -122.680963331835997, 38.423491977560197 ], [ -122.680914331311996, 38.423379977098399 ], [ -122.680861331889005, 38.423279977084398 ], [ -122.680694331043995, 38.4230259772213 ], [ -122.680660331173996, 38.422967977433402 ], [ -122.680593331484999, 38.422890977465698 ], [ -122.680469331789993, 38.422774977353399 ], [ -122.680375330973007, 38.422717977395997 ], [ -122.680202331277002, 38.422635976981702 ], [ -122.680136331254005, 38.422593977042503 ], [ -122.679962331498004, 38.422465976866597 ], [ -122.679828331202003, 38.422311977109899 ], [ -122.679664331490002, 38.422168977573399 ], [ -122.679560331385005, 38.4220649775448 ], [ -122.679445331091998, 38.421931977529297 ], [ -122.679370330590004, 38.421771977470499 ], [ -122.679320330793004, 38.421683976878803 ], [ -122.679261330863, 38.421611977154903 ], [ -122.679176331272998, 38.421525977456099 ], [ -122.679111331269993, 38.421452976778198 ], [ -122.679027330569994, 38.421367977177802 ], [ -122.678852330474996, 38.421199976986699 ], [ -122.678769330376994, 38.421096976758697 ], [ -122.678707330335996, 38.421004977148897 ], [ -122.678603331131995, 38.420791977259597 ], [ -122.678403330563, 38.420478977528902 ], [ -122.678365330698, 38.420404977475599 ], [ -122.678326331060006, 38.420291976900501 ], [ -122.678333330111997, 38.420206977286902 ], [ -122.678377330138005, 38.420101976833799 ], [ -122.678404330308993, 38.420004976688197 ], [ -122.678407330422999, 38.419912976826197 ], [ -122.678368330077006, 38.419817977066401 ], [ -122.678320330918993, 38.419751976935999 ], [ -122.678248330797999, 38.419675976725699 ], [ -122.678171330300003, 38.419609976852101 ], [ -122.678099330001999, 38.419537976836303 ], [ -122.678042329991001, 38.419457976733 ], [ -122.677984330797997, 38.419364977399397 ], [ -122.677952330021995, 38.419246977195797 ], [ -122.677919330074999, 38.419077977460503 ], [ -122.677888330621997, 38.418976976680099 ], [ -122.677789330866005, 38.418739977241003 ], [ -122.677729330041998, 38.4186479770242 ], [ -122.677644330880995, 38.418576976733299 ], [ -122.677631044073905, 38.418572036814666 ], [ -122.677631, 38.418572 ], [ -122.677553, 38.418543 ], [ -122.677462, 38.418529 ], [ -122.677398, 38.418526 ], [ -122.677334436427188, 38.418511966483926 ], [ -122.677351330261999, 38.418192977094897 ], [ -122.677337330274995, 38.417577976656602 ], [ -122.677312329459994, 38.415618977039799 ], [ -122.677312329792031, 38.415116551518075 ], [ -122.67892, 38.417354 ], [ -122.679115, 38.417625 ], [ -122.679918, 38.41859 ], [ -122.680295, 38.419002 ], [ -122.680923, 38.419403 ], [ -122.681086, 38.419549 ], [ -122.681293, 38.419733 ], [ -122.681328, 38.419827 ], [ -122.681761, 38.4202 ], [ -122.681936, 38.420596 ], [ -122.682341, 38.421041 ], [ -122.682424, 38.42137 ], [ -122.682515, 38.421491 ], [ -122.682948, 38.421821 ], [ -122.683283, 38.422167 ], [ -122.68374, 38.422516 ], [ -122.684133, 38.422816 ], [ -122.68454, 38.423128 ], [ -122.684839, 38.423735 ], [ -122.682821, 38.423737 ], [ -122.682606, 38.42375 ], [ -122.682332125803924, 38.42374904573451 ], [ -122.682331331260002, 38.423729977544099 ] ] ] } },
{ "type": "Feature", "properties": { "STATEFP20": "06", "COUNTYFP20": "097", "TRACTCE20": "151505", "BLOCKCE20": "2004", "GEOID20": "060971515052004", "GEOIDFQ20": "1000000US060971515052004", "NAME20": "Block2004", "MTFCC20": "G5040", "UR20": "R", "UACE20": null, "FUNCSTAT20": "S", "ALAND20": 3905186, "AWATER20": 0, "HOUSING20": 49, "POP20": 87, "DISTRICT": "Secondary", "block_of_residence": "060971515052004", "students": 1, "residents": 1, "INTPTLAT20": 38.385116406253069, "INTPTLON20": -122.65165073311793 }, "geometry": { "type": "MultiPolygon", "coordinates": [ [ [ [ -122.656994323058996, 38.387545976214597 ], [ -122.656994314091023, 38.387541135161214 ], [ -122.666339, 38.387636 ], [ -122.666339896586635, 38.387640849718636 ], [ -122.656994323058996, 38.387545976214597 ] ] ], [ [ [ -122.647829320289006, 38.3726409759783 ], [ -122.647829309666946, 38.372635795280885 ], [ -122.652367, 38.372566 ], [ -122.652366818125145, 38.372571183433109 ], [ -122.647829320289006, 38.3726409759783 ] ] ] ] } },
{ "type": "Feature", "properties": { "STATEFP20": "06", "COUNTYFP20": "097", "TRACTCE20": "151505", "BLOCKCE20": "2006", "GEOID20": "060971515052006", "GEOIDFQ20": "1000000US060971515052006", "NAME20": "Block2006", "MTFCC20": "G5040", "UR20": "R", "UACE20": null, "FUNCSTAT20": "S", "ALAND20": 3701784, "AWATER20": 0, "HOUSING20": 50, "POP20": 113, "DISTRICT": "Secondary", "block_of_residence": "060971515052006", "students": 0, "residents": 0, "INTPTLAT20": 38.376701091610151, "INTPTLON20": -122.66442761129072 }, "geometry": { "type": "Polygon", "coordinates": [ [ [ -122.656981322331006, 38.380527975450597 ], [ -122.656981322956, 38.380000975883497 ], [ -122.652908321159003, 38.376748975944601 ], [ -122.652380321295993, 38.3763429760481 ], [ -122.652367320888004, 38.373018975272799 ], [ -122.652376320784001, 38.372684975556801 ], [ -122.652380320898999, 38.372570975743102 ], [ -122.652366818125145, 38.372571183433109 ], [ -122.652367, 38.372566 ], [ -122.647829309666946, 38.372635795280885 ], [ -122.647825320124994, 38.3706899756057 ], [ -122.647825290988237, 38.370676542098394 ], [ -122.647867, 38.37065 ], [ -122.64794, 38.370627 ], [ -122.647956, 38.370627 ], [ -122.648246, 38.370627 ], [ -122.64843, 38.370632 ], [ -122.648588, 38.370638 ], [ -122.648593, 38.370614 ], [ -122.64862, 38.370569 ], [ -122.648681, 38.370514 ], [ -122.648719, 38.370495 ], [ -122.648781, 38.370478 ], [ -122.648875, 38.370472 ], [ -122.64908, 38.370472 ], [ -122.649954, 38.370526 ], [ -122.649975, 38.370528 ], [ -122.650076, 38.370528 ], [ -122.650156, 38.370518 ], [ -122.650252, 38.370481 ], [ -122.650299, 38.370452 ], [ -122.650363, 38.370414 ], [ -122.650522, 38.370304 ], [ -122.650628, 38.37022 ], [ -122.650728, 38.370153 ], [ -122.650827, 38.370116 ], [ -122.65086, 38.370104 ], [ -122.650919, 38.370098 ], [ -122.650942, 38.370097 ], [ -122.65099, 38.370098 ], [ -122.651054, 38.370109 ], [ -122.651097, 38.370122 ], [ -122.651138, 38.37014 ], [ -122.651247, 38.370211 ], [ -122.651392, 38.370327 ], [ -122.651531, 38.37044 ], [ -122.651651, 38.370513 ], [ -122.651752, 38.37056 ], [ -122.65183, 38.370582 ], [ -122.651884, 38.370592 ], [ -122.652082, 38.370624 ], [ -122.652326, 38.37065 ], [ -122.652535, 38.370653 ], [ -122.652736, 38.370643 ], [ -122.652914, 38.370638 ], [ -122.652943, 38.37064 ], [ -122.653003, 38.370647 ], [ -122.653074, 38.370667 ], [ -122.653132, 38.370691 ], [ -122.653293, 38.370797 ], [ -122.653557, 38.371002 ], [ -122.653684, 38.371101 ], [ -122.653727, 38.371126 ], [ -122.653773, 38.371146 ], [ -122.653849, 38.371161 ], [ -122.653899, 38.371164 ], [ -122.653949, 38.371158 ], [ -122.654022, 38.371125 ], [ -122.654059, 38.371098 ], [ -122.654072, 38.371082 ], [ -122.654094, 38.371041 ], [ -122.654105, 38.371005 ], [ -122.654104, 38.370933 ], [ -122.654061, 38.370807 ], [ -122.654036, 38.37075 ], [ -122.653896, 38.370419 ], [ -122.653808, 38.370116 ], [ -122.653771, 38.370028 ], [ -122.653738, 38.369899 ], [ -122.653726, 38.369811 ], [ -122.653725, 38.36976 ], [ -122.65373, 38.36926 ], [ -122.653716, 38.369216 ], [ -122.65367, 38.369061 ], [ -122.653635, 38.368904 ], [ -122.65363, 38.368875 ], [ -122.653634, 38.368842 ], [ -122.653642, 38.36882 ], [ -122.653676, 38.368762 ], [ -122.653708, 38.368728 ], [ -122.653758, 38.368691 ], [ -122.653802, 38.368676 ], [ -122.653868, 38.368654 ], [ -122.65414, 38.368643 ], [ -122.65475, 38.368646 ], [ -122.654964, 38.36864 ], [ -122.655104, 38.36864 ], [ -122.655127, 38.368641 ], [ -122.655315, 38.368652 ], [ -122.655938, 38.368644 ], [ -122.656824, 38.368645 ], [ -122.656897, 38.368633 ], [ -122.65693, 38.368626 ], [ -122.656997, 38.368589 ], [ -122.657027, 38.368564 ], [ -122.65706, 38.368526 ], [ -122.657078, 38.368485 ], [ -122.65709, 38.368401 ], [ -122.657099, 38.368191 ], [ -122.657094, 38.367658 ], [ -122.657087, 38.367385 ], [ -122.657082, 38.366512 ], [ -122.657082, 38.366451 ], [ -122.657093, 38.365779 ], [ -122.657094, 38.365404 ], [ -122.657098, 38.365295 ], [ -122.657095, 38.365183 ], [ -122.65782, 38.365189 ], [ -122.657903, 38.365189 ], [ -122.658692, 38.365189 ], [ -122.659664, 38.365189 ], [ -122.660331, 38.365187 ], [ -122.661067, 38.365186 ], [ -122.66114, 38.365187 ], [ -122.661182, 38.365187 ], [ -122.66131, 38.36519 ], [ -122.661353, 38.365191 ], [ -122.661495, 38.365194 ], [ -122.662285, 38.365202 ], [ -122.662483, 38.3652 ], [ -122.663268, 38.365197 ], [ -122.664707, 38.365204 ], [ -122.665873, 38.365203 ], [ -122.666526, 38.365203 ], [ -122.667004, 38.365215 ], [ -122.667025, 38.365614 ], [ -122.667036, 38.365816 ], [ -122.667062, 38.366514 ], [ -122.667063, 38.366687 ], [ -122.667069, 38.367287 ], [ -122.667094, 38.368883 ], [ -122.667091, 38.369638 ], [ -122.667107, 38.370243 ], [ -122.667105, 38.371064 ], [ -122.667105, 38.371108 ], [ -122.66711, 38.371353 ], [ -122.667121, 38.371458 ], [ -122.66717, 38.371728 ], [ -122.667219, 38.371881 ], [ -122.667347, 38.372175 ], [ -122.667426, 38.372322 ], [ -122.667504, 38.37244 ], [ -122.66754, 38.372487 ], [ -122.667638, 38.372619 ], [ -122.667786, 38.3728 ], [ -122.66807, 38.373079 ], [ -122.668377, 38.373303 ], [ -122.668676, 38.373466 ], [ -122.668963, 38.373602 ], [ -122.66907, 38.37365 ], [ -122.669794, 38.373979 ], [ -122.670152, 38.374137 ], [ -122.670536, 38.374296 ], [ -122.670894, 38.374454 ], [ -122.671131, 38.374542 ], [ -122.671269, 38.374594 ], [ -122.67152, 38.374702 ], [ -122.672338, 38.375013 ], [ -122.673148, 38.375298 ], [ -122.67344, 38.375408 ], [ -122.674075, 38.37563 ], [ -122.67452, 38.375793 ], [ -122.674999, 38.375968 ], [ -122.675296, 38.37607 ], [ -122.6758, 38.376256 ], [ -122.676358, 38.376455 ], [ -122.67733, 38.3768 ], [ -122.677893, 38.377009 ], [ -122.677985, 38.377044 ], [ -122.67841, 38.377229 ], [ -122.678801, 38.377427 ], [ -122.679345, 38.377743 ], [ -122.679687, 38.377965 ], [ -122.680183, 38.378338 ], [ -122.681997, 38.379654 ], [ -122.682762, 38.380209 ], [ -122.682869, 38.380277 ], [ -122.683092, 38.380402 ], [ -122.683367, 38.380536 ], [ -122.683147, 38.380833 ], [ -122.683005, 38.38105 ], [ -122.682945, 38.381203 ], [ -122.682927, 38.381284 ], [ -122.682923, 38.381341 ], [ -122.682927, 38.381388 ], [ -122.68297, 38.381661 ], [ -122.682974, 38.381736 ], [ -122.682972, 38.38188 ], [ -122.682949, 38.382098 ], [ -122.682912, 38.382215 ], [ -122.682887, 38.382272 ], [ -122.682856, 38.382327 ], [ -122.682752, 38.382483 ], [ -122.682645, 38.382625 ], [ -122.682619, 38.382692 ], [ -122.682614, 38.382723 ], [ -122.682621, 38.38279 ], [ -122.682754, 38.383276 ], [ -122.682756, 38.383352 ], [ -122.682732, 38.383432 ], [ -122.68269, 38.383513 ], [ -122.68263, 38.383588 ], [ -122.682552, 38.383651 ], [ -122.681892, 38.384055 ], [ -122.681764, 38.384156 ], [ -122.681727, 38.384203 ], [ -122.681712, 38.384235 ], [ -122.681701, 38.384297 ], [ -122.681704, 38.384328 ], [ -122.681713, 38.384358 ], [ -122.681732, 38.384467 ], [ -122.681781, 38.384654 ], [ -122.681786, 38.38473 ], [ -122.68178, 38.384768 ], [ -122.681751, 38.384841 ], [ -122.681714, 38.384882 ], [ -122.681658, 38.384915 ], [ -122.681622, 38.384927 ], [ -122.681551, 38.384937 ], [ -122.681482, 38.384929 ], [ -122.681449, 38.384919 ], [ -122.681419, 38.384905 ], [ -122.68109, 38.38462 ], [ -122.680423, 38.384092 ], [ -122.680183, 38.383902 ], [ -122.680107, 38.383847 ], [ -122.680061, 38.383815 ], [ -122.680005, 38.383786 ], [ -122.679885, 38.383741 ], [ -122.679821, 38.383724 ], [ -122.679692, 38.383703 ], [ -122.679411, 38.383676 ], [ -122.679158, 38.383637 ], [ -122.678934, 38.383586 ], [ -122.678846, 38.383552 ], [ -122.678803, 38.383527 ], [ -122.678628, 38.383367 ], [ -122.678599, 38.383336 ], [ -122.678518, 38.383273 ], [ -122.678424, 38.383222 ], [ -122.678222, 38.383131 ], [ -122.678154, 38.383074 ], [ -122.678104, 38.383024 ], [ -122.678069, 38.382982 ], [ -122.677949, 38.382798 ], [ -122.677737, 38.382519 ], [ -122.677615, 38.382383 ], [ -122.677492, 38.382293 ], [ -122.677429, 38.382277 ], [ -122.677342, 38.382277 ], [ -122.677276, 38.382294 ], [ -122.677257, 38.382305 ], [ -122.677164, 38.382385 ], [ -122.677099, 38.382488 ], [ -122.676911, 38.382846 ], [ -122.676827, 38.383102 ], [ -122.676814, 38.383141 ], [ -122.676767, 38.383237 ], [ -122.676615, 38.383408 ], [ -122.676575, 38.383482 ], [ -122.676551, 38.383572 ], [ -122.676546, 38.38365 ], [ -122.676543, 38.383756 ], [ -122.676494, 38.383962 ], [ -122.676437, 38.384076 ], [ -122.676403, 38.384128 ], [ -122.67632, 38.384237 ], [ -122.67623, 38.384319 ], [ -122.676199, 38.384337 ], [ -122.676133, 38.384353 ], [ -122.676072, 38.384352 ], [ -122.67602, 38.384341 ], [ -122.675999, 38.384332 ], [ -122.675963, 38.384311 ], [ -122.675783, 38.384149 ], [ -122.675596, 38.383972 ], [ -122.675277, 38.383654 ], [ -122.675057, 38.383441 ], [ -122.674955, 38.383337 ], [ -122.674696, 38.383136 ], [ -122.674442, 38.382996 ], [ -122.674378, 38.382965 ], [ -122.674164, 38.382859 ], [ -122.673958, 38.382764 ], [ -122.67365, 38.382669 ], [ -122.673511, 38.382637 ], [ -122.673247, 38.382569 ], [ -122.672878, 38.382465 ], [ -122.672802, 38.382444 ], [ -122.672706, 38.382425 ], [ -122.672326, 38.382404 ], [ -122.671843, 38.382314 ], [ -122.671753, 38.382303 ], [ -122.671681, 38.382295 ], [ -122.671499, 38.382297 ], [ -122.671221, 38.382319 ], [ -122.670938, 38.38237 ], [ -122.670916, 38.382377 ], [ -122.670762, 38.382435 ], [ -122.670598, 38.382515 ], [ -122.670463, 38.382599 ], [ -122.670441, 38.382618 ], [ -122.670243, 38.382788 ], [ -122.670117, 38.382903 ], [ -122.670081, 38.38292 ], [ -122.670043, 38.382935 ], [ -122.669982, 38.382935 ], [ -122.669936, 38.382919 ], [ -122.669897, 38.382889 ], [ -122.669854, 38.382837 ], [ -122.669613, 38.382561 ], [ -122.669548, 38.382506 ], [ -122.669439, 38.38244 ], [ -122.669251, 38.382335 ], [ -122.66917, 38.382275 ], [ -122.6691, 38.382206 ], [ -122.669072, 38.382185 ], [ -122.668975, 38.382137 ], [ -122.668885, 38.38211 ], [ -122.668788, 38.382096 ], [ -122.668726, 38.382094 ], [ -122.668561, 38.382105 ], [ -122.668526, 38.38213 ], [ -122.668505, 38.382164 ], [ -122.668499, 38.382199 ], [ -122.668512, 38.382239 ], [ -122.668591, 38.382294 ], [ -122.668664, 38.382331 ], [ -122.668721, 38.382363 ], [ -122.66876, 38.382402 ], [ -122.668782, 38.382445 ], [ -122.668789, 38.382497 ], [ -122.668747, 38.382653 ], [ -122.668693, 38.38273 ], [ -122.668666, 38.382766 ], [ -122.668609, 38.382801 ], [ -122.668542, 38.382824 ], [ -122.668462, 38.382833 ], [ -122.668184, 38.382824 ], [ -122.667791, 38.382824 ], [ -122.667693, 38.382795 ], [ -122.667545, 38.382765 ], [ -122.667522, 38.382767 ], [ -122.66748, 38.382782 ], [ -122.66745, 38.382809 ], [ -122.667437, 38.382831 ], [ -122.667433, 38.382869 ], [ -122.667436, 38.382887 ], [ -122.667419, 38.382958 ], [ -122.667411, 38.382989 ], [ -122.667375, 38.383294 ], [ -122.667371, 38.383439 ], [ -122.667443, 38.383602 ], [ -122.667587, 38.383764 ], [ -122.667649, 38.38384 ], [ -122.667658, 38.383885 ], [ -122.667654, 38.383919 ], [ -122.667634, 38.383962 ], [ -122.667614, 38.383985 ], [ -122.667455, 38.384065 ], [ -122.667375, 38.384106 ], [ -122.667032, 38.38421 ], [ -122.6668, 38.384285 ], [ -122.666433, 38.384428 ], [ -122.666301, 38.384455 ], [ -122.666254, 38.384465 ], [ -122.666007, 38.384461 ], [ -122.665836, 38.384445 ], [ -122.665808, 38.38444 ], [ -122.665669, 38.384416 ], [ -122.665388, 38.384337 ], [ -122.665032, 38.384132 ], [ -122.664912, 38.384094 ], [ -122.664817, 38.384068 ], [ -122.664755, 38.384066 ], [ -122.664694, 38.384078 ], [ -122.66464, 38.384102 ], [ -122.664482, 38.384248 ], [ -122.66443, 38.384273 ], [ -122.664358, 38.384288 ], [ -122.664292, 38.384286 ], [ -122.664228, 38.384271 ], [ -122.664206, 38.384262 ], [ -122.663978, 38.384197 ], [ -122.66367, 38.384117 ], [ -122.663606, 38.384117 ], [ -122.663562, 38.384128 ], [ -122.663542, 38.384137 ], [ -122.6635, 38.384163 ], [ -122.663464, 38.384206 ], [ -122.663401, 38.38436 ], [ -122.663387, 38.384452 ], [ -122.663363, 38.384625 ], [ -122.663372, 38.384693 ], [ -122.663399, 38.384757 ], [ -122.663426, 38.384798 ], [ -122.663461, 38.384836 ], [ -122.663642, 38.384947 ], [ -122.663829, 38.385037 ], [ -122.664048, 38.38511 ], [ -122.664293, 38.385242 ], [ -122.664472, 38.385387 ], [ -122.664671, 38.385551 ], [ -122.665001, 38.385856 ], [ -122.665281, 38.386135 ], [ -122.665318, 38.386181 ], [ -122.666064, 38.387118 ], [ -122.666181, 38.387265 ], [ -122.666253, 38.387356 ], [ -122.666308, 38.387461 ], [ -122.666339, 38.387636 ], [ -122.656994314091023, 38.387541135161214 ], [ -122.656981322331006, 38.380527975450597 ] ] ] } },
{ "type": "Feature", "properties": { "STATEFP20": "06", "COUNTYFP20": "097", "TRACTCE20": "151505", "BLOCKCE20": "2007", "GEOID20": "060971515052007", "GEOIDFQ20": "1000000US060971515052007", "NAME20": "Block2007", "MTFCC20": "G5040", "UR20": "R", "UACE20": null, "FUNCSTAT20": "S", "ALAND20": 299876, "AWATER20": 0, "HOUSING20": 1, "POP20": 9, "DISTRICT": "Secondary", "block_of_residence": "060971515052007", "students": 1, "residents": 1, "INTPTLAT20": 38.367246788274315, "INTPTLON20": -122.64350942563149 }, "geometry": { "type": "MultiPolygon", "coordinates": [ [ [ [ -122.647642319927996, 38.365529974712103 ], [ -122.647649407210196, 38.365525 ], [ -122.647831, 38.365525 ], [ -122.64783096051471, 38.365529975145883 ], [ -122.647642319927996, 38.365529974712103 ] ] ], [ [ [ -122.646678319014001, 38.365459975610698 ], [ -122.643832319132002, 38.365420975724803 ], [ -122.640450317781003, 38.365369975834703 ], [ -122.639805318081997, 38.365357975893701 ], [ -122.639789590998831, 38.36535767346227 ], [ -122.639792, 38.365353 ], [ -122.640437, 38.365365 ], [ -122.643819, 38.365416 ], [ -122.646665, 38.365455 ], [ -122.647733, 38.365452 ], [ -122.647725829583919, 38.365457033080524 ], [ -122.646678319014001, 38.365459975610698 ] ] ] ] } },
{ "type": "Feature", "properties": { "STATEFP20": "06", "COUNTYFP20": "097", "TRACTCE20": "151505", "BLOCKCE20": "2010", "GEOID20": "060971515052010", "GEOIDFQ20": "1000000US060971515052010", "NAME20": "Block2010", "MTFCC20": "G5040", "UR20": "R", "UACE20": null, "FUNCSTAT20": "S", "ALAND20": 121515, "AWATER20": 0, "HOUSING20": 6, "POP20": 18, "DISTRICT": "Secondary", "block_of_residence": "060971515052010", "students": 0, "residents": 0, "INTPTLAT20": 38.363846803321948, "INTPTLON20": -122.66494726954197 }, "geometry": { "type": "Polygon", "coordinates": [ [ [ -122.667015, 38.36491 ], [ -122.667012, 38.36497 ], [ -122.667006, 38.365154 ], [ -122.667004, 38.365215 ], [ -122.666526, 38.365203 ], [ -122.665873, 38.365203 ], [ -122.664707, 38.365204 ], [ -122.663268, 38.365197 ], [ -122.662483, 38.3652 ], [ -122.662285, 38.365202 ], [ -122.661495, 38.365194 ], [ -122.661353, 38.365191 ], [ -122.66131, 38.36519 ], [ -122.661182, 38.365187 ], [ -122.66114, 38.365187 ], [ -122.66141, 38.364924 ], [ -122.661854, 38.364494 ], [ -122.661876, 38.364103 ], [ -122.661964, 38.364022 ], [ -122.662244, 38.36377 ], [ -122.662361, 38.363764 ], [ -122.662486, 38.363731 ], [ -122.662585, 38.363684 ], [ -122.662724, 38.363621 ], [ -122.662877, 38.363517 ], [ -122.663003, 38.363528 ], [ -122.663198, 38.363616 ], [ -122.663296, 38.363621 ], [ -122.663352, 38.363605 ], [ -122.663449, 38.363533 ], [ -122.663558, 38.363499 ], [ -122.663701, 38.363456 ], [ -122.663907, 38.36343 ], [ -122.664126, 38.363402 ], [ -122.664524, 38.363275 ], [ -122.664706, 38.363154 ], [ -122.664724, 38.363129 ], [ -122.664817, 38.363012 ], [ -122.664971, 38.362841 ], [ -122.665041, 38.36277 ], [ -122.665097, 38.362731 ], [ -122.66518, 38.362699 ], [ -122.66548, 38.362649 ], [ -122.665592, 38.3626 ], [ -122.665725, 38.362495 ], [ -122.665746, 38.362457 ], [ -122.665718, 38.362028 ], [ -122.665725, 38.361853 ], [ -122.665746, 38.36177 ], [ -122.665795, 38.361682 ], [ -122.665969, 38.36143 ], [ -122.666102, 38.361303 ], [ -122.66613, 38.361281 ], [ -122.666165, 38.36127 ], [ -122.666198, 38.361268 ], [ -122.666283, 38.361265 ], [ -122.666367, 38.36127 ], [ -122.666632, 38.361309 ], [ -122.666814, 38.361199 ], [ -122.666911, 38.361161 ], [ -122.667022, 38.36115 ], [ -122.667045, 38.361153 ], [ -122.667046, 38.361425 ], [ -122.667052, 38.36211 ], [ -122.667051, 38.362244 ], [ -122.667051, 38.362518 ], [ -122.667051, 38.362888 ], [ -122.667052, 38.362996 ], [ -122.667059, 38.363499 ], [ -122.667047, 38.36406 ], [ -122.667033, 38.364431 ], [ -122.667015, 38.36491 ] ] ] } },
{ "type": "Feature", "properties": { "STATEFP20": "06", "COUNTYFP20": "097", "TRACTCE20": "151505", "BLOCKCE20": "2011", "GEOID20": "060971515052011", "GEOIDFQ20": "1000000US060971515052011", "NAME20": "Block2011", "MTFCC20": "G5040", "UR20": "R", "UACE20": null, "FUNCSTAT20": "S", "ALAND20": 251502, "AWATER20": 0, "HOUSING20": 1, "POP20": 10, "DISTRICT": "Secondary", "block_of_residence": "060971515052011", "students": 0, "residents": 0, "INTPTLAT20": 38.363932376486424, "INTPTLON20": -122.65566754425032 }, "geometry": { "type": "Polygon", "coordinates": [ [ [ -122.661854, 38.364494 ], [ -122.66141, 38.364924 ], [ -122.66114, 38.365187 ], [ -122.661067, 38.365186 ], [ -122.660331, 38.365187 ], [ -122.659664, 38.365189 ], [ -122.658692, 38.365189 ], [ -122.657903, 38.365189 ], [ -122.65782, 38.365189 ], [ -122.657095, 38.365183 ], [ -122.65666, 38.36518 ], [ -122.656272, 38.365179 ], [ -122.655585, 38.365183 ], [ -122.655356, 38.36518 ], [ -122.655224, 38.365179 ], [ -122.655031, 38.365194 ], [ -122.654925, 38.365215 ], [ -122.65485, 38.36523 ], [ -122.654816, 38.365237 ], [ -122.65472, 38.365271 ], [ -122.654628, 38.36531 ], [ -122.65457, 38.365342 ], [ -122.654464, 38.365266 ], [ -122.654386, 38.365251 ], [ -122.654293, 38.365246 ], [ -122.652507, 38.365292 ], [ -122.652318, 38.365292 ], [ -122.651858, 38.365292 ], [ -122.651805, 38.365246 ], [ -122.651696, 38.36505 ], [ -122.651506, 38.364926 ], [ -122.651405, 38.364874 ], [ -122.651264, 38.364764 ], [ -122.651097, 38.364552 ], [ -122.650595, 38.363881 ], [ -122.650527, 38.363728 ], [ -122.650498, 38.363625 ], [ -122.650493, 38.363479 ], [ -122.650454, 38.363274 ], [ -122.650429, 38.363028 ], [ -122.65043, 38.362982 ], [ -122.650492, 38.362958 ], [ -122.650869, 38.3627 ], [ -122.650967, 38.362651 ], [ -122.651741, 38.362327 ], [ -122.651825, 38.362327 ], [ -122.652188, 38.362415 ], [ -122.652244, 38.36242 ], [ -122.652334, 38.362459 ], [ -122.652467, 38.362497 ], [ -122.65253, 38.362503 ], [ -122.652565, 38.362497 ], [ -122.652655, 38.362382 ], [ -122.652697, 38.362256 ], [ -122.652725, 38.362217 ], [ -122.652844, 38.362118 ], [ -122.653067, 38.361976 ], [ -122.653235, 38.361882 ], [ -122.6535, 38.361827 ], [ -122.653716, 38.361855 ], [ -122.653928, 38.3619 ], [ -122.654072, 38.361932 ], [ -122.654135, 38.361965 ], [ -122.654184, 38.362009 ], [ -122.654232, 38.362064 ], [ -122.65433, 38.362212 ], [ -122.65447, 38.362322 ], [ -122.654798, 38.36241 ], [ -122.654895, 38.362449 ], [ -122.655007, 38.36252 ], [ -122.655097, 38.362668 ], [ -122.655146, 38.362784 ], [ -122.655363, 38.362888 ], [ -122.65546, 38.362877 ], [ -122.655579, 38.362828 ], [ -122.655656, 38.362817 ], [ -122.655732, 38.362834 ], [ -122.655795, 38.362861 ], [ -122.65597, 38.362993 ], [ -122.656025, 38.363015 ], [ -122.656095, 38.363081 ], [ -122.656339, 38.363169 ], [ -122.656465, 38.363196 ], [ -122.656639, 38.363191 ], [ -122.656821, 38.363131 ], [ -122.656953, 38.363109 ], [ -122.656995, 38.36312 ], [ -122.657009, 38.363142 ], [ -122.657031, 38.363148 ], [ -122.657072, 38.363185 ], [ -122.657184, 38.363219 ], [ -122.657393, 38.363252 ], [ -122.657777, 38.363274 ], [ -122.657839, 38.363263 ], [ -122.658202, 38.363092 ], [ -122.658314, 38.363049 ], [ -122.6586, 38.362969 ], [ -122.65881, 38.362911 ], [ -122.65897, 38.362884 ], [ -122.659096, 38.362884 ], [ -122.659186, 38.362895 ], [ -122.659256, 38.362917 ], [ -122.659389, 38.362994 ], [ -122.659472, 38.36306 ], [ -122.65964, 38.363258 ], [ -122.659772, 38.363477 ], [ -122.659835, 38.363532 ], [ -122.65994, 38.363565 ], [ -122.660191, 38.363538 ], [ -122.660268, 38.363511 ], [ -122.660519, 38.363362 ], [ -122.660624, 38.363324 ], [ -122.660735, 38.363318 ], [ -122.660812, 38.363329 ], [ -122.661003, 38.363446 ], [ -122.661154, 38.363538 ], [ -122.661307, 38.36356 ], [ -122.661391, 38.363599 ], [ -122.661475, 38.363648 ], [ -122.661649, 38.363791 ], [ -122.661761, 38.36383 ], [ -122.661845, 38.363835 ], [ -122.661928, 38.363824 ], [ -122.662068, 38.36378 ], [ -122.662244, 38.36377 ], [ -122.661964, 38.364022 ], [ -122.661876, 38.364103 ], [ -122.661854, 38.364494 ] ] ] } },
{ "type": "Feature", "properties": { "STATEFP20": "06", "COUNTYFP20": "097", "TRACTCE20": "151505", "BLOCKCE20": "2012", "GEOID20": "060971515052012", "GEOIDFQ20": "1000000US060971515052012", "NAME20": "Block2012", "MTFCC20": "G5040", "UR20": "R", "UACE20": null, "FUNCSTAT20": "S", "ALAND20": 2914551, "AWATER20": 0, "HOUSING20": 27, "POP20": 57, "DISTRICT": "Secondary", "block_of_residence": "060971515052012", "students": 0, "residents": 0, "INTPTLAT20": 38.35886130360749, "INTPTLON20": -122.65009493871413 }, "geometry": { "type": "Polygon", "coordinates": [ [ [ -122.647823320217995, 38.368370975451697 ], [ -122.647839319534995, 38.366159974679597 ], [ -122.647844319422006, 38.365529975176599 ], [ -122.64783096051471, 38.365529975145883 ], [ -122.647831, 38.365525 ], [ -122.647649407210196, 38.365525 ], [ -122.647746319080994, 38.365456975524097 ], [ -122.647725829583919, 38.365457033080524 ], [ -122.647733, 38.365452 ], [ -122.646665, 38.365455 ], [ -122.643819, 38.365416 ], [ -122.640437, 38.365365 ], [ -122.639792, 38.365353 ], [ -122.639688, 38.365351 ], [ -122.638692480762288, 38.365346066802587 ], [ -122.638699318196998, 38.365139975500099 ], [ -122.638659317065006, 38.358241975634797 ], [ -122.638659317587994, 38.358173975175902 ], [ -122.640723317543006, 38.3581669753192 ], [ -122.642230318030002, 38.358166974855699 ], [ -122.642918317286004, 38.358166975175202 ], [ -122.642848317337993, 38.358096974867003 ], [ -122.641833317807993, 38.357061974759198 ], [ -122.640696317673999, 38.356011974563899 ], [ -122.640181317599001, 38.3554619746402 ], [ -122.639382317233, 38.354673975062703 ], [ -122.638806316610001, 38.354124975043803 ], [ -122.637986317053006, 38.353326975185503 ], [ -122.637903316039001, 38.353290974887202 ], [ -122.637888316025993, 38.353203974529301 ], [ -122.637872316623003, 38.3531439749597 ], [ -122.637856315917006, 38.353085975058299 ], [ -122.637806316633998, 38.352946974900902 ], [ -122.637773316929, 38.352872974952199 ], [ -122.637763447825478, 38.352875731487444 ], [ -122.63776, 38.352868 ], [ -122.637682, 38.35266 ], [ -122.637661, 38.352555 ], [ -122.637658, 38.352502 ], [ -122.637666, 38.352371 ], [ -122.637682, 38.352118 ], [ -122.637688, 38.351939 ], [ -122.63768897375634, 38.351762750100434 ], [ -122.637702316030001, 38.351762974780399 ], [ -122.637704316086001, 38.351527975167599 ], [ -122.637690316096993, 38.351219974753 ], [ -122.637689316169997, 38.351186974645699 ], [ -122.637676316367006, 38.351039974697102 ], [ -122.637652318042782, 38.350784999776344 ], [ -122.639074, 38.350784 ], [ -122.639214, 38.350784 ], [ -122.641719, 38.350796 ], [ -122.642264, 38.350793 ], [ -122.64361, 38.35079 ], [ -122.646344, 38.350771 ], [ -122.647191, 38.350758 ], [ -122.649617, 38.350736 ], [ -122.649978, 38.350735 ], [ -122.649981701315795, 38.350734991197825 ], [ -122.650052, 38.350756 ], [ -122.650101, 38.350778 ], [ -122.650185, 38.350844 ], [ -122.650226, 38.350905 ], [ -122.650254, 38.351037 ], [ -122.650324, 38.351168 ], [ -122.650442, 38.351311 ], [ -122.650554, 38.351399 ], [ -122.650735, 38.351493 ], [ -122.650868, 38.351537 ], [ -122.651168, 38.351537 ], [ -122.65128, 38.351564 ], [ -122.651628, 38.3519 ], [ -122.651726, 38.351971 ], [ -122.651768, 38.35202 ], [ -122.651844, 38.352136 ], [ -122.651963, 38.352449 ], [ -122.652046, 38.352592 ], [ -122.652206, 38.352772 ], [ -122.652311, 38.352889 ], [ -122.652395, 38.352999 ], [ -122.652451, 38.353021 ], [ -122.652493, 38.353059 ], [ -122.652555, 38.35307 ], [ -122.652772, 38.353076 ], [ -122.652883, 38.353092 ], [ -122.653072, 38.353131 ], [ -122.653183, 38.353191 ], [ -122.653232, 38.353241 ], [ -122.653295, 38.353389 ], [ -122.653316, 38.353477 ], [ -122.653351, 38.353559 ], [ -122.653651, 38.353713 ], [ -122.653755, 38.353801 ], [ -122.654174, 38.353944 ], [ -122.65446, 38.35407 ], [ -122.654781, 38.354285 ], [ -122.654801, 38.354318 ], [ -122.65485, 38.354351 ], [ -122.655108, 38.354615 ], [ -122.65515, 38.354637 ], [ -122.655206, 38.354648 ], [ -122.655283, 38.354648 ], [ -122.655373, 38.354637 ], [ -122.655548, 38.354593 ], [ -122.655604, 38.354587 ], [ -122.655694, 38.354593 ], [ -122.655897, 38.354626 ], [ -122.656336, 38.354906 ], [ -122.656496, 38.355054 ], [ -122.656608, 38.355126 ], [ -122.656741, 38.355175 ], [ -122.656782, 38.355208 ], [ -122.656852, 38.355296 ], [ -122.656859, 38.355351 ], [ -122.656852, 38.355511 ], [ -122.656866, 38.355587 ], [ -122.656943, 38.355719 ], [ -122.657047, 38.355824 ], [ -122.657159, 38.355917 ], [ -122.657494, 38.356126 ], [ -122.657745, 38.356247 ], [ -122.657801, 38.356285 ], [ -122.657815, 38.356307 ], [ -122.658087, 38.356434 ], [ -122.658128, 38.356489 ], [ -122.658205, 38.356538 ], [ -122.658366, 38.356599 ], [ -122.658442, 38.356637 ], [ -122.65868, 38.356566 ], [ -122.658749, 38.356566 ], [ -122.658924, 38.356604 ], [ -122.659217, 38.356725 ], [ -122.659301, 38.356747 ], [ -122.659557, 38.356782 ], [ -122.659747, 38.356808 ], [ -122.659866, 38.356813 ], [ -122.659984, 38.356808 ], [ -122.660194, 38.356775 ], [ -122.660354, 38.356715 ], [ -122.660703, 38.356506 ], [ -122.660836, 38.356451 ], [ -122.660852, 38.356437 ], [ -122.661136, 38.356352 ], [ -122.661491, 38.35627 ], [ -122.661708, 38.356281 ], [ -122.661987, 38.356325 ], [ -122.662133, 38.356385 ], [ -122.66221, 38.356402 ], [ -122.662422, 38.356425 ], [ -122.66241, 38.356448 ], [ -122.662401, 38.35647 ], [ -122.662373, 38.356544 ], [ -122.662387, 38.356585 ], [ -122.662409, 38.356609 ], [ -122.662447, 38.356632 ], [ -122.662498, 38.356645 ], [ -122.66255, 38.356648 ], [ -122.662642, 38.356634 ], [ -122.662731, 38.356625 ], [ -122.662833, 38.356648 ], [ -122.6629, 38.356694 ], [ -122.662969, 38.356829 ], [ -122.663008, 38.357006 ], [ -122.663072, 38.357082 ], [ -122.663167, 38.357229 ], [ -122.663173, 38.357254 ], [ -122.663187, 38.357309 ], [ -122.66322, 38.357697 ], [ -122.663241, 38.357865 ], [ -122.663335, 38.357941 ], [ -122.66344, 38.357976 ], [ -122.663657, 38.357963 ], [ -122.664001, 38.357955 ], [ -122.665259, 38.357954 ], [ -122.66591, 38.357956 ], [ -122.667017, 38.357961 ], [ -122.667024, 38.358542 ], [ -122.667036, 38.359456 ], [ -122.667035, 38.360014 ], [ -122.667037, 38.360287 ], [ -122.667043, 38.360869 ], [ -122.667043, 38.360925 ], [ -122.667044, 38.361096 ], [ -122.667045, 38.361153 ], [ -122.667022, 38.36115 ], [ -122.666911, 38.361161 ], [ -122.666814, 38.361199 ], [ -122.666632, 38.361309 ], [ -122.666367, 38.36127 ], [ -122.666283, 38.361265 ], [ -122.666198, 38.361268 ], [ -122.666165, 38.36127 ], [ -122.66613, 38.361281 ], [ -122.666102, 38.361303 ], [ -122.665969, 38.36143 ], [ -122.665795, 38.361682 ], [ -122.665746, 38.36177 ], [ -122.665725, 38.361853 ], [ -122.665718, 38.362028 ], [ -122.665746, 38.362457 ], [ -122.665725, 38.362495 ], [ -122.665592, 38.3626 ], [ -122.66548, 38.362649 ], [ -122.66518, 38.362699 ], [ -122.665097, 38.362731 ], [ -122.665041, 38.36277 ], [ -122.664971, 38.362841 ], [ -122.664817, 38.363012 ], [ -122.664724, 38.363129 ], [ -122.664706, 38.363154 ], [ -122.664524, 38.363275 ], [ -122.664126, 38.363402 ], [ -122.663907, 38.36343 ], [ -122.663701, 38.363456 ], [ -122.663558, 38.363499 ], [ -122.663449, 38.363533 ], [ -122.663352, 38.363605 ], [ -122.663296, 38.363621 ], [ -122.663198, 38.363616 ], [ -122.663003, 38.363528 ], [ -122.662877, 38.363517 ], [ -122.662724, 38.363621 ], [ -122.662585, 38.363684 ], [ -122.662486, 38.363731 ], [ -122.662361, 38.363764 ], [ -122.662244, 38.36377 ], [ -122.662068, 38.36378 ], [ -122.661928, 38.363824 ], [ -122.661845, 38.363835 ], [ -122.661761, 38.36383 ], [ -122.661649, 38.363791 ], [ -122.661475, 38.363648 ], [ -122.661391, 38.363599 ], [ -122.661307, 38.36356 ], [ -122.661154, 38.363538 ], [ -122.661003, 38.363446 ], [ -122.660812, 38.363329 ], [ -122.660735, 38.363318 ], [ -122.660624, 38.363324 ], [ -122.660519, 38.363362 ], [ -122.660268, 38.363511 ], [ -122.660191, 38.363538 ], [ -122.65994, 38.363565 ], [ -122.659835, 38.363532 ], [ -122.659772, 38.363477 ], [ -122.65964, 38.363258 ], [ -122.659472, 38.36306 ], [ -122.659389, 38.362994 ], [ -122.659256, 38.362917 ], [ -122.659186, 38.362895 ], [ -122.659096, 38.362884 ], [ -122.65897, 38.362884 ], [ -122.65881, 38.362911 ], [ -122.6586, 38.362969 ], [ -122.658314, 38.363049 ], [ -122.658202, 38.363092 ], [ -122.657839, 38.363263 ], [ -122.657777, 38.363274 ], [ -122.657393, 38.363252 ], [ -122.657184, 38.363219 ], [ -122.657072, 38.363185 ], [ -122.657031, 38.363148 ], [ -122.657009, 38.363142 ], [ -122.656995, 38.36312 ], [ -122.656953, 38.363109 ], [ -122.656821, 38.363131 ], [ -122.656639, 38.363191 ], [ -122.656465, 38.363196 ], [ -122.656339, 38.363169 ], [ -122.656095, 38.363081 ], [ -122.656025, 38.363015 ], [ -122.65597, 38.362993 ], [ -122.655795, 38.362861 ], [ -122.655732, 38.362834 ], [ -122.655656, 38.362817 ], [ -122.655579, 38.362828 ], [ -122.65546, 38.362877 ], [ -122.655363, 38.362888 ], [ -122.655146, 38.362784 ], [ -122.655097, 38.362668 ], [ -122.655007, 38.36252 ], [ -122.654895, 38.362449 ], [ -122.654798, 38.36241 ], [ -122.65447, 38.362322 ], [ -122.65433, 38.362212 ], [ -122.654232, 38.362064 ], [ -122.654184, 38.362009 ], [ -122.654135, 38.361965 ], [ -122.654072, 38.361932 ], [ -122.653928, 38.3619 ], [ -122.653716, 38.361855 ], [ -122.6535, 38.361827 ], [ -122.653235, 38.361882 ], [ -122.653067, 38.361976 ], [ -122.652844, 38.362118 ], [ -122.652725, 38.362217 ], [ -122.652697, 38.362256 ], [ -122.652655, 38.362382 ], [ -122.652565, 38.362497 ], [ -122.65253, 38.362503 ], [ -122.652467, 38.362497 ], [ -122.652334, 38.362459 ], [ -122.652244, 38.36242 ], [ -122.652188, 38.362415 ], [ -122.651825, 38.362327 ], [ -122.651741, 38.362327 ], [ -122.650967, 38.362651 ], [ -122.650869, 38.3627 ], [ -122.650492, 38.362958 ], [ -122.65043, 38.362982 ], [ -122.650429, 38.363028 ], [ -122.650454, 38.363274 ], [ -122.650493, 38.363479 ], [ -122.650498, 38.363625 ], [ -122.650527, 38.363728 ], [ -122.650595, 38.363881 ], [ -122.651097, 38.364552 ], [ -122.651264, 38.364764 ], [ -122.651405, 38.364874 ], [ -122.651506, 38.364926 ], [ -122.651696, 38.36505 ], [ -122.651805, 38.365246 ], [ -122.651858, 38.365292 ], [ -122.652318, 38.365292 ], [ -122.652507, 38.365292 ], [ -122.654293, 38.365246 ], [ -122.654386, 38.365251 ], [ -122.654464, 38.365266 ], [ -122.65457, 38.365342 ], [ -122.65445, 38.365409 ], [ -122.654351, 38.36547 ], [ -122.654264, 38.365534 ], [ -122.654063, 38.36578 ], [ -122.653926, 38.366065 ], [ -122.653797, 38.36638 ], [ -122.653684, 38.366636 ], [ -122.653595, 38.366841 ], [ -122.653515, 38.36695 ], [ -122.653401, 38.367064 ], [ -122.65325, 38.367171 ], [ -122.653213, 38.367197 ], [ -122.653035, 38.367285 ], [ -122.652803, 38.367365 ], [ -122.65278, 38.367368 ], [ -122.652598, 38.367393 ], [ -122.652384, 38.367402 ], [ -122.652086, 38.367373 ], [ -122.651983, 38.367356 ], [ -122.651793, 38.367326 ], [ -122.651613, 38.367306 ], [ -122.651483, 38.367296 ], [ -122.651223, 38.367302 ], [ -122.651085, 38.36732 ], [ -122.65104, 38.367327 ], [ -122.650626, 38.367422 ], [ -122.650439, 38.367481 ], [ -122.650222, 38.367568 ], [ -122.650024, 38.367693 ], [ -122.649999, 38.367709 ], [ -122.64989, 38.367792 ], [ -122.649624, 38.368003 ], [ -122.649404, 38.368151 ], [ -122.649384, 38.368162 ], [ -122.649306, 38.368208 ], [ -122.64923, 38.368245 ], [ -122.649088, 38.368301 ], [ -122.648957, 38.368333 ], [ -122.648866, 38.368358 ], [ -122.648763, 38.368369 ], [ -122.648606, 38.368395 ], [ -122.648481, 38.368396 ], [ -122.648241, 38.368385 ], [ -122.648081, 38.368376 ], [ -122.647955, 38.368375 ], [ -122.64782331994833, 38.368380448829726 ], [ -122.647823320217995, 38.368370975451697 ] ] ] } },
{ "type": "Feature", "properties": { "STATEFP20": "06", "COUNTYFP20": "097", "TRACTCE20": "151505", "BLOCKCE20": "2013", "GEOID20": "060971515052013", "GEOIDFQ20": "1000000US060971515052013", "NAME20": "Block2013", "MTFCC20": "G5040", "UR20": "R", "UACE20": null, "FUNCSTAT20": "S", "ALAND20": 83734, "AWATER20": 0, "HOUSING20": 2, "POP20": 15, "DISTRICT": "Secondary", "block_of_residence": "060971515052013", "students": 0, "residents": 0, "INTPTLAT20": 38.356807270709879, "INTPTLON20": -122.66523299955639 }, "geometry": { "type": "Polygon", "coordinates": [ [ [ -122.664001, 38.357955 ], [ -122.663657, 38.357963 ], [ -122.66344, 38.357976 ], [ -122.663335, 38.357941 ], [ -122.663241, 38.357865 ], [ -122.66322, 38.357697 ], [ -122.663187, 38.357309 ], [ -122.663173, 38.357254 ], [ -122.663167, 38.357229 ], [ -122.663072, 38.357082 ], [ -122.663008, 38.357006 ], [ -122.662969, 38.356829 ], [ -122.6629, 38.356694 ], [ -122.662833, 38.356648 ], [ -122.662731, 38.356625 ], [ -122.662642, 38.356634 ], [ -122.66255, 38.356648 ], [ -122.662498, 38.356645 ], [ -122.662447, 38.356632 ], [ -122.662409, 38.356609 ], [ -122.662387, 38.356585 ], [ -122.662373, 38.356544 ], [ -122.662401, 38.35647 ], [ -122.66241, 38.356448 ], [ -122.662422, 38.356425 ], [ -122.662608, 38.356446 ], [ -122.662692, 38.356462 ], [ -122.662971, 38.356479 ], [ -122.663145, 38.356479 ], [ -122.663257, 38.356468 ], [ -122.663499, 38.356388 ], [ -122.663661, 38.356336 ], [ -122.664129, 38.35626 ], [ -122.66452, 38.356166 ], [ -122.664548, 38.356133 ], [ -122.664569, 38.356084 ], [ -122.664604, 38.355853 ], [ -122.664652, 38.355694 ], [ -122.664722, 38.355606 ], [ -122.664848, 38.355491 ], [ -122.664973, 38.355408 ], [ -122.665141, 38.355375 ], [ -122.665308, 38.35537 ], [ -122.66542, 38.355381 ], [ -122.665622, 38.355452 ], [ -122.665783, 38.355617 ], [ -122.665901, 38.355705 ], [ -122.665957, 38.355722 ], [ -122.666013, 38.355727 ], [ -122.666104, 38.355716 ], [ -122.666151, 38.355687 ], [ -122.666166, 38.355678 ], [ -122.666362, 38.355408 ], [ -122.666418, 38.35531 ], [ -122.666515, 38.355216 ], [ -122.666543, 38.355194 ], [ -122.66669, 38.355161 ], [ -122.666767, 38.355161 ], [ -122.666906, 38.355178 ], [ -122.666997, 38.355171 ], [ -122.667002, 38.355728 ], [ -122.667006, 38.356123 ], [ -122.667013, 38.357402 ], [ -122.667017, 38.357961 ], [ -122.66591, 38.357956 ], [ -122.665259, 38.357954 ], [ -122.664001, 38.357955 ] ] ] } },
{ "type": "Feature", "properties": { "STATEFP20": "06", "COUNTYFP20": "097", "TRACTCE20": "151505", "BLOCKCE20": "2014", "GEOID20": "060971515052014", "GEOIDFQ20": "1000000US060971515052014", "NAME20": "Block2014", "MTFCC20": "G5040", "UR20": "R", "UACE20": null, "FUNCSTAT20": "S", "ALAND20": 275073, "AWATER20": 0, "HOUSING20": 11, "POP20": 23, "DISTRICT": "Secondary", "block_of_residence": "060971515052014", "students": 0, "residents": 0, "INTPTLAT20": 38.368261938234781, "INTPTLON20": -122.65281957732377 }, "geometry": { "type": "Polygon", "coordinates": [ [ [ -122.647824320232999, 38.370228975217401 ], [ -122.647823319951002, 38.368845975400902 ], [ -122.647823319791001, 38.368385975544001 ], [ -122.64782331994833, 38.368380448829726 ], [ -122.647955, 38.368375 ], [ -122.648081, 38.368376 ], [ -122.648241, 38.368385 ], [ -122.648481, 38.368396 ], [ -122.648606, 38.368395 ], [ -122.648763, 38.368369 ], [ -122.648866, 38.368358 ], [ -122.648957, 38.368333 ], [ -122.649088, 38.368301 ], [ -122.64923, 38.368245 ], [ -122.649306, 38.368208 ], [ -122.649384, 38.368162 ], [ -122.649404, 38.368151 ], [ -122.649624, 38.368003 ], [ -122.64989, 38.367792 ], [ -122.649999, 38.367709 ], [ -122.650024, 38.367693 ], [ -122.650222, 38.367568 ], [ -122.650439, 38.367481 ], [ -122.650626, 38.367422 ], [ -122.65104, 38.367327 ], [ -122.651085, 38.36732 ], [ -122.651223, 38.367302 ], [ -122.651483, 38.367296 ], [ -122.651613, 38.367306 ], [ -122.651793, 38.367326 ], [ -122.651983, 38.367356 ], [ -122.652086, 38.367373 ], [ -122.652384, 38.367402 ], [ -122.652598, 38.367393 ], [ -122.65278, 38.367368 ], [ -122.652803, 38.367365 ], [ -122.653035, 38.367285 ], [ -122.653213, 38.367197 ], [ -122.65325, 38.367171 ], [ -122.653401, 38.367064 ], [ -122.653515, 38.36695 ], [ -122.653595, 38.366841 ], [ -122.653684, 38.366636 ], [ -122.653797, 38.36638 ], [ -122.653926, 38.366065 ], [ -122.654063, 38.36578 ], [ -122.654264, 38.365534 ], [ -122.654351, 38.36547 ], [ -122.65445, 38.365409 ], [ -122.65457, 38.365342 ], [ -122.654628, 38.36531 ], [ -122.65472, 38.365271 ], [ -122.654816, 38.365237 ], [ -122.65485, 38.36523 ], [ -122.654925, 38.365215 ], [ -122.655031, 38.365194 ], [ -122.655224, 38.365179 ], [ -122.655356, 38.36518 ], [ -122.655585, 38.365183 ], [ -122.656272, 38.365179 ], [ -122.65666, 38.36518 ], [ -122.657095, 38.365183 ], [ -122.657098, 38.365295 ], [ -122.657094, 38.365404 ], [ -122.657093, 38.365779 ], [ -122.657082, 38.366451 ], [ -122.657082, 38.366512 ], [ -122.657087, 38.367385 ], [ -122.657094, 38.367658 ], [ -122.657099, 38.368191 ], [ -122.65709, 38.368401 ], [ -122.657078, 38.368485 ], [ -122.65706, 38.368526 ], [ -122.657027, 38.368564 ], [ -122.656997, 38.368589 ], [ -122.65693, 38.368626 ], [ -122.656897, 38.368633 ], [ -122.656824, 38.368645 ], [ -122.655938, 38.368644 ], [ -122.655315, 38.368652 ], [ -122.655127, 38.368641 ], [ -122.655104, 38.36864 ], [ -122.654964, 38.36864 ], [ -122.65475, 38.368646 ], [ -122.65414, 38.368643 ], [ -122.653868, 38.368654 ], [ -122.653802, 38.368676 ], [ -122.653758, 38.368691 ], [ -122.653708, 38.368728 ], [ -122.653676, 38.368762 ], [ -122.653642, 38.36882 ], [ -122.653634, 38.368842 ], [ -122.65363, 38.368875 ], [ -122.653635, 38.368904 ], [ -122.65367, 38.369061 ], [ -122.653716, 38.369216 ], [ -122.65373, 38.36926 ], [ -122.653725, 38.36976 ], [ -122.653726, 38.369811 ], [ -122.653738, 38.369899 ], [ -122.653771, 38.370028 ], [ -122.653808, 38.370116 ], [ -122.653896, 38.370419 ], [ -122.654036, 38.37075 ], [ -122.654061, 38.370807 ], [ -122.654104, 38.370933 ], [ -122.654105, 38.371005 ], [ -122.654094, 38.371041 ], [ -122.654072, 38.371082 ], [ -122.654059, 38.371098 ], [ -122.654022, 38.371125 ], [ -122.653949, 38.371158 ], [ -122.653899, 38.371164 ], [ -122.653849, 38.371161 ], [ -122.653773, 38.371146 ], [ -122.653727, 38.371126 ], [ -122.653684, 38.371101 ], [ -122.653557, 38.371002 ], [ -122.653293, 38.370797 ], [ -122.653132, 38.370691 ], [ -122.653074, 38.370667 ], [ -122.653003, 38.370647 ], [ -122.652943, 38.37064 ], [ -122.652914, 38.370638 ], [ -122.652736, 38.370643 ], [ -122.652535, 38.370653 ], [ -122.652326, 38.37065 ], [ -122.652082, 38.370624 ], [ -122.651884, 38.370592 ], [ -122.65183, 38.370582 ], [ -122.651752, 38.37056 ], [ -122.651651, 38.370513 ], [ -122.651531, 38.37044 ], [ -122.651392, 38.370327 ], [ -122.651247, 38.370211 ], [ -122.651138, 38.37014 ], [ -122.651097, 38.370122 ], [ -122.651054, 38.370109 ], [ -122.65099, 38.370098 ], [ -122.650942, 38.370097 ], [ -122.650919, 38.370098 ], [ -122.65086, 38.370104 ], [ -122.650827, 38.370116 ], [ -122.650728, 38.370153 ], [ -122.650628, 38.37022 ], [ -122.650522, 38.370304 ], [ -122.650363, 38.370414 ], [ -122.650299, 38.370452 ], [ -122.650252, 38.370481 ], [ -122.650156, 38.370518 ], [ -122.650076, 38.370528 ], [ -122.649975, 38.370528 ], [ -122.649954, 38.370526 ], [ -122.64908, 38.370472 ], [ -122.648875, 38.370472 ], [ -122.648781, 38.370478 ], [ -122.648719, 38.370495 ], [ -122.648681, 38.370514 ], [ -122.64862, 38.370569 ], [ -122.648593, 38.370614 ], [ -122.648588, 38.370638 ], [ -122.64843, 38.370632 ], [ -122.648246, 38.370627 ], [ -122.647956, 38.370627 ], [ -122.64794, 38.370627 ], [ -122.647867, 38.37065 ], [ -122.647825290988237, 38.370676542098394 ], [ -122.647824320232999, 38.370228975217401 ] ] ] } },
{ "type": "Feature", "properties": { "STATEFP20": "06", "COUNTYFP20": "097", "TRACTCE20": "151505", "BLOCKCE20": "2017", "GEOID20": "060971515052017", "GEOIDFQ20": "1000000US060971515052017", "NAME20": "Block2017", "MTFCC20": "G5040", "UR20": "R", "UACE20": null, "FUNCSTAT20": "S", "ALAND20": 461876, "AWATER20": 0, "HOUSING20": 25, "POP20": 42, "DISTRICT": "Secondary", "block_of_residence": "060971515052017", "students": 0, "residents": 1, "INTPTLAT20": 38.36025985408088, "INTPTLON20": -122.63760426433605 }, "geometry": { "type": "Polygon", "coordinates": [ [ [ -122.639701318451003, 38.365355975983299 ], [ -122.638692317896997, 38.365350975825002 ], [ -122.638692480762288, 38.365346066802587 ], [ -122.639688, 38.365351 ], [ -122.639792, 38.365353 ], [ -122.639789590998831, 38.36535767346227 ], [ -122.639701318451003, 38.365355975983299 ] ] ] } },
{ "type": "Feature", "properties": { "STATEFP20": "06", "COUNTYFP20": "097", "TRACTCE20": "153102", "BLOCKCE20": "2000", "GEOID20": "060971531022000", "GEOIDFQ20": "1000000US060971531022000", "NAME20": "Block2000", "MTFCC20": "G5040", "UR20": "U", "UACE20": "79498", "FUNCSTAT20": "S", "ALAND20": 68270, "AWATER20": 0, "HOUSING20": 92, "POP20": 355, "DISTRICT": "Elementary", "block_of_residence": "060971531022000", "students": 16, "residents": 28, "INTPTLAT20": 38.421571245901497, "INTPTLON20": -122.71999281545237 }, "geometry": { "type": "Polygon", "coordinates": [ [ [ -122.721072337281001, 38.418928973704297 ], [ -122.720733336227994, 38.418930973554197 ], [ -122.720620337254999, 38.418932973669001 ], [ -122.720420337131998, 38.4189319738989 ], [ -122.719819336494993, 38.4189289735221 ], [ -122.719620336793, 38.418927974206298 ], [ -122.719507336738999, 38.418920973708197 ], [ -122.719442336271001, 38.418916974033102 ], [ -122.719393336264005, 38.418914973878501 ], [ -122.719063336793994, 38.418895973771903 ], [ -122.718910336484001, 38.4188869741619 ], [ -122.718733336379003, 38.418876973689301 ], [ -122.718604336495005, 38.418880974407003 ], [ -122.718358336888997, 38.418890974228397 ], [ -122.718243336385001, 38.418913973605299 ], [ -122.718224336022999, 38.4189199736322 ], [ -122.718104336143, 38.418964974161 ], [ -122.718055335840006, 38.4190239736064 ], [ -122.717972336862999, 38.419125973864404 ], [ -122.717961336048006, 38.419436973665199 ], [ -122.717884335869002, 38.419453973650199 ], [ -122.717435336261005, 38.419443974464102 ], [ -122.717360336306996, 38.4194769744947 ], [ -122.717346775584389, 38.419481649871585 ], [ -122.717347, 38.419472 ], [ -122.717422, 38.419439 ], [ -122.717871, 38.419449 ], [ -122.717948, 38.419432 ], [ -122.717959, 38.419121 ], [ -122.718042, 38.419019 ], [ -122.718091, 38.41896 ], [ -122.718211, 38.418915 ], [ -122.71823, 38.418909 ], [ -122.718345, 38.418886 ], [ -122.718591, 38.418876 ], [ -122.71872, 38.418872 ], [ -122.718897, 38.418882 ], [ -122.71905, 38.418891 ], [ -122.71938, 38.41891 ], [ -122.719429, 38.418912 ], [ -122.719494, 38.418916 ], [ -122.719607, 38.418923 ], [ -122.719806, 38.418924 ], [ -122.720407, 38.418927 ], [ -122.720607, 38.418928 ], [ -122.72072, 38.418926 ], [ -122.721059, 38.418924 ], [ -122.721173, 38.418924 ], [ -122.721173065698267, 38.418928973745743 ], [ -122.721072337281001, 38.418928973704297 ] ] ] } },
{ "type": "Feature", "properties": { "STATEFP20": "06", "COUNTYFP20": "097", "TRACTCE20": "153102", "BLOCKCE20": "2001", "GEOID20": "060971531022001", "GEOIDFQ20": "1000000US060971531022001", "NAME20": "Block2001", "MTFCC20": "G5040", "UR20": "U", "UACE20": "79498", "FUNCSTAT20": "S", "ALAND20": 24259, "AWATER20": 0, "HOUSING20": 10, "POP20": 41, "DISTRICT": "Elementary", "block_of_residence": "060971531022001", "students": 0, "residents": 1, "INTPTLAT20": 38.420586530038406, "INTPTLON20": -122.71641514026228 }, "geometry": { "type": "Polygon", "coordinates": [ [ [ -122.716078336031003, 38.419918974131001 ], [ -122.715823336602, 38.420027973900297 ], [ -122.71580842894258, 38.420032216870197 ], [ -122.71581, 38.420023 ], [ -122.716065, 38.419914 ], [ -122.717347, 38.419472 ], [ -122.717346775584389, 38.419481649871585 ], [ -122.716078336031003, 38.419918974131001 ] ] ] } },
{ "type": "Feature", "properties": { "STATEFP20": "06", "COUNTYFP20": "097", "TRACTCE20": "153102", "BLOCKCE20": "2002", "GEOID20": "060971531022002", "GEOIDFQ20": "1000000US060971531022002", "NAME20": "Block2002", "MTFCC20": "G5040", "UR20": "U", "UACE20": "79498", "FUNCSTAT20": "S", "ALAND20": 64627, "AWATER20": 0, "HOUSING20": 29, "POP20": 95, "DISTRICT": "Secondary", "block_of_residence": "060971531022002", "students": 9, "residents": 10, "INTPTLAT20": 38.417070614833861, "INTPTLON20": -122.7167430889658 }, "geometry": { "type": "Polygon", "coordinates": [ [ [ -122.717494, 38.416574 ], [ -122.717492, 38.416889 ], [ -122.717206, 38.416867 ], [ -122.716921, 38.416851 ], [ -122.716641, 38.416851 ], [ -122.71648, 38.416859 ], [ -122.716473, 38.41754 ], [ -122.716757, 38.417554 ], [ -122.717007, 38.417546 ], [ -122.717146, 38.417538 ], [ -122.71737, 38.41751 ], [ -122.717491, 38.417505 ], [ -122.717491, 38.417699 ], [ -122.717491, 38.417838 ], [ -122.717474, 38.418126 ], [ -122.717472, 38.418163 ], [ -122.717385, 38.418838 ], [ -122.717368, 38.418988 ], [ -122.71736, 38.419069 ], [ -122.71735, 38.419277 ], [ -122.717349, 38.419305 ], [ -122.717348, 38.41939 ], [ -122.717348, 38.419419 ], [ -122.717347, 38.419472 ], [ -122.716065, 38.419914 ], [ -122.71581, 38.420023 ], [ -122.715857, 38.419761 ], [ -122.715874, 38.419674 ], [ -122.715909, 38.419476 ], [ -122.716015, 38.418885 ], [ -122.716051, 38.418688 ], [ -122.716069, 38.418476 ], [ -122.716083, 38.418328 ], [ -122.716103, 38.417887 ], [ -122.716104, 38.41784 ], [ -122.716109, 38.417628 ], [ -122.716112, 38.417468 ], [ -122.716115, 38.417374 ], [ -122.716117, 38.416989 ], [ -122.716119, 38.41683 ], [ -122.716119, 38.416733 ], [ -122.716121, 38.416443 ], [ -122.716123, 38.416347 ], [ -122.716125, 38.415989 ], [ -122.71613, 38.41545 ], [ -122.716129, 38.414988 ], [ -122.716126, 38.414914 ], [ -122.71613, 38.414661 ], [ -122.71613, 38.414558 ], [ -122.716198, 38.414542 ], [ -122.716365, 38.414502 ], [ -122.716397, 38.414494 ], [ -122.716765, 38.414405 ], [ -122.717031, 38.414337 ], [ -122.717119, 38.414319 ], [ -122.717199, 38.414308 ], [ -122.717299, 38.414295 ], [ -122.717473, 38.414289 ], [ -122.717477, 38.414403 ], [ -122.717494, 38.414498 ], [ -122.717501, 38.414859 ], [ -122.717502, 38.414875 ], [ -122.717495, 38.415193 ], [ -122.7175, 38.416021 ], [ -122.717494, 38.416574 ] ] ] } },
{ "type": "Feature", "properties": { "STATEFP20": "06", "COUNTYFP20": "097", "TRACTCE20": "153102", "BLOCKCE20": "2003", "GEOID20": "060971531022003", "GEOIDFQ20": "1000000US060971531022003", "NAME20": "Block2003", "MTFCC20": "G5040", "UR20": "U", "UACE20": "79498", "FUNCSTAT20": "S", "ALAND20": 6662, "AWATER20": 0, "HOUSING20": 38, "POP20": 153, "DISTRICT": "Secondary", "block_of_residence": "060971531022003", "students": 9, "residents": 11, "INTPTLAT20": 38.417199767735873, "INTPTLON20": -122.71697519185943 }, "geometry": { "type": "Polygon", "coordinates": [ [ [ -122.717146, 38.417538 ], [ -122.717007, 38.417546 ], [ -122.716757, 38.417554 ], [ -122.716473, 38.41754 ], [ -122.71648, 38.416859 ], [ -122.716641, 38.416851 ], [ -122.716921, 38.416851 ], [ -122.717206, 38.416867 ], [ -122.717492, 38.416889 ], [ -122.717496, 38.417146 ], [ -122.717494, 38.417284 ], [ -122.717491, 38.417505 ], [ -122.71737, 38.41751 ], [ -122.717146, 38.417538 ] ] ] } },
{ "type": "Feature", "properties": { "STATEFP20": "06", "COUNTYFP20": "097", "TRACTCE20": "153102", "BLOCKCE20": "2004", "GEOID20": "060971531022004", "GEOIDFQ20": "1000000US060971531022004", "NAME20": "Block2004", "MTFCC20": "G5040", "UR20": "U", "UACE20": "79498", "FUNCSTAT20": "S", "ALAND20": 50730, "AWATER20": 0, "HOUSING20": 47, "POP20": 220, "DISTRICT": "Secondary", "block_of_residence": "060971531022004", "students": 4, "residents": 6, "INTPTLAT20": 38.417517856312656, "INTPTLON20": -122.71984151201733 }, "geometry": { "type": "Polygon", "coordinates": [ [ [ -122.720607, 38.418928 ], [ -122.720407, 38.418927 ], [ -122.719806, 38.418924 ], [ -122.719607, 38.418923 ], [ -122.719494, 38.418916 ], [ -122.719429, 38.418912 ], [ -122.71938, 38.41891 ], [ -122.71905, 38.418891 ], [ -122.718897, 38.418882 ], [ -122.71872, 38.418872 ], [ -122.718591, 38.418876 ], [ -122.718345, 38.418886 ], [ -122.71823, 38.418909 ], [ -122.718211, 38.418915 ], [ -122.718091, 38.41896 ], [ -122.718042, 38.419019 ], [ -122.717959, 38.419121 ], [ -122.717948, 38.419432 ], [ -122.717871, 38.419449 ], [ -122.717422, 38.419439 ], [ -122.717347, 38.419472 ], [ -122.717348, 38.419419 ], [ -122.717348, 38.41939 ], [ -122.717349, 38.419305 ], [ -122.71735, 38.419277 ], [ -122.71736, 38.419069 ], [ -122.717368, 38.418988 ], [ -122.717385, 38.418838 ], [ -122.717472, 38.418163 ], [ -122.717474, 38.418126 ], [ -122.717491, 38.417838 ], [ -122.717664, 38.417837 ], [ -122.718014, 38.417837 ], [ -122.718183, 38.417839 ], [ -122.718357, 38.417843 ], [ -122.71836, 38.418093 ], [ -122.718356, 38.418321 ], [ -122.718358, 38.418369 ], [ -122.718363, 38.418465 ], [ -122.718377, 38.418498 ], [ -122.718403, 38.418517 ], [ -122.71843, 38.418527 ], [ -122.719011, 38.418527 ], [ -122.719083, 38.418524 ], [ -122.719443, 38.418471 ], [ -122.719679, 38.418467 ], [ -122.719814, 38.418467 ], [ -122.720271, 38.418469 ], [ -122.720339, 38.418453 ], [ -122.720375, 38.418437 ], [ -122.720404, 38.418419 ], [ -122.720448, 38.418375 ], [ -122.720479, 38.418319 ], [ -122.720491, 38.418126 ], [ -122.720487, 38.417974 ], [ -122.720484, 38.417838 ], [ -122.720484, 38.4177 ], [ -122.720486, 38.417498 ], [ -122.720476, 38.417289 ], [ -122.72047, 38.417152 ], [ -122.720473, 38.41687 ], [ -122.720444, 38.415467 ], [ -122.720449, 38.415413 ], [ -122.720471, 38.415332 ], [ -122.720512, 38.415228 ], [ -122.720536, 38.415151 ], [ -122.720553, 38.414995 ], [ -122.720544, 38.414393 ], [ -122.720902, 38.414387 ], [ -122.721132, 38.414391 ], [ -122.721134, 38.414631 ], [ -122.72114, 38.415353 ], [ -122.721143, 38.415594 ], [ -122.721144, 38.415656 ], [ -122.721144, 38.415672 ], [ -122.721144, 38.415718 ], [ -122.721145, 38.415854 ], [ -122.721145, 38.415909 ], [ -122.721146, 38.415989 ], [ -122.72115, 38.416438 ], [ -122.721162, 38.417787 ], [ -122.721167, 38.418237 ], [ -122.721167, 38.418304 ], [ -122.721169, 38.418505 ], [ -122.72117, 38.418573 ], [ -122.72117, 38.418643 ], [ -122.721172, 38.418853 ], [ -122.721173, 38.418924 ], [ -122.721059, 38.418924 ], [ -122.72072, 38.418926 ], [ -122.720607, 38.418928 ] ] ] } },
{ "type": "Feature", "properties": { "STATEFP20": "06", "COUNTYFP20": "097", "TRACTCE20": "153102", "BLOCKCE20": "2005", "GEOID20": "060971531022005", "GEOIDFQ20": "1000000US060971531022005", "NAME20": "Block2005", "MTFCC20": "G5040", "UR20": "U", "UACE20": "79498", "FUNCSTAT20": "S", "ALAND20": 19978, "AWATER20": 0, "HOUSING20": 26, "POP20": 107, "DISTRICT": "Secondary", "block_of_residence": "060971531022005", "students": 2, "residents": 3, "INTPTLAT20": 38.417493716402447, "INTPTLON20": -122.71898570334169 }, "geometry": { "type": "Polygon", "coordinates": [ [ [ -122.718773, 38.417833 ], [ -122.718357, 38.417843 ], [ -122.718183, 38.417839 ], [ -122.718014, 38.417837 ], [ -122.717664, 38.417837 ], [ -122.717491, 38.417838 ], [ -122.717491, 38.417699 ], [ -122.717491, 38.417505 ], [ -122.717494, 38.417284 ], [ -122.717496, 38.417146 ], [ -122.71809, 38.417147 ], [ -122.719875, 38.41715 ], [ -122.72047, 38.417152 ], [ -122.720476, 38.417289 ], [ -122.720486, 38.417498 ], [ -122.720484, 38.4177 ], [ -122.720484, 38.417838 ], [ -122.720054, 38.417842 ], [ -122.718773, 38.417833 ] ] ] } },
{ "type": "Feature", "properties": { "STATEFP20": "06", "COUNTYFP20": "097", "TRACTCE20": "153102", "BLOCKCE20": "2006", "GEOID20": "060971531022006", "GEOIDFQ20": "1000000US060971531022006", "NAME20": "Block2006", "MTFCC20": "G5040", "UR20": "U", "UACE20": "79498", "FUNCSTAT20": "S", "ALAND20": 13395, "AWATER20": 0, "HOUSING20": 16, "POP20": 69, "DISTRICT": "Secondary", "block_of_residence": "060971531022006", "students": 2, "residents": 2, "INTPTLAT20": 38.418163751175804, "INTPTLON20": -122.7193914095072 }, "geometry": { "type": "Polygon", "coordinates": [ [ [ -122.720404, 38.418419 ], [ -122.720375, 38.418437 ], [ -122.720339, 38.418453 ], [ -122.720271, 38.418469 ], [ -122.719814, 38.418467 ], [ -122.719679, 38.418467 ], [ -122.719443, 38.418471 ], [ -122.719083, 38.418524 ], [ -122.719011, 38.418527 ], [ -122.71843, 38.418527 ], [ -122.718403, 38.418517 ], [ -122.718377, 38.418498 ], [ -122.718363, 38.418465 ], [ -122.718358, 38.418369 ], [ -122.718356, 38.418321 ], [ -122.71836, 38.418093 ], [ -122.718357, 38.417843 ], [ -122.718773, 38.417833 ], [ -122.720054, 38.417842 ], [ -122.720484, 38.417838 ], [ -122.720487, 38.417974 ], [ -122.720491, 38.418126 ], [ -122.720479, 38.418319 ], [ -122.720448, 38.418375 ], [ -122.720404, 38.418419 ] ] ] } },
{ "type": "Feature", "properties": { "STATEFP20": "06", "COUNTYFP20": "097", "TRACTCE20": "153102", "BLOCKCE20": "2007", "GEOID20": "060971531022007", "GEOIDFQ20": "1000000US060971531022007", "NAME20": "Block2007", "MTFCC20": "G5040", "UR20": "U", "UACE20": "79498", "FUNCSTAT20": "S", "ALAND20": 79561, "AWATER20": 0, "HOUSING20": 185, "POP20": 740, "DISTRICT": "Secondary", "block_of_residence": "060971531022007", "students": 30, "residents": 34, "INTPTLAT20": 38.41576887437089, "INTPTLON20": -122.71899135557068 }, "geometry": { "type": "Polygon", "coordinates": [ [ [ -122.720471, 38.415332 ], [ -122.720449, 38.415413 ], [ -122.720444, 38.415467 ], [ -122.720473, 38.41687 ], [ -122.72047, 38.417152 ], [ -122.719875, 38.41715 ], [ -122.71809, 38.417147 ], [ -122.717496, 38.417146 ], [ -122.717492, 38.416889 ], [ -122.717494, 38.416574 ], [ -122.7175, 38.416021 ], [ -122.717495, 38.415193 ], [ -122.717502, 38.414875 ], [ -122.717501, 38.414859 ], [ -122.717494, 38.414498 ], [ -122.717477, 38.414403 ], [ -122.717473, 38.414289 ], [ -122.717585, 38.414308 ], [ -122.717616, 38.414314 ], [ -122.717687, 38.41433 ], [ -122.717788, 38.414357 ], [ -122.718041, 38.414414 ], [ -122.718132, 38.414435 ], [ -122.718184, 38.414442 ], [ -122.71827, 38.414453 ], [ -122.71834, 38.414455 ], [ -122.71844, 38.414452 ], [ -122.719211, 38.41443 ], [ -122.719252, 38.414429 ], [ -122.719468, 38.414422 ], [ -122.719635, 38.414378 ], [ -122.720544, 38.414393 ], [ -122.720553, 38.414995 ], [ -122.720536, 38.415151 ], [ -122.720512, 38.415228 ], [ -122.720471, 38.415332 ] ] ] } },
{ "type": "Feature", "properties": { "STATEFP20": "06", "COUNTYFP20": "097", "TRACTCE20": "153102", "BLOCKCE20": "3000", "GEOID20": "060971531023000", "GEOIDFQ20": "1000000US060971531023000", "NAME20": "Block3000", "MTFCC20": "G5040", "UR20": "U", "UACE20": "79498", "FUNCSTAT20": "S", "ALAND20": 203889, "AWATER20": 0, "HOUSING20": 156, "POP20": 612, "DISTRICT": "Secondary", "block_of_residence": "060971531023000", "students": 15, "residents": 26, "INTPTLAT20": 38.421930874635315, "INTPTLON20": -122.7226257935456 }, "geometry": { "type": "Polygon", "coordinates": [ [ [ -122.723455336859004, 38.417475973916702 ], [ -122.723079336625005, 38.417578973821698 ], [ -122.723087337492998, 38.417662973083701 ], [ -122.722886337437998, 38.417680973872301 ], [ -122.722772336814998, 38.417667973780297 ], [ -122.722597337232997, 38.417657973536201 ], [ -122.722628336778996, 38.417840973948799 ], [ -122.722426337029006, 38.417857973232998 ], [ -122.722261336738001, 38.417941973905897 ], [ -122.722058336664006, 38.417955973940401 ], [ -122.722080336397994, 38.4181189740384 ], [ -122.721806336821004, 38.4181229736907 ], [ -122.721690336373001, 38.418097973453001 ], [ -122.721524336551994, 38.418098973396198 ], [ -122.721180336584993, 38.418241974119702 ], [ -122.721180336990003, 38.418308973429603 ], [ -122.721182336667994, 38.418509974050501 ], [ -122.721183337317001, 38.418577974089501 ], [ -122.721183336256004, 38.418647973902999 ], [ -122.721185337208993, 38.418857974107503 ], [ -122.721186336364994, 38.4189289737512 ], [ -122.721173065698267, 38.418928973745743 ], [ -122.721173, 38.418924 ], [ -122.721172, 38.418853 ], [ -122.72117, 38.418643 ], [ -122.72117, 38.418573 ], [ -122.721169, 38.418505 ], [ -122.721167, 38.418304 ], [ -122.721167, 38.418237 ], [ -122.721511, 38.418094 ], [ -122.721677, 38.418093 ], [ -122.721793, 38.418118 ], [ -122.722067, 38.418114 ], [ -122.722045, 38.417951 ], [ -122.722248, 38.417937 ], [ -122.722413, 38.417853 ], [ -122.722615, 38.417836 ], [ -122.722584, 38.417653 ], [ -122.722759, 38.417663 ], [ -122.722873, 38.417676 ], [ -122.723074, 38.417658 ], [ -122.723066, 38.417574 ], [ -122.723442, 38.417471 ], [ -122.723769, 38.417385 ], [ -122.723769979912973, 38.417393223323693 ], [ -122.723455336859004, 38.417475973916702 ] ] ] } },
{ "type": "Feature", "properties": { "STATEFP20": "06", "COUNTYFP20": "097", "TRACTCE20": "153102", "BLOCKCE20": "3004", "GEOID20": "060971531023004", "GEOIDFQ20": "1000000US060971531023004", "NAME20": "Block3004", "MTFCC20": "G5040", "UR20": "U", "UACE20": "79498", "FUNCSTAT20": "S", "ALAND20": 41146, "AWATER20": 0, "HOUSING20": 43, "POP20": 170, "DISTRICT": "Secondary", "block_of_residence": "060971531023004", "students": 1, "residents": 1, "INTPTLAT20": 38.417295623740948, "INTPTLON20": -122.72573103538291 }, "geometry": { "type": "Polygon", "coordinates": [ [ [ -122.726920337238994, 38.416350973402601 ], [ -122.726767337701006, 38.416363973474503 ], [ -122.725980337695006, 38.416442973074197 ], [ -122.725667336654993, 38.416474972943703 ], [ -122.725460337201, 38.416494973666197 ], [ -122.725294337571, 38.4165119729686 ], [ -122.725301337030004, 38.416557973167301 ], [ -122.725285336821003, 38.416615972985099 ], [ -122.725349337427005, 38.417064973188801 ], [ -122.723773337267005, 38.417315973786998 ], [ -122.723782336566998, 38.417389973544502 ], [ -122.723769979912973, 38.417393223323693 ], [ -122.723769, 38.417385 ], [ -122.72376, 38.417311 ], [ -122.725336, 38.41706 ], [ -122.725272, 38.416611 ], [ -122.725288, 38.416553 ], [ -122.725281, 38.416507 ], [ -122.725447, 38.41649 ], [ -122.725654, 38.41647 ], [ -122.725967, 38.416438 ], [ -122.726754, 38.416359 ], [ -122.726907, 38.416346 ], [ -122.727221, 38.416321 ], [ -122.727221636600177, 38.416326984041653 ], [ -122.726920337238994, 38.416350973402601 ] ] ] } },
{ "type": "Feature", "properties": { "STATEFP20": "06", "COUNTYFP20": "097", "TRACTCE20": "153102", "BLOCKCE20": "3005", "GEOID20": "060971531023005", "GEOIDFQ20": "1000000US060971531023005", "NAME20": "Block3005", "MTFCC20": "G5040", "UR20": "U", "UACE20": "79498", "FUNCSTAT20": "S", "ALAND20": 72977, "AWATER20": 0, "HOUSING20": 70, "POP20": 186, "DISTRICT": "Secondary", "block_of_residence": "060971531023005", "students": 7, "residents": 15, "INTPTLAT20": 38.416214185492429, "INTPTLON20": -122.72227448328505 }, "geometry": { "type": "Polygon", "coordinates": [ [ [ -122.723074, 38.417658 ], [ -122.722873, 38.417676 ], [ -122.722759, 38.417663 ], [ -122.722584, 38.417653 ], [ -122.722615, 38.417836 ], [ -122.722413, 38.417853 ], [ -122.722248, 38.417937 ], [ -122.722045, 38.417951 ], [ -122.722067, 38.418114 ], [ -122.721793, 38.418118 ], [ -122.721677, 38.418093 ], [ -122.721511, 38.418094 ], [ -122.721167, 38.418237 ], [ -122.721162, 38.417787 ], [ -122.72115, 38.416438 ], [ -122.721146, 38.415989 ], [ -122.721145, 38.415909 ], [ -122.721145, 38.415854 ], [ -122.721144, 38.415718 ], [ -122.721144, 38.415672 ], [ -122.721144, 38.415656 ], [ -122.721143, 38.415594 ], [ -122.72114, 38.415353 ], [ -122.721134, 38.414631 ], [ -122.721132, 38.414391 ], [ -122.721154, 38.41439 ], [ -122.721222, 38.414388 ], [ -122.721245, 38.414388 ], [ -122.721297, 38.414387 ], [ -122.721312, 38.414387 ], [ -122.721409, 38.414385 ], [ -122.721453, 38.414384 ], [ -122.721506, 38.414383 ], [ -122.721676, 38.414379 ], [ -122.722002, 38.414374 ], [ -122.722189, 38.414368 ], [ -122.72236, 38.414364 ], [ -122.722575, 38.414355 ], [ -122.722736, 38.41435 ], [ -122.723221, 38.414336 ], [ -122.723437, 38.414331 ], [ -122.723455, 38.414523 ], [ -122.723509, 38.415102 ], [ -122.723528, 38.415295 ], [ -122.723261, 38.415299 ], [ -122.723222, 38.415296 ], [ -122.722976, 38.415276 ], [ -122.722391, 38.415308 ], [ -122.721912, 38.415345 ], [ -122.721914, 38.41555 ], [ -122.721906, 38.415677 ], [ -122.721908, 38.41578 ], [ -122.721931, 38.415968 ], [ -122.722395, 38.415951 ], [ -122.723413, 38.415872 ], [ -122.723586, 38.415849 ], [ -122.723699, 38.416801 ], [ -122.723745, 38.417178 ], [ -122.72376, 38.417311 ], [ -122.723769, 38.417385 ], [ -122.723442, 38.417471 ], [ -122.723066, 38.417574 ], [ -122.723074, 38.417658 ] ] ] } },
{ "type": "Feature", "properties": { "STATEFP20": "06", "COUNTYFP20": "097", "TRACTCE20": "153102", "BLOCKCE20": "3006", "GEOID20": "060971531023006", "GEOIDFQ20": "1000000US060971531023006", "NAME20": "Block3006", "MTFCC20": "G5040", "UR20": "U", "UACE20": "79498", "FUNCSTAT20": "S", "ALAND20": 9867, "AWATER20": 0, "HOUSING20": 21, "POP20": 84, "DISTRICT": "Secondary", "block_of_residence": "060971531023006", "students": 1, "residents": 4, "INTPTLAT20": 38.415613559043848, "INTPTLON20": -122.72272004742206 }, "geometry": { "type": "Polygon", "coordinates": [ [ [ -122.721931, 38.415968 ], [ -122.721908, 38.41578 ], [ -122.721906, 38.415677 ], [ -122.721914, 38.41555 ], [ -122.721912, 38.415345 ], [ -122.722391, 38.415308 ], [ -122.722976, 38.415276 ], [ -122.723222, 38.415296 ], [ -122.723261, 38.415299 ], [ -122.723528, 38.415295 ], [ -122.723567, 38.415672 ], [ -122.723586, 38.415849 ], [ -122.723413, 38.415872 ], [ -122.722395, 38.415951 ], [ -122.721931, 38.415968 ] ] ] } },
{ "type": "Feature", "properties": { "STATEFP20": "06", "COUNTYFP20": "097", "TRACTCE20": "153102", "BLOCKCE20": "3007", "GEOID20": "060971531023007", "GEOIDFQ20": "1000000US060971531023007", "NAME20": "Block3007", "MTFCC20": "G5040", "UR20": "U", "UACE20": "79498", "FUNCSTAT20": "S", "ALAND20": 51593, "AWATER20": 0, "HOUSING20": 45, "POP20": 198, "DISTRICT": "Secondary", "block_of_residence": "060971531023007", "students": 2, "residents": 3, "INTPTLAT20": 38.416065438601457, "INTPTLON20": -122.72514249726002 }, "geometry": { "type": "Polygon", "coordinates": [ [ [ -122.725967, 38.416438 ], [ -122.725654, 38.41647 ], [ -122.725447, 38.41649 ], [ -122.725281, 38.416507 ], [ -122.725288, 38.416553 ], [ -122.725272, 38.416611 ], [ -122.725336, 38.41706 ], [ -122.72376, 38.417311 ], [ -122.723745, 38.417178 ], [ -122.723699, 38.416801 ], [ -122.723586, 38.415849 ], [ -122.723567, 38.415672 ], [ -122.723528, 38.415295 ], [ -122.723796, 38.415277 ], [ -122.724248, 38.415268 ], [ -122.725541, 38.415245 ], [ -122.725647, 38.415239 ], [ -122.72585, 38.415234 ], [ -122.726027, 38.415237 ], [ -122.726169, 38.415244 ], [ -122.726282, 38.415254 ], [ -122.72641, 38.41527 ], [ -122.726534, 38.415286 ], [ -122.726833, 38.415336 ], [ -122.727014, 38.415373 ], [ -122.727118, 38.415406 ], [ -122.727138, 38.415589 ], [ -122.727178, 38.415948 ], [ -122.7272, 38.416138 ], [ -122.727221, 38.416321 ], [ -122.726907, 38.416346 ], [ -122.726754, 38.416359 ], [ -122.725967, 38.416438 ] ] ] } },
{ "type": "Feature", "properties": { "STATEFP20": "06", "COUNTYFP20": "097", "TRACTCE20": "153102", "BLOCKCE20": "3008", "GEOID20": "060971531023008", "GEOIDFQ20": "1000000US060971531023008", "NAME20": "Block3008", "MTFCC20": "G5040", "UR20": "U", "UACE20": "79498", "FUNCSTAT20": "S", "ALAND20": 33688, "AWATER20": 0, "HOUSING20": 32, "POP20": 93, "DISTRICT": "Secondary", "block_of_residence": "060971531023008", "students": 2, "residents": 3, "INTPTLAT20": 38.414785267228659, "INTPTLON20": -122.72529543240104 }, "geometry": { "type": "Polygon", "coordinates": [ [ [ -122.726534, 38.415286 ], [ -122.72641, 38.41527 ], [ -122.726282, 38.415254 ], [ -122.726169, 38.415244 ], [ -122.726027, 38.415237 ], [ -122.72585, 38.415234 ], [ -122.725647, 38.415239 ], [ -122.725541, 38.415245 ], [ -122.724248, 38.415268 ], [ -122.723796, 38.415277 ], [ -122.723528, 38.415295 ], [ -122.723509, 38.415102 ], [ -122.723455, 38.414523 ], [ -122.723437, 38.414331 ], [ -122.723774, 38.414329 ], [ -122.724148, 38.414315 ], [ -122.724362, 38.414308 ], [ -122.726284, 38.41428 ], [ -122.726997, 38.414271 ], [ -122.727009, 38.414423 ], [ -122.727017, 38.414498 ], [ -122.727092, 38.415179 ], [ -122.727118, 38.415406 ], [ -122.727014, 38.415373 ], [ -122.726833, 38.415336 ], [ -122.726534, 38.415286 ] ] ] } },
{ "type": "Feature", "properties": { "STATEFP20": "06", "COUNTYFP20": "097", "TRACTCE20": "153103", "BLOCKCE20": "1005", "GEOID20": "060971531031005", "GEOIDFQ20": "1000000US060971531031005", "NAME20": "Block1005", "MTFCC20": "G5040", "UR20": "U", "UACE20": "79498", "FUNCSTAT20": "S", "ALAND20": 562298, "AWATER20": 0, "HOUSING20": 374, "POP20": 1263, "DISTRICT": "Secondary", "block_of_residence": "060971531031005", "students": 31, "residents": 56, "INTPTLAT20": 38.417977192823727, "INTPTLON20": -122.73693696967077 }, "geometry": { "type": "Polygon", "coordinates": [ [ [ -122.739212338263997, 38.412285972276599 ], [ -122.739081338996002, 38.412314972167302 ], [ -122.738793338140994, 38.412390971710998 ], [ -122.738022338617, 38.412597971702901 ], [ -122.736907338338, 38.412896971877203 ], [ -122.736501337971006, 38.413006972198502 ], [ -122.736279338681001, 38.413067972036302 ], [ -122.736098338380003, 38.413116972465801 ], [ -122.736030338180001, 38.413133972094897 ], [ -122.735283338285001, 38.413325972646398 ], [ -122.735034338328006, 38.413390972544804 ], [ -122.734732338380994, 38.413465972417598 ], [ -122.734235338443, 38.413589972796203 ], [ -122.733830337811995, 38.4136999728535 ], [ -122.733531337878006, 38.413782972649997 ], [ -122.733521584893836, 38.413785488444894 ], [ -122.733518, 38.413778 ], [ -122.733817, 38.413695 ], [ -122.734222, 38.413585 ], [ -122.734719, 38.413461 ], [ -122.735021, 38.413386 ], [ -122.73527, 38.413321 ], [ -122.736017, 38.413129 ], [ -122.736085, 38.413112 ], [ -122.736266, 38.413063 ], [ -122.736488, 38.413002 ], [ -122.736894, 38.412892 ], [ -122.738009, 38.412593 ], [ -122.73878, 38.412386 ], [ -122.739068, 38.41231 ], [ -122.739199, 38.412281 ], [ -122.739415, 38.412244 ], [ -122.73941589772086, 38.412251103019493 ], [ -122.739212338263997, 38.412285972276599 ] ] ] } },
{ "type": "Feature", "properties": { "STATEFP20": "06", "COUNTYFP20": "097", "TRACTCE20": "153103", "BLOCKCE20": "1011", "GEOID20": "060971531031011", "GEOIDFQ20": "1000000US060971531031011", "NAME20": "Block1011", "MTFCC20": "G5040", "UR20": "U", "UACE20": "79498", "FUNCSTAT20": "S", "ALAND20": 24957, "AWATER20": 0, "HOUSING20": 0, "POP20": 0, "DISTRICT": "Secondary", "block_of_residence": "060971531031011", "students": 0, "residents": 0, "INTPTLAT20": 38.412946998986584, "INTPTLON20": -122.74026878382104 }, "geometry": { "type": "Polygon", "coordinates": [ [ [ -122.741119338375, 38.412119971332899 ], [ -122.740978339128006, 38.412128971701399 ], [ -122.739939339117001, 38.412203972126498 ], [ -122.739814338436005, 38.412208971522503 ], [ -122.739747338357006, 38.412212972214199 ], [ -122.739612338417999, 38.412224972199603 ], [ -122.739428339247993, 38.412248971815103 ], [ -122.73941589772086, 38.412251103019493 ], [ -122.739415, 38.412244 ], [ -122.739599, 38.41222 ], [ -122.739734, 38.412208 ], [ -122.739801, 38.412204 ], [ -122.739926, 38.412199 ], [ -122.740965, 38.412124 ], [ -122.741106, 38.412115 ], [ -122.741354, 38.412108 ], [ -122.741352978160307, 38.412113376823172 ], [ -122.741119338375, 38.412119971332899 ] ] ] } },
{ "type": "Feature", "properties": { "STATEFP20": "06", "COUNTYFP20": "097", "TRACTCE20": "153103", "BLOCKCE20": "2001", "GEOID20": "060971531032001", "GEOIDFQ20": "1000000US060971531032001", "NAME20": "Block2001", "MTFCC20": "G5040", "UR20": "U", "UACE20": "79498", "FUNCSTAT20": "S", "ALAND20": 501599, "AWATER20": 0, "HOUSING20": 305, "POP20": 928, "DISTRICT": "Secondary", "block_of_residence": "060971531032001", "students": 28, "residents": 32, "INTPTLAT20": 38.420090884897903, "INTPTLON20": -122.73167814725727 }, "geometry": { "type": "Polygon", "coordinates": [ [ [ -122.733248337706996, 38.413855972910497 ], [ -122.732461337748006, 38.414062972090598 ], [ -122.732401338127005, 38.414079972278898 ], [ -122.732327338288997, 38.4141019724796 ], [ -122.732117337663993, 38.4141479724777 ], [ -122.732122337354994, 38.414267972882399 ], [ -122.732125337563005, 38.414317972638003 ], [ -122.732111869771245, 38.414322940794911 ], [ -122.732112, 38.414313 ], [ -122.732109, 38.414263 ], [ -122.732104, 38.414143 ], [ -122.732314, 38.414097 ], [ -122.732388, 38.414075 ], [ -122.732448, 38.414058 ], [ -122.733235, 38.413851 ], [ -122.733518, 38.413778 ], [ -122.733521584893836, 38.413785488444894 ], [ -122.733248337706996, 38.413855972910497 ] ] ] } },
{ "type": "Feature", "properties": { "STATEFP20": "06", "COUNTYFP20": "097", "TRACTCE20": "153103", "BLOCKCE20": "2002", "GEOID20": "060971531032002", "GEOIDFQ20": "1000000US060971531032002", "NAME20": "Block2002", "MTFCC20": "G5040", "UR20": "U", "UACE20": "79498", "FUNCSTAT20": "S", "ALAND20": 9795, "AWATER20": 0, "HOUSING20": 11, "POP20": 42, "DISTRICT": "Secondary", "block_of_residence": "060971531032002", "students": 3, "residents": 5, "INTPTLAT20": 38.414480395016106, "INTPTLON20": -122.73086459261133 }, "geometry": { "type": "Polygon", "coordinates": [ [ [ -122.730133, 38.414994 ], [ -122.73011, 38.414764 ], [ -122.730073, 38.414478 ], [ -122.73005, 38.4143 ], [ -122.730047, 38.414211 ], [ -122.730458, 38.414203 ], [ -122.731694, 38.414179 ], [ -122.731782, 38.414178 ], [ -122.731891, 38.414171 ], [ -122.732104, 38.414143 ], [ -122.732109, 38.414263 ], [ -122.732112, 38.414313 ], [ -122.730659, 38.414849 ], [ -122.73067, 38.414921 ], [ -122.730133, 38.414994 ] ] ] } },
{ "type": "Feature", "properties": { "STATEFP20": "06", "COUNTYFP20": "097", "TRACTCE20": "153103", "BLOCKCE20": "2003", "GEOID20": "060971531032003", "GEOIDFQ20": "1000000US060971531032003", "NAME20": "Block2003", "MTFCC20": "G5040", "UR20": "U", "UACE20": "79498", "FUNCSTAT20": "S", "ALAND20": 9930, "AWATER20": 0, "HOUSING20": 12, "POP20": 53, "DISTRICT": "Secondary", "block_of_residence": "060971531032003", "students": 0, "residents": 0, "INTPTLAT20": 38.414992795948933, "INTPTLON20": -122.73104564113736 }, "geometry": { "type": "Polygon", "coordinates": [ [ [ -122.730672337627993, 38.414853972287801 ], [ -122.730683337189006, 38.414925972619898 ], [ -122.730146337123003, 38.414998972640298 ], [ -122.730160337403007, 38.415117973208297 ], [ -122.730147781694313, 38.415119179107378 ], [ -122.730147, 38.415113 ], [ -122.730133, 38.414994 ], [ -122.73067, 38.414921 ], [ -122.730659, 38.414849 ], [ -122.732112, 38.414313 ], [ -122.732111869771245, 38.414322940794911 ], [ -122.730672337627993, 38.414853972287801 ] ] ] } },
{ "type": "Feature", "properties": { "STATEFP20": "06", "COUNTYFP20": "097", "TRACTCE20": "153103", "BLOCKCE20": "2004", "GEOID20": "060971531032004", "GEOIDFQ20": "1000000US060971531032004", "NAME20": "Block2004", "MTFCC20": "G5040", "UR20": "U", "UACE20": "79498", "FUNCSTAT20": "S", "ALAND20": 49678, "AWATER20": 0, "HOUSING20": 61, "POP20": 210, "DISTRICT": "Secondary", "block_of_residence": "060971531032004", "students": 6, "residents": 8, "INTPTLAT20": 38.416509748917477, "INTPTLON20": -122.72873163814607 }, "geometry": { "type": "Polygon", "coordinates": [ [ [ -122.729683338154999, 38.415589973120198 ], [ -122.729241337510999, 38.415623972682702 ], [ -122.729032337145995, 38.4156409730276 ], [ -122.728890338021003, 38.4156479729848 ], [ -122.728691337067005, 38.415658972719001 ], [ -122.728559337438995, 38.415661972897198 ], [ -122.728324337610999, 38.415659973343502 ], [ -122.728267337095005, 38.415653972685597 ], [ -122.728103337651007, 38.415639972957798 ], [ -122.727892337648001, 38.415604972611398 ], [ -122.727819337409997, 38.415588972652699 ], [ -122.727700336900995, 38.415555973323102 ], [ -122.727747336955005, 38.415914973194603 ], [ -122.727191337747001, 38.415952972658502 ], [ -122.727213336974003, 38.416142972656999 ], [ -122.727234337387998, 38.416325972808899 ], [ -122.727221636600177, 38.416326984041653 ], [ -122.727221, 38.416321 ], [ -122.7272, 38.416138 ], [ -122.727178, 38.415948 ], [ -122.727734, 38.41591 ], [ -122.727687, 38.415551 ], [ -122.727806, 38.415584 ], [ -122.727879, 38.4156 ], [ -122.72809, 38.415635 ], [ -122.728254, 38.415649 ], [ -122.728311, 38.415655 ], [ -122.728546, 38.415657 ], [ -122.728678, 38.415654 ], [ -122.728877, 38.415643 ], [ -122.729019, 38.415636 ], [ -122.729228, 38.415619 ], [ -122.72967, 38.415585 ], [ -122.729682579248617, 38.415584056556355 ], [ -122.729683338154999, 38.415589973120198 ] ] ] } },
{ "type": "Feature", "properties": { "STATEFP20": "06", "COUNTYFP20": "097", "TRACTCE20": "153103", "BLOCKCE20": "2006", "GEOID20": "060971531032006", "GEOIDFQ20": "1000000US060971531032006", "NAME20": "Block2006", "MTFCC20": "G5040", "UR20": "U", "UACE20": "79498", "FUNCSTAT20": "S", "ALAND20": 37857, "AWATER20": 0, "HOUSING20": 35, "POP20": 136, "DISTRICT": "Secondary", "block_of_residence": "060971531032006", "students": 3, "residents": 4, "INTPTLAT20": 38.41488972496682, "INTPTLON20": -122.7285437356656 }, "geometry": { "type": "Polygon", "coordinates": [ [ [ -122.729228, 38.415619 ], [ -122.729019, 38.415636 ], [ -122.728877, 38.415643 ], [ -122.728678, 38.415654 ], [ -122.728546, 38.415657 ], [ -122.728311, 38.415655 ], [ -122.728254, 38.415649 ], [ -122.72809, 38.415635 ], [ -122.727879, 38.4156 ], [ -122.727806, 38.415584 ], [ -122.727687, 38.415551 ], [ -122.727572, 38.415519 ], [ -122.7274, 38.415476 ], [ -122.727118, 38.415406 ], [ -122.727092, 38.415179 ], [ -122.727017, 38.414498 ], [ -122.727009, 38.414423 ], [ -122.726997, 38.414271 ], [ -122.727454, 38.414253 ], [ -122.727498, 38.414252 ], [ -122.727593, 38.41425 ], [ -122.728639, 38.414239 ], [ -122.728829, 38.414235 ], [ -122.729288, 38.414226 ], [ -122.729439, 38.414223 ], [ -122.729895, 38.414213 ], [ -122.730047, 38.414211 ], [ -122.73005, 38.4143 ], [ -122.730073, 38.414478 ], [ -122.73011, 38.414764 ], [ -122.730133, 38.414994 ], [ -122.730147, 38.415113 ], [ -122.729616, 38.415164 ], [ -122.72967, 38.415585 ], [ -122.729228, 38.415619 ] ] ] } },
{ "type": "Feature", "properties": { "STATEFP20": "06", "COUNTYFP20": "097", "TRACTCE20": "153103", "BLOCKCE20": "2007", "GEOID20": "060971531032007", "GEOIDFQ20": "1000000US060971531032007", "NAME20": "Block2007", "MTFCC20": "G5040", "UR20": "U", "UACE20": "79498", "FUNCSTAT20": "S", "ALAND20": 2437, "AWATER20": 0, "HOUSING20": 3, "POP20": 27, "DISTRICT": "Secondary", "block_of_residence": "060971531032007", "students": 0, "residents": 0, "INTPTLAT20": 38.415701822763843, "INTPTLON20": -122.72741025811362 }, "geometry": { "type": "Polygon", "coordinates": [ [ [ -122.727118, 38.415406 ], [ -122.7274, 38.415476 ], [ -122.727572, 38.415519 ], [ -122.727687, 38.415551 ], [ -122.727734, 38.41591 ], [ -122.727178, 38.415948 ], [ -122.727138, 38.415589 ], [ -122.727118, 38.415406 ] ] ] } },
{ "type": "Feature", "properties": { "STATEFP20": "06", "COUNTYFP20": "097", "TRACTCE20": "153103", "BLOCKCE20": "2008", "GEOID20": "060971531032008", "GEOIDFQ20": "1000000US060971531032008", "NAME20": "Block2008", "MTFCC20": "G5040", "UR20": "U", "UACE20": "79498", "FUNCSTAT20": "S", "ALAND20": 2223, "AWATER20": 0, "HOUSING20": 2, "POP20": 24, "DISTRICT": "Secondary", "block_of_residence": "060971531032008", "students": 0, "residents": 0, "INTPTLAT20": 38.415351778511912, "INTPTLON20": -122.72990996287524 }, "geometry": { "type": "Polygon", "coordinates": [ [ [ -122.729629337210994, 38.415168972531497 ], [ -122.729682579248617, 38.415584056556355 ], [ -122.72967, 38.415585 ], [ -122.729616, 38.415164 ], [ -122.730147, 38.415113 ], [ -122.730147781694313, 38.415119179107378 ], [ -122.729629337210994, 38.415168972531497 ] ] ] } },
{ "type": "Feature", "properties": { "STATEFP20": "06", "COUNTYFP20": "097", "TRACTCE20": "153201", "BLOCKCE20": "1000", "GEOID20": "060971532011000", "GEOIDFQ20": "1000000US060971532011000", "NAME20": "Block1000", "MTFCC20": "G5040", "UR20": "U", "UACE20": "79498", "FUNCSTAT20": "S", "ALAND20": 192460, "AWATER20": 0, "HOUSING20": 3, "POP20": 25, "DISTRICT": "Secondary", "block_of_residence": "060971532011000", "students": 0, "residents": 0, "INTPTLAT20": 38.412156019674022, "INTPTLON20": -122.73178283420197 }, "geometry": { "type": "Polygon", "coordinates": [ [ [ -122.733817, 38.413695 ], [ -122.733518, 38.413778 ], [ -122.733235, 38.413851 ], [ -122.732448, 38.414058 ], [ -122.732388, 38.414075 ], [ -122.732314, 38.414097 ], [ -122.732104, 38.414143 ], [ -122.731891, 38.414171 ], [ -122.731782, 38.414178 ], [ -122.731694, 38.414179 ], [ -122.730458, 38.414203 ], [ -122.730047, 38.414211 ], [ -122.729895, 38.414213 ], [ -122.729439, 38.414223 ], [ -122.729288, 38.414226 ], [ -122.729293, 38.413196 ], [ -122.729295, 38.412953 ], [ -122.729313, 38.412044 ], [ -122.729315, 38.411163 ], [ -122.729319, 38.410666 ], [ -122.729324, 38.410243 ], [ -122.729326, 38.410108 ], [ -122.73018, 38.410084 ], [ -122.730476, 38.410089 ], [ -122.730775, 38.410073 ], [ -122.731092, 38.410052 ], [ -122.73135, 38.410073 ], [ -122.731474, 38.410105 ], [ -122.731635, 38.410162 ], [ -122.731764, 38.410201 ], [ -122.731898, 38.410224 ], [ -122.732009, 38.410232 ], [ -122.732132, 38.410228 ], [ -122.732356, 38.410238 ], [ -122.733031, 38.410268 ], [ -122.733257, 38.410278 ], [ -122.733443, 38.410286 ], [ -122.734001, 38.410313 ], [ -122.734187, 38.410322 ], [ -122.734197, 38.411382 ], [ -122.734204, 38.411438 ], [ -122.734236, 38.411547 ], [ -122.734277, 38.411639 ], [ -122.734568, 38.412334 ], [ -122.734762, 38.412766 ], [ -122.734979, 38.413267 ], [ -122.735021, 38.413386 ], [ -122.734719, 38.413461 ], [ -122.734222, 38.413585 ], [ -122.733817, 38.413695 ] ] ] } },
{ "type": "Feature", "properties": { "STATEFP20": "06", "COUNTYFP20": "097", "TRACTCE20": "153201", "BLOCKCE20": "1001", "GEOID20": "060971532011001", "GEOIDFQ20": "1000000US060971532011001", "NAME20": "Block1001", "MTFCC20": "G5040", "UR20": "U", "UACE20": "79498", "FUNCSTAT20": "S", "ALAND20": 20137, "AWATER20": 0, "HOUSING20": 20, "POP20": 76, "DISTRICT": "Secondary", "block_of_residence": "060971532011001", "students": 1, "residents": 2, "INTPTLAT20": 38.412677731787831, "INTPTLON20": -122.73639355784704 }, "geometry": { "type": "Polygon", "coordinates": [ [ [ -122.736266, 38.413063 ], [ -122.736085, 38.413112 ], [ -122.736017, 38.413129 ], [ -122.73527, 38.413321 ], [ -122.735021, 38.413386 ], [ -122.734979, 38.413267 ], [ -122.734762, 38.412766 ], [ -122.734901, 38.412729 ], [ -122.735322, 38.412618 ], [ -122.735462, 38.412582 ], [ -122.735765, 38.412501 ], [ -122.73618, 38.412392 ], [ -122.736505, 38.412306 ], [ -122.736675, 38.412253 ], [ -122.736976, 38.412161 ], [ -122.737135, 38.412123 ], [ -122.737612, 38.412013 ], [ -122.737771, 38.411976 ], [ -122.737801, 38.412055 ], [ -122.737894, 38.412295 ], [ -122.737925, 38.412375 ], [ -122.738009, 38.412593 ], [ -122.736894, 38.412892 ], [ -122.736488, 38.413002 ], [ -122.736266, 38.413063 ] ] ] } },
{ "type": "Feature", "properties": { "STATEFP20": "06", "COUNTYFP20": "097", "TRACTCE20": "153201", "BLOCKCE20": "1002", "GEOID20": "060971532011002", "GEOIDFQ20": "1000000US060971532011002", "NAME20": "Block1002", "MTFCC20": "G5040", "UR20": "U", "UACE20": "79498", "FUNCSTAT20": "S", "ALAND20": 128871, "AWATER20": 0, "HOUSING20": 81, "POP20": 231, "DISTRICT": "Secondary", "block_of_residence": "060971532011002", "students": 7, "residents": 12, "INTPTLAT20": 38.410186032489548, "INTPTLON20": -122.73956651407235 }, "geometry": { "type": "Polygon", "coordinates": [ [ [ -122.741421, 38.409776 ], [ -122.741411, 38.410164 ], [ -122.741399, 38.410662 ], [ -122.741396, 38.41077 ], [ -122.741393, 38.410882 ], [ -122.741397, 38.411073 ], [ -122.741396, 38.411094 ], [ -122.741391, 38.411202 ], [ -122.741383, 38.411383 ], [ -122.741372, 38.411649 ], [ -122.741376, 38.411769 ], [ -122.741369, 38.411927 ], [ -122.741367, 38.411996 ], [ -122.741354, 38.412108 ], [ -122.741106, 38.412115 ], [ -122.740965, 38.412124 ], [ -122.739926, 38.412199 ], [ -122.739801, 38.412204 ], [ -122.739734, 38.412208 ], [ -122.739599, 38.41222 ], [ -122.739415, 38.412244 ], [ -122.739199, 38.412281 ], [ -122.739068, 38.41231 ], [ -122.73878, 38.412386 ], [ -122.738009, 38.412593 ], [ -122.737925, 38.412375 ], [ -122.737894, 38.412295 ], [ -122.737801, 38.412055 ], [ -122.737771, 38.411976 ], [ -122.737734, 38.411881 ], [ -122.737623, 38.411596 ], [ -122.737587, 38.411502 ], [ -122.737963, 38.411404 ], [ -122.738145, 38.411358 ], [ -122.738841, 38.411171 ], [ -122.738943, 38.41114 ], [ -122.738979, 38.411115 ], [ -122.738991, 38.411098 ], [ -122.738998, 38.41106 ], [ -122.738993, 38.411011 ], [ -122.738962, 38.410624 ], [ -122.738945, 38.410505 ], [ -122.738895, 38.410151 ], [ -122.738879, 38.410033 ], [ -122.73886, 38.409894 ], [ -122.738832, 38.409675 ], [ -122.73881, 38.409479 ], [ -122.738795, 38.409341 ], [ -122.738452, 38.409362 ], [ -122.738393, 38.409368 ], [ -122.738194, 38.409389 ], [ -122.737939, 38.409429 ], [ -122.737631, 38.409496 ], [ -122.737212, 38.409606 ], [ -122.736824, 38.409709 ], [ -122.736763, 38.409581 ], [ -122.736662, 38.409369 ], [ -122.736626, 38.40925 ], [ -122.736615, 38.409185 ], [ -122.736593, 38.409046 ], [ -122.736597, 38.408937 ], [ -122.736609, 38.408613 ], [ -122.736613, 38.408525 ], [ -122.73662, 38.408507 ], [ -122.736642, 38.408497 ], [ -122.736717, 38.408497 ], [ -122.737017, 38.408497 ], [ -122.737117, 38.408498 ], [ -122.737263, 38.408496 ], [ -122.737704, 38.408493 ], [ -122.737852, 38.408492 ], [ -122.738001, 38.40849 ], [ -122.738449, 38.408486 ], [ -122.738599, 38.408485 ], [ -122.738754, 38.408483 ], [ -122.739219, 38.408478 ], [ -122.739375, 38.408477 ], [ -122.739591, 38.408476 ], [ -122.739721, 38.40846 ], [ -122.739795, 38.40844 ], [ -122.739843, 38.408429 ], [ -122.739949, 38.408389 ], [ -122.740178, 38.40827 ], [ -122.740269, 38.408237 ], [ -122.740385, 38.408206 ], [ -122.740521, 38.408186 ], [ -122.740646, 38.408181 ], [ -122.741018, 38.408176 ], [ -122.741443, 38.408172 ], [ -122.741445, 38.408483 ], [ -122.741441, 38.40867 ], [ -122.74143, 38.409243 ], [ -122.741421, 38.409776 ] ] ] } },
{ "type": "Feature", "properties": { "STATEFP20": "06", "COUNTYFP20": "097", "TRACTCE20": "153201", "BLOCKCE20": "1003", "GEOID20": "060971532011003", "GEOIDFQ20": "1000000US060971532011003", "NAME20": "Block1003", "MTFCC20": "G5040", "UR20": "U", "UACE20": "79498", "FUNCSTAT20": "S", "ALAND20": 10049, "AWATER20": 0, "HOUSING20": 16, "POP20": 53, "DISTRICT": "Secondary", "block_of_residence": "060971532011003", "students": 0, "residents": 1, "INTPTLAT20": 38.410457467627843, "INTPTLON20": -122.73806583405977 }, "geometry": { "type": "Polygon", "coordinates": [ [ [ -122.738239, 38.410705 ], [ -122.737733, 38.410839 ], [ -122.737662, 38.410856 ], [ -122.737341, 38.410938 ], [ -122.737295, 38.410828 ], [ -122.737159, 38.410499 ], [ -122.737114, 38.41039 ], [ -122.73746, 38.410288 ], [ -122.737574, 38.410256 ], [ -122.737994, 38.410145 ], [ -122.738239, 38.410098 ], [ -122.738482, 38.410067 ], [ -122.738519, 38.410063 ], [ -122.738879, 38.410033 ], [ -122.738895, 38.410151 ], [ -122.738945, 38.410505 ], [ -122.738962, 38.410624 ], [ -122.738632, 38.410652 ], [ -122.738534, 38.410661 ], [ -122.738239, 38.410705 ] ] ] } },
{ "type": "Feature", "properties": { "STATEFP20": "06", "COUNTYFP20": "097", "TRACTCE20": "153201", "BLOCKCE20": "1004", "GEOID20": "060971532011004", "GEOIDFQ20": "1000000US060971532011004", "NAME20": "Block1004", "MTFCC20": "G5040", "UR20": "U", "UACE20": "79498", "FUNCSTAT20": "S", "ALAND20": 8839, "AWATER20": 0, "HOUSING20": 12, "POP20": 44, "DISTRICT": "Secondary", "block_of_residence": "060971532011004", "students": 1, "residents": 2, "INTPTLAT20": 38.411031889987925, "INTPTLON20": -122.73819803315081 }, "geometry": { "type": "Polygon", "coordinates": [ [ [ -122.738943, 38.41114 ], [ -122.738841, 38.411171 ], [ -122.738145, 38.411358 ], [ -122.737963, 38.411404 ], [ -122.737587, 38.411502 ], [ -122.737537, 38.411389 ], [ -122.73739, 38.41105 ], [ -122.737341, 38.410938 ], [ -122.737662, 38.410856 ], [ -122.737733, 38.410839 ], [ -122.738239, 38.410705 ], [ -122.738534, 38.410661 ], [ -122.738632, 38.410652 ], [ -122.738962, 38.410624 ], [ -122.738993, 38.411011 ], [ -122.738998, 38.41106 ], [ -122.738991, 38.411098 ], [ -122.738979, 38.411115 ], [ -122.738943, 38.41114 ] ] ] } },
{ "type": "Feature", "properties": { "STATEFP20": "06", "COUNTYFP20": "097", "TRACTCE20": "153201", "BLOCKCE20": "1005", "GEOID20": "060971532011005", "GEOIDFQ20": "1000000US060971532011005", "NAME20": "Block1005", "MTFCC20": "G5040", "UR20": "U", "UACE20": "79498", "FUNCSTAT20": "S", "ALAND20": 13231, "AWATER20": 0, "HOUSING20": 18, "POP20": 55, "DISTRICT": "Secondary", "block_of_residence": "060971532011005", "students": 0, "residents": 3, "INTPTLAT20": 38.409824026985738, "INTPTLON20": -122.73788376427498 }, "geometry": { "type": "Polygon", "coordinates": [ [ [ -122.738239, 38.410098 ], [ -122.737994, 38.410145 ], [ -122.737574, 38.410256 ], [ -122.73746, 38.410288 ], [ -122.737114, 38.41039 ], [ -122.737053, 38.410254 ], [ -122.736951, 38.410024 ], [ -122.736879, 38.409846 ], [ -122.736824, 38.409709 ], [ -122.737212, 38.409606 ], [ -122.737631, 38.409496 ], [ -122.737939, 38.409429 ], [ -122.738194, 38.409389 ], [ -122.738393, 38.409368 ], [ -122.738452, 38.409362 ], [ -122.738795, 38.409341 ], [ -122.73881, 38.409479 ], [ -122.738832, 38.409675 ], [ -122.73886, 38.409894 ], [ -122.738879, 38.410033 ], [ -122.738519, 38.410063 ], [ -122.738482, 38.410067 ], [ -122.738239, 38.410098 ] ] ] } },
{ "type": "Feature", "properties": { "STATEFP20": "06", "COUNTYFP20": "097", "TRACTCE20": "153201", "BLOCKCE20": "1006", "GEOID20": "060971532011006", "GEOIDFQ20": "1000000US060971532011006", "NAME20": "Block1006", "MTFCC20": "G5040", "UR20": "U", "UACE20": "79498", "FUNCSTAT20": "S", "ALAND20": 27665, "AWATER20": 0, "HOUSING20": 40, "POP20": 187, "DISTRICT": "Secondary", "block_of_residence": "060971532011006", "students": 0, "residents": 4, "INTPTLAT20": 38.411719552925526, "INTPTLON20": -122.7359795040681 }, "geometry": { "type": "Polygon", "coordinates": [ [ [ -122.736976, 38.412161 ], [ -122.736815, 38.411785 ], [ -122.736794, 38.411726 ], [ -122.736778, 38.411709 ], [ -122.736754, 38.411694 ], [ -122.736734, 38.411683 ], [ -122.736681, 38.411673 ], [ -122.736654, 38.411675 ], [ -122.736545, 38.411703 ], [ -122.735461, 38.411994 ], [ -122.735353, 38.412021 ], [ -122.735309, 38.412039 ], [ -122.73528, 38.41207 ], [ -122.735273, 38.412089 ], [ -122.735275, 38.412127 ], [ -122.735462, 38.412582 ], [ -122.735322, 38.412618 ], [ -122.734901, 38.412729 ], [ -122.734762, 38.412766 ], [ -122.734568, 38.412334 ], [ -122.734277, 38.411639 ], [ -122.734812, 38.4115 ], [ -122.73527, 38.411368 ], [ -122.735892, 38.411211 ], [ -122.736604, 38.411021 ], [ -122.736727, 38.411007 ], [ -122.736774, 38.411005 ], [ -122.736942, 38.411015 ], [ -122.737045, 38.411012 ], [ -122.737135, 38.410997 ], [ -122.737341, 38.410938 ], [ -122.73739, 38.41105 ], [ -122.737537, 38.411389 ], [ -122.737587, 38.411502 ], [ -122.737623, 38.411596 ], [ -122.737734, 38.411881 ], [ -122.737771, 38.411976 ], [ -122.737612, 38.412013 ], [ -122.737135, 38.412123 ], [ -122.736976, 38.412161 ] ] ] } },
{ "type": "Feature", "properties": { "STATEFP20": "06", "COUNTYFP20": "097", "TRACTCE20": "153201", "BLOCKCE20": "1007", "GEOID20": "060971532011007", "GEOIDFQ20": "1000000US060971532011007", "NAME20": "Block1007", "MTFCC20": "G5040", "UR20": "U", "UACE20": "79498", "FUNCSTAT20": "S", "ALAND20": 8592, "AWATER20": 0, "HOUSING20": 10, "POP20": 38, "DISTRICT": "Secondary", "block_of_residence": "060971532011007", "students": 0, "residents": 0, "INTPTLAT20": 38.412115577333317, "INTPTLON20": -122.73610880635951 }, "geometry": { "type": "Polygon", "coordinates": [ [ [ -122.73618, 38.412392 ], [ -122.735765, 38.412501 ], [ -122.735462, 38.412582 ], [ -122.735275, 38.412127 ], [ -122.735273, 38.412089 ], [ -122.73528, 38.41207 ], [ -122.735309, 38.412039 ], [ -122.735353, 38.412021 ], [ -122.735461, 38.411994 ], [ -122.736545, 38.411703 ], [ -122.736654, 38.411675 ], [ -122.736681, 38.411673 ], [ -122.736734, 38.411683 ], [ -122.736754, 38.411694 ], [ -122.736778, 38.411709 ], [ -122.736794, 38.411726 ], [ -122.736815, 38.411785 ], [ -122.736976, 38.412161 ], [ -122.736675, 38.412253 ], [ -122.736505, 38.412306 ], [ -122.73618, 38.412392 ] ] ] } },
{ "type": "Feature", "properties": { "STATEFP20": "06", "COUNTYFP20": "097", "TRACTCE20": "153201", "BLOCKCE20": "1008", "GEOID20": "060971532011008", "GEOIDFQ20": "1000000US060971532011008", "NAME20": "Block1008", "MTFCC20": "G5040", "UR20": "U", "UACE20": "79498", "FUNCSTAT20": "S", "ALAND20": 23882, "AWATER20": 0, "HOUSING20": 31, "POP20": 128, "DISTRICT": "Secondary", "block_of_residence": "060971532011008", "students": 1, "residents": 5, "INTPTLAT20": 38.410299663294744, "INTPTLON20": -122.73471482791803 }, "geometry": { "type": "Polygon", "coordinates": [ [ [ -122.73516, 38.410933 ], [ -122.735158, 38.411026 ], [ -122.735174, 38.411123 ], [ -122.73527, 38.411368 ], [ -122.734812, 38.4115 ], [ -122.734277, 38.411639 ], [ -122.734236, 38.411547 ], [ -122.734204, 38.411438 ], [ -122.734197, 38.411382 ], [ -122.734187, 38.410322 ], [ -122.734199, 38.41007 ], [ -122.734184, 38.409828 ], [ -122.7342, 38.409708 ], [ -122.734225, 38.409621 ], [ -122.734273, 38.409511 ], [ -122.734308, 38.409379 ], [ -122.734332, 38.409126 ], [ -122.734337, 38.409108 ], [ -122.734412, 38.409094 ], [ -122.734518, 38.40908 ], [ -122.734786, 38.409076 ], [ -122.735305, 38.409071 ], [ -122.735258, 38.409681 ], [ -122.735231, 38.410035 ], [ -122.7352, 38.410574 ], [ -122.73516, 38.410933 ] ] ] } },
{ "type": "Feature", "properties": { "STATEFP20": "06", "COUNTYFP20": "097", "TRACTCE20": "153201", "BLOCKCE20": "1009", "GEOID20": "060971532011009", "GEOIDFQ20": "1000000US060971532011009", "NAME20": "Block1009", "MTFCC20": "G5040", "UR20": "U", "UACE20": "79498", "FUNCSTAT20": "S", "ALAND20": 28807, "AWATER20": 0, "HOUSING20": 42, "POP20": 151, "DISTRICT": "Secondary", "block_of_residence": "060971532011009", "students": 2, "residents": 6, "INTPTLAT20": 38.410208816353332, "INTPTLON20": -122.73618225715644 }, "geometry": { "type": "Polygon", "coordinates": [ [ [ -122.736942, 38.411015 ], [ -122.736774, 38.411005 ], [ -122.736727, 38.411007 ], [ -122.736604, 38.411021 ], [ -122.735892, 38.411211 ], [ -122.73527, 38.411368 ], [ -122.735174, 38.411123 ], [ -122.735158, 38.411026 ], [ -122.73516, 38.410933 ], [ -122.7352, 38.410574 ], [ -122.735483, 38.410579 ], [ -122.735586, 38.410566 ], [ -122.735776, 38.410513 ], [ -122.735897, 38.410484 ], [ -122.736055, 38.410449 ], [ -122.736097, 38.410446 ], [ -122.736133, 38.410428 ], [ -122.736154, 38.410404 ], [ -122.736161, 38.410369 ], [ -122.736147, 38.410337 ], [ -122.736119, 38.410314 ], [ -122.736106, 38.410286 ], [ -122.735993, 38.41003 ], [ -122.735923, 38.409859 ], [ -122.735877, 38.409736 ], [ -122.735849, 38.40971 ], [ -122.735807, 38.409695 ], [ -122.735757, 38.409695 ], [ -122.735733, 38.409703 ], [ -122.735258, 38.409681 ], [ -122.735305, 38.409071 ], [ -122.735882, 38.409055 ], [ -122.736141, 38.409051 ], [ -122.736593, 38.409046 ], [ -122.736615, 38.409185 ], [ -122.736626, 38.40925 ], [ -122.736662, 38.409369 ], [ -122.736763, 38.409581 ], [ -122.736824, 38.409709 ], [ -122.736879, 38.409846 ], [ -122.736951, 38.410024 ], [ -122.737053, 38.410254 ], [ -122.737114, 38.41039 ], [ -122.737159, 38.410499 ], [ -122.737295, 38.410828 ], [ -122.737341, 38.410938 ], [ -122.737135, 38.410997 ], [ -122.737045, 38.411012 ], [ -122.736942, 38.411015 ] ] ] } },
{ "type": "Feature", "properties": { "STATEFP20": "06", "COUNTYFP20": "097", "TRACTCE20": "153201", "BLOCKCE20": "1010", "GEOID20": "060971532011010", "GEOIDFQ20": "1000000US060971532011010", "NAME20": "Block1010", "MTFCC20": "G5040", "UR20": "U", "UACE20": "79498", "FUNCSTAT20": "S", "ALAND20": 6451, "AWATER20": 0, "HOUSING20": 5, "POP20": 27, "DISTRICT": "Secondary", "block_of_residence": "060971532011010", "students": 0, "residents": 0, "INTPTLAT20": 38.410145569181175, "INTPTLON20": -122.73561328123262 }, "geometry": { "type": "Polygon", "coordinates": [ [ [ -122.736055, 38.410449 ], [ -122.735897, 38.410484 ], [ -122.735776, 38.410513 ], [ -122.735586, 38.410566 ], [ -122.735483, 38.410579 ], [ -122.7352, 38.410574 ], [ -122.735231, 38.410035 ], [ -122.735258, 38.409681 ], [ -122.735733, 38.409703 ], [ -122.735757, 38.409695 ], [ -122.735807, 38.409695 ], [ -122.735849, 38.40971 ], [ -122.735877, 38.409736 ], [ -122.735923, 38.409859 ], [ -122.735993, 38.41003 ], [ -122.736106, 38.410286 ], [ -122.736119, 38.410314 ], [ -122.736147, 38.410337 ], [ -122.736161, 38.410369 ], [ -122.736154, 38.410404 ], [ -122.736133, 38.410428 ], [ -122.736097, 38.410446 ], [ -122.736055, 38.410449 ] ] ] } },
{ "type": "Feature", "properties": { "STATEFP20": "06", "COUNTYFP20": "097", "TRACTCE20": "153201", "BLOCKCE20": "1011", "GEOID20": "060971532011011", "GEOIDFQ20": "1000000US060971532011011", "NAME20": "Block1011", "MTFCC20": "G5040", "UR20": "U", "UACE20": "79498", "FUNCSTAT20": "S", "ALAND20": 20959, "AWATER20": 0, "HOUSING20": 28, "POP20": 95, "DISTRICT": "Secondary", "block_of_residence": "060971532011011", "students": 3, "residents": 4, "INTPTLAT20": 38.408495633753056, "INTPTLON20": -122.73540093489828 }, "geometry": { "type": "Polygon", "coordinates": [ [ [ -122.736593, 38.409046 ], [ -122.736141, 38.409051 ], [ -122.735882, 38.409055 ], [ -122.735305, 38.409071 ], [ -122.734786, 38.409076 ], [ -122.734518, 38.40908 ], [ -122.734412, 38.409094 ], [ -122.734337, 38.409108 ], [ -122.734291, 38.408987 ], [ -122.734189, 38.408714 ], [ -122.734178, 38.408618 ], [ -122.734176, 38.408598 ], [ -122.734176, 38.40849 ], [ -122.734519, 38.40849 ], [ -122.734866, 38.408492 ], [ -122.734904, 38.4085 ], [ -122.734938, 38.408496 ], [ -122.734959, 38.408487 ], [ -122.734986, 38.408464 ], [ -122.734997, 38.408432 ], [ -122.73499, 38.408401 ], [ -122.734981, 38.408174 ], [ -122.73498, 38.407913 ], [ -122.73498, 38.40757 ], [ -122.735156, 38.407568 ], [ -122.735659, 38.407563 ], [ -122.735686, 38.407563 ], [ -122.735863, 38.407564 ], [ -122.735863, 38.407902 ], [ -122.735864, 38.408111 ], [ -122.735858, 38.408402 ], [ -122.735848, 38.408437 ], [ -122.735858, 38.408473 ], [ -122.735885, 38.408502 ], [ -122.735906, 38.408513 ], [ -122.735947, 38.408523 ], [ -122.736282, 38.408515 ], [ -122.736367, 38.408514 ], [ -122.736525, 38.408516 ], [ -122.73662, 38.408507 ], [ -122.736613, 38.408525 ], [ -122.736609, 38.408613 ], [ -122.736597, 38.408937 ], [ -122.736593, 38.409046 ] ] ] } },
{ "type": "Feature", "properties": { "STATEFP20": "06", "COUNTYFP20": "097", "TRACTCE20": "153201", "BLOCKCE20": "1012", "GEOID20": "060971532011012", "GEOIDFQ20": "1000000US060971532011012", "NAME20": "Block1012", "MTFCC20": "G5040", "UR20": "U", "UACE20": "79498", "FUNCSTAT20": "S", "ALAND20": 32486, "AWATER20": 0, "HOUSING20": 44, "POP20": 135, "DISTRICT": "Secondary", "block_of_residence": "060971532011012", "students": 3, "residents": 6, "INTPTLAT20": 38.40888708688982, "INTPTLON20": -122.73326947357654 }, "geometry": { "type": "Polygon", "coordinates": [ [ [ -122.734225, 38.409621 ], [ -122.7342, 38.409708 ], [ -122.734184, 38.409828 ], [ -122.734199, 38.41007 ], [ -122.734187, 38.410322 ], [ -122.734001, 38.410313 ], [ -122.733443, 38.410286 ], [ -122.733257, 38.410278 ], [ -122.733261, 38.410042 ], [ -122.733252, 38.409334 ], [ -122.73325, 38.409098 ], [ -122.733045, 38.409098 ], [ -122.732652, 38.409099 ], [ -122.732433, 38.409103 ], [ -122.732229, 38.409107 ], [ -122.732231, 38.409006 ], [ -122.732227, 38.408793 ], [ -122.732223, 38.408562 ], [ -122.732224, 38.407851 ], [ -122.732225, 38.407538 ], [ -122.7328, 38.407534 ], [ -122.733156, 38.407532 ], [ -122.733191, 38.407544 ], [ -122.733223, 38.407572 ], [ -122.733231, 38.407589 ], [ -122.733232, 38.407624 ], [ -122.733223, 38.407644 ], [ -122.73321, 38.408371 ], [ -122.733199, 38.408405 ], [ -122.733206, 38.408441 ], [ -122.733228, 38.40847 ], [ -122.733268, 38.408492 ], [ -122.733314, 38.408498 ], [ -122.733351, 38.408493 ], [ -122.7336, 38.40849 ], [ -122.73374, 38.408489 ], [ -122.734176, 38.40849 ], [ -122.734176, 38.408598 ], [ -122.734178, 38.408618 ], [ -122.734189, 38.408714 ], [ -122.734291, 38.408987 ], [ -122.734337, 38.409108 ], [ -122.734332, 38.409126 ], [ -122.734308, 38.409379 ], [ -122.734273, 38.409511 ], [ -122.734225, 38.409621 ] ] ] } },
{ "type": "Feature", "properties": { "STATEFP20": "06", "COUNTYFP20": "097", "TRACTCE20": "153201", "BLOCKCE20": "1013", "GEOID20": "060971532011013", "GEOIDFQ20": "1000000US060971532011013", "NAME20": "Block1013", "MTFCC20": "G5040", "UR20": "U", "UACE20": "79498", "FUNCSTAT20": "S", "ALAND20": 12416, "AWATER20": 0, "HOUSING20": 16, "POP20": 85, "DISTRICT": "Secondary", "block_of_residence": "060971532011013", "students": 1, "residents": 3, "INTPTLAT20": 38.409685865058385, "INTPTLON20": -122.73270453293824 }, "geometry": { "type": "Polygon", "coordinates": [ [ [ -122.732132, 38.410228 ], [ -122.73212, 38.409872 ], [ -122.732119, 38.409526 ], [ -122.732138, 38.40944 ], [ -122.7322, 38.409285 ], [ -122.732227, 38.409165 ], [ -122.732229, 38.409107 ], [ -122.732433, 38.409103 ], [ -122.732652, 38.409099 ], [ -122.733045, 38.409098 ], [ -122.73325, 38.409098 ], [ -122.733252, 38.409334 ], [ -122.733261, 38.410042 ], [ -122.733257, 38.410278 ], [ -122.733031, 38.410268 ], [ -122.732356, 38.410238 ], [ -122.732132, 38.410228 ] ] ] } },
{ "type": "Feature", "properties": { "STATEFP20": "06", "COUNTYFP20": "097", "TRACTCE20": "153201", "BLOCKCE20": "1014", "GEOID20": "060971532011014", "GEOIDFQ20": "1000000US060971532011014", "NAME20": "Block1014", "MTFCC20": "G5040", "UR20": "U", "UACE20": "79498", "FUNCSTAT20": "S", "ALAND20": 20723, "AWATER20": 0, "HOUSING20": 31, "POP20": 101, "DISTRICT": "Secondary", "block_of_residence": "060971532011014", "students": 3, "residents": 5, "INTPTLAT20": 38.409709134113804, "INTPTLON20": -122.73061377190645 }, "geometry": { "type": "Polygon", "coordinates": [ [ [ -122.731764, 38.410201 ], [ -122.731635, 38.410162 ], [ -122.731474, 38.410105 ], [ -122.73135, 38.410073 ], [ -122.731092, 38.410052 ], [ -122.730775, 38.410073 ], [ -122.730476, 38.410089 ], [ -122.73018, 38.410084 ], [ -122.729326, 38.410108 ], [ -122.72933, 38.409806 ], [ -122.729339, 38.409363 ], [ -122.729365, 38.40908 ], [ -122.729716, 38.409078 ], [ -122.730163, 38.40908 ], [ -122.730163, 38.409155 ], [ -122.730163, 38.409201 ], [ -122.730164, 38.409247 ], [ -122.730167, 38.409292 ], [ -122.730167, 38.409348 ], [ -122.730168, 38.409405 ], [ -122.730168, 38.409447 ], [ -122.73053, 38.409452 ], [ -122.730799, 38.409458 ], [ -122.730872, 38.409449 ], [ -122.730928, 38.409431 ], [ -122.731027, 38.409431 ], [ -122.731326, 38.409431 ], [ -122.731487, 38.409436 ], [ -122.731646, 38.409452 ], [ -122.731802, 38.40946 ], [ -122.731982, 38.409495 ], [ -122.732119, 38.409526 ], [ -122.73212, 38.409872 ], [ -122.732132, 38.410228 ], [ -122.732009, 38.410232 ], [ -122.731898, 38.410224 ], [ -122.731764, 38.410201 ] ] ] } },
{ "type": "Feature", "properties": { "STATEFP20": "06", "COUNTYFP20": "097", "TRACTCE20": "153201", "BLOCKCE20": "1015", "GEOID20": "060971532011015", "GEOIDFQ20": "1000000US060971532011015", "NAME20": "Block1015", "MTFCC20": "G5040", "UR20": "U", "UACE20": "79498", "FUNCSTAT20": "S", "ALAND20": 261584, "AWATER20": 0, "HOUSING20": 30, "POP20": 104, "DISTRICT": "Secondary", "block_of_residence": "060971532011015", "students": 19, "residents": 33, "INTPTLAT20": 38.405351221905661, "INTPTLON20": -122.73125932267003 }, "geometry": { "type": "Polygon", "coordinates": [ [ [ -122.733263, 38.407106 ], [ -122.733126, 38.407109 ], [ -122.732789, 38.407117 ], [ -122.73223, 38.407121 ], [ -122.732225, 38.407538 ], [ -122.732224, 38.407851 ], [ -122.732223, 38.408562 ], [ -122.732227, 38.408793 ], [ -122.732231, 38.409006 ], [ -122.732229, 38.409107 ], [ -122.732227, 38.409165 ], [ -122.7322, 38.409285 ], [ -122.732138, 38.40944 ], [ -122.732119, 38.409526 ], [ -122.731982, 38.409495 ], [ -122.731802, 38.40946 ], [ -122.731646, 38.409452 ], [ -122.731487, 38.409436 ], [ -122.731326, 38.409431 ], [ -122.731027, 38.409431 ], [ -122.730928, 38.409431 ], [ -122.730872, 38.409449 ], [ -122.730799, 38.409458 ], [ -122.73053, 38.409452 ], [ -122.730168, 38.409447 ], [ -122.730168, 38.409405 ], [ -122.730167, 38.409348 ], [ -122.730167, 38.409292 ], [ -122.730164, 38.409247 ], [ -122.730163, 38.409201 ], [ -122.730163, 38.409155 ], [ -122.730163, 38.40908 ], [ -122.729716, 38.409078 ], [ -122.729365, 38.40908 ], [ -122.729399, 38.408843 ], [ -122.729403, 38.408787 ], [ -122.72942, 38.40861 ], [ -122.729425, 38.408298 ], [ -122.729424, 38.407904 ], [ -122.729424, 38.40761 ], [ -122.729419, 38.406499 ], [ -122.729419, 38.40632 ], [ -122.729419, 38.406051 ], [ -122.729424, 38.404758 ], [ -122.729422, 38.403686 ], [ -122.729419, 38.403166 ], [ -122.729418, 38.402725 ], [ -122.729421, 38.40217 ], [ -122.72942, 38.402103 ], [ -122.729419, 38.402056 ], [ -122.729418, 38.402033 ], [ -122.729418, 38.40201 ], [ -122.729424, 38.401872 ], [ -122.729426, 38.401827 ], [ -122.72957, 38.401826 ], [ -122.730003, 38.401823 ], [ -122.730148, 38.401823 ], [ -122.730441, 38.401822 ], [ -122.73132, 38.401822 ], [ -122.731614, 38.401822 ], [ -122.731766, 38.401823 ], [ -122.73196, 38.401831 ], [ -122.732774, 38.401869 ], [ -122.732999, 38.401873 ], [ -122.733346, 38.40188 ], [ -122.733346, 38.401911 ], [ -122.733347, 38.401994 ], [ -122.733347, 38.402004 ], [ -122.733348, 38.402036 ], [ -122.733348, 38.402054 ], [ -122.733347, 38.402101 ], [ -122.733336, 38.402768 ], [ -122.733341, 38.403219 ], [ -122.733339, 38.403349 ], [ -122.733337, 38.403604 ], [ -122.733348, 38.404414 ], [ -122.733342, 38.406713 ], [ -122.733354, 38.407003 ], [ -122.733347, 38.407041 ], [ -122.733321, 38.407077 ], [ -122.733285, 38.407099 ], [ -122.733263, 38.407106 ] ] ] } },
{ "type": "Feature", "properties": { "STATEFP20": "06", "COUNTYFP20": "097", "TRACTCE20": "153201", "BLOCKCE20": "1016", "GEOID20": "060971532011016", "GEOIDFQ20": "1000000US060971532011016", "NAME20": "Block1016", "MTFCC20": "G5040", "UR20": "U", "UACE20": "79498", "FUNCSTAT20": "S", "ALAND20": 409875, "AWATER20": 0, "HOUSING20": 129, "POP20": 455, "DISTRICT": "Secondary", "block_of_residence": "060971532011016", "students": 181, "residents": 32, "INTPTLAT20": 38.404582138189731, "INTPTLON20": -122.73702262847726 }, "geometry": { "type": "Polygon", "coordinates": [ [ [ -122.741457, 38.404237 ], [ -122.741458, 38.404442 ], [ -122.741459, 38.404606 ], [ -122.741457, 38.404753 ], [ -122.741451, 38.405194 ], [ -122.741449, 38.405341 ], [ -122.741441, 38.405674 ], [ -122.741441, 38.405712 ], [ -122.74141, 38.406084 ], [ -122.741383, 38.406543 ], [ -122.741379, 38.406671 ], [ -122.741375, 38.406832 ], [ -122.741379, 38.407005 ], [ -122.741379, 38.40703 ], [ -122.741381, 38.407106 ], [ -122.741382, 38.407132 ], [ -122.741203, 38.407123 ], [ -122.740992, 38.407127 ], [ -122.740786, 38.407152 ], [ -122.740113, 38.407143 ], [ -122.740118, 38.406902 ], [ -122.74009, 38.406499 ], [ -122.740393, 38.406495 ], [ -122.740685, 38.406494 ], [ -122.740708, 38.406497 ], [ -122.740749, 38.406503 ], [ -122.740794, 38.406492 ], [ -122.740825, 38.406466 ], [ -122.740837, 38.406434 ], [ -122.740824, 38.406383 ], [ -122.740832, 38.406043 ], [ -122.740855, 38.405771 ], [ -122.740861, 38.405739 ], [ -122.740846, 38.405709 ], [ -122.740815, 38.405687 ], [ -122.740777, 38.40568 ], [ -122.740742, 38.405685 ], [ -122.74028, 38.405691 ], [ -122.740069, 38.40569 ], [ -122.739314, 38.405695 ], [ -122.739158, 38.405695 ], [ -122.738693, 38.405696 ], [ -122.738538, 38.405697 ], [ -122.738264, 38.405694 ], [ -122.737444, 38.405688 ], [ -122.737319, 38.405688 ], [ -122.73728, 38.405678 ], [ -122.737236, 38.405681 ], [ -122.737199, 38.405698 ], [ -122.737182, 38.405713 ], [ -122.73717, 38.40573 ], [ -122.737163, 38.405751 ], [ -122.737168, 38.405785 ], [ -122.73717, 38.405824 ], [ -122.737188, 38.406175 ], [ -122.737194, 38.406292 ], [ -122.73719, 38.406412 ], [ -122.73718, 38.40676 ], [ -122.737175, 38.406771 ], [ -122.737158, 38.406814 ], [ -122.737164, 38.40685 ], [ -122.737187, 38.40688 ], [ -122.737205, 38.406892 ], [ -122.73724, 38.406905 ], [ -122.73728, 38.406907 ], [ -122.737323, 38.406896 ], [ -122.737456, 38.406894 ], [ -122.738288, 38.406886 ], [ -122.738344, 38.406886 ], [ -122.738566, 38.406887 ], [ -122.738567, 38.407005 ], [ -122.738573, 38.40736 ], [ -122.738575, 38.407479 ], [ -122.738428, 38.407481 ], [ -122.737988, 38.407488 ], [ -122.737842, 38.407491 ], [ -122.737491, 38.407487 ], [ -122.737218, 38.407485 ], [ -122.73718, 38.407479 ], [ -122.737138, 38.407485 ], [ -122.737102, 38.407505 ], [ -122.737079, 38.407536 ], [ -122.737076, 38.407572 ], [ -122.73709, 38.407602 ], [ -122.737106, 38.408148 ], [ -122.737117, 38.408498 ], [ -122.737017, 38.408497 ], [ -122.736717, 38.408497 ], [ -122.736642, 38.408497 ], [ -122.73662, 38.408507 ], [ -122.736623, 38.408425 ], [ -122.736604, 38.40834 ], [ -122.736604, 38.408323 ], [ -122.736605, 38.407972 ], [ -122.736611, 38.407766 ], [ -122.736616, 38.407625 ], [ -122.736606, 38.407603 ], [ -122.736593, 38.407588 ], [ -122.73657, 38.407571 ], [ -122.736524, 38.407558 ], [ -122.73648, 38.407562 ], [ -122.736453, 38.407562 ], [ -122.73601, 38.407563 ], [ -122.735863, 38.407564 ], [ -122.735686, 38.407563 ], [ -122.735659, 38.407563 ], [ -122.735156, 38.407568 ], [ -122.73498, 38.40757 ], [ -122.734817, 38.407568 ], [ -122.734331, 38.407563 ], [ -122.7343, 38.407553 ], [ -122.734253, 38.407553 ], [ -122.734213, 38.407566 ], [ -122.734182, 38.407592 ], [ -122.734168, 38.407619 ], [ -122.734169, 38.407768 ], [ -122.734174, 38.408309 ], [ -122.734176, 38.40849 ], [ -122.73374, 38.408489 ], [ -122.7336, 38.40849 ], [ -122.733351, 38.408493 ], [ -122.733314, 38.408498 ], [ -122.733268, 38.408492 ], [ -122.733228, 38.40847 ], [ -122.733206, 38.408441 ], [ -122.733199, 38.408405 ], [ -122.73321, 38.408371 ], [ -122.733223, 38.407644 ], [ -122.733232, 38.407624 ], [ -122.733231, 38.407589 ], [ -122.733223, 38.407572 ], [ -122.733191, 38.407544 ], [ -122.733156, 38.407532 ], [ -122.7328, 38.407534 ], [ -122.732225, 38.407538 ], [ -122.73223, 38.407121 ], [ -122.732789, 38.407117 ], [ -122.733126, 38.407109 ], [ -122.733263, 38.407106 ], [ -122.733285, 38.407099 ], [ -122.733321, 38.407077 ], [ -122.733347, 38.407041 ], [ -122.733354, 38.407003 ], [ -122.733342, 38.406713 ], [ -122.733348, 38.404414 ], [ -122.733337, 38.403604 ], [ -122.733339, 38.403349 ], [ -122.733341, 38.403219 ], [ -122.733336, 38.402768 ], [ -122.733347, 38.402101 ], [ -122.733348, 38.402054 ], [ -122.733348, 38.402036 ], [ -122.733347, 38.402004 ], [ -122.733347, 38.401994 ], [ -122.733346, 38.401911 ], [ -122.733346, 38.40188 ], [ -122.733612, 38.401878 ], [ -122.734413, 38.401874 ], [ -122.734681, 38.401873 ], [ -122.734938, 38.401872 ], [ -122.735709, 38.401872 ], [ -122.735874, 38.401872 ], [ -122.735967, 38.401874 ], [ -122.736076, 38.401878 ], [ -122.736185, 38.401881 ], [ -122.736721, 38.401842 ], [ -122.736832, 38.401834 ], [ -122.737061, 38.401833 ], [ -122.737546, 38.401832 ], [ -122.740175, 38.40183 ], [ -122.74035, 38.401831 ], [ -122.740547, 38.401833 ], [ -122.741243, 38.40183 ], [ -122.741447, 38.401823 ], [ -122.741445, 38.402157 ], [ -122.741445, 38.40237 ], [ -122.74145, 38.403162 ], [ -122.741451, 38.403302 ], [ -122.741457, 38.403497 ], [ -122.741458, 38.403555 ], [ -122.741462, 38.403664 ], [ -122.741461, 38.403732 ], [ -122.741461, 38.403791 ], [ -122.741459, 38.403953 ], [ -122.741457, 38.404237 ] ] ] } },
{ "type": "Feature", "properties": { "STATEFP20": "06", "COUNTYFP20": "097", "TRACTCE20": "153201", "BLOCKCE20": "1017", "GEOID20": "060971532011017", "GEOIDFQ20": "1000000US060971532011017", "NAME20": "Block1017", "MTFCC20": "G5040", "UR20": "U", "UACE20": "79498", "FUNCSTAT20": "S", "ALAND20": 12998, "AWATER20": 0, "HOUSING20": 14, "POP20": 50, "DISTRICT": "Secondary", "block_of_residence": "060971532011017", "students": 1, "residents": 2, "INTPTLAT20": 38.407660501527353, "INTPTLON20": -122.74077745783674 }, "geometry": { "type": "Polygon", "coordinates": [ [ [ -122.740521, 38.408186 ], [ -122.740385, 38.408206 ], [ -122.740269, 38.408237 ], [ -122.740204, 38.408122 ], [ -122.740158, 38.40801 ], [ -122.740131, 38.407872 ], [ -122.740113, 38.407143 ], [ -122.740786, 38.407152 ], [ -122.740992, 38.407127 ], [ -122.741203, 38.407123 ], [ -122.741382, 38.407132 ], [ -122.741384, 38.407152 ], [ -122.74139, 38.407215 ], [ -122.741392, 38.407236 ], [ -122.741406, 38.407379 ], [ -122.741407, 38.407402 ], [ -122.741428, 38.407716 ], [ -122.741435, 38.407903 ], [ -122.74144, 38.408021 ], [ -122.741441, 38.408071 ], [ -122.741441, 38.408081 ], [ -122.741441, 38.408112 ], [ -122.741442, 38.408123 ], [ -122.741442, 38.408162 ], [ -122.741443, 38.408172 ], [ -122.741018, 38.408176 ], [ -122.740646, 38.408181 ], [ -122.740521, 38.408186 ] ] ] } },
{ "type": "Feature", "properties": { "STATEFP20": "06", "COUNTYFP20": "097", "TRACTCE20": "153201", "BLOCKCE20": "1018", "GEOID20": "060971532011018", "GEOIDFQ20": "1000000US060971532011018", "NAME20": "Block1018", "MTFCC20": "G5040", "UR20": "U", "UACE20": "79498", "FUNCSTAT20": "S", "ALAND20": 5934, "AWATER20": 0, "HOUSING20": 10, "POP20": 30, "DISTRICT": "Secondary", "block_of_residence": "060971532011018", "students": 0, "residents": 0, "INTPTLAT20": 38.406087324668469, "INTPTLON20": -122.74045669450615 }, "geometry": { "type": "Polygon", "coordinates": [ [ [ -122.740837, 38.406434 ], [ -122.740825, 38.406466 ], [ -122.740794, 38.406492 ], [ -122.740749, 38.406503 ], [ -122.740708, 38.406497 ], [ -122.740685, 38.406494 ], [ -122.740393, 38.406495 ], [ -122.74009, 38.406499 ], [ -122.740074, 38.406042 ], [ -122.740069, 38.40569 ], [ -122.74028, 38.405691 ], [ -122.740742, 38.405685 ], [ -122.740777, 38.40568 ], [ -122.740815, 38.405687 ], [ -122.740846, 38.405709 ], [ -122.740861, 38.405739 ], [ -122.740855, 38.405771 ], [ -122.740832, 38.406043 ], [ -122.740824, 38.406383 ], [ -122.740837, 38.406434 ] ] ] } },
{ "type": "Feature", "properties": { "STATEFP20": "06", "COUNTYFP20": "097", "TRACTCE20": "153201", "BLOCKCE20": "1019", "GEOID20": "060971532011019", "GEOIDFQ20": "1000000US060971532011019", "NAME20": "Block1019", "MTFCC20": "G5040", "UR20": "U", "UACE20": "79498", "FUNCSTAT20": "S", "ALAND20": 21039, "AWATER20": 0, "HOUSING20": 40, "POP20": 136, "DISTRICT": "Secondary", "block_of_residence": "060971532011019", "students": 1, "residents": 2, "INTPTLAT20": 38.407088009250273, "INTPTLON20": -122.73895134089288 }, "geometry": { "type": "Polygon", "coordinates": [ [ [ -122.738599, 38.408485 ], [ -122.738589, 38.408286 ], [ -122.738583, 38.40774 ], [ -122.738581, 38.40768 ], [ -122.738575, 38.407479 ], [ -122.738573, 38.40736 ], [ -122.738567, 38.407005 ], [ -122.738566, 38.406887 ], [ -122.738564, 38.406816 ], [ -122.738535, 38.406643 ], [ -122.738534, 38.406605 ], [ -122.738534, 38.406534 ], [ -122.738533, 38.406485 ], [ -122.738531, 38.406339 ], [ -122.738531, 38.406291 ], [ -122.738532, 38.406172 ], [ -122.738536, 38.405815 ], [ -122.738538, 38.405697 ], [ -122.738693, 38.405696 ], [ -122.739158, 38.405695 ], [ -122.739314, 38.405695 ], [ -122.739309, 38.405952 ], [ -122.739309, 38.406252 ], [ -122.739309, 38.406574 ], [ -122.739344, 38.406798 ], [ -122.739362, 38.407148 ], [ -122.739354, 38.407648 ], [ -122.739359, 38.40792 ], [ -122.739364, 38.408181 ], [ -122.739375, 38.408477 ], [ -122.739219, 38.408478 ], [ -122.738754, 38.408483 ], [ -122.738599, 38.408485 ] ] ] } },
{ "type": "Feature", "properties": { "STATEFP20": "06", "COUNTYFP20": "097", "TRACTCE20": "153201", "BLOCKCE20": "1020", "GEOID20": "060971532011020", "GEOIDFQ20": "1000000US060971532011020", "NAME20": "Block1020", "MTFCC20": "G5040", "UR20": "U", "UACE20": "79498", "FUNCSTAT20": "S", "ALAND20": 7898, "AWATER20": 0, "HOUSING20": 15, "POP20": 41, "DISTRICT": "Secondary", "block_of_residence": "060971532011020", "students": 1, "residents": 1, "INTPTLAT20": 38.406593292319947, "INTPTLON20": -122.73785981306078 }, "geometry": { "type": "Polygon", "coordinates": [ [ [ -122.737456, 38.406894 ], [ -122.737323, 38.406896 ], [ -122.73728, 38.406907 ], [ -122.73724, 38.406905 ], [ -122.737205, 38.406892 ], [ -122.737187, 38.40688 ], [ -122.737164, 38.40685 ], [ -122.737158, 38.406814 ], [ -122.737175, 38.406771 ], [ -122.73718, 38.40676 ], [ -122.73719, 38.406412 ], [ -122.737194, 38.406292 ], [ -122.737461, 38.406291 ], [ -122.738263, 38.406291 ], [ -122.738531, 38.406291 ], [ -122.738531, 38.406339 ], [ -122.738533, 38.406485 ], [ -122.738534, 38.406534 ], [ -122.738534, 38.406605 ], [ -122.738535, 38.406643 ], [ -122.738564, 38.406816 ], [ -122.738566, 38.406887 ], [ -122.738344, 38.406886 ], [ -122.738288, 38.406886 ], [ -122.737456, 38.406894 ] ] ] } },
{ "type": "Feature", "properties": { "STATEFP20": "06", "COUNTYFP20": "097", "TRACTCE20": "153201", "BLOCKCE20": "1021", "GEOID20": "060971532011021", "GEOIDFQ20": "1000000US060971532011021", "NAME20": "Block1021", "MTFCC20": "G5040", "UR20": "U", "UACE20": "79498", "FUNCSTAT20": "S", "ALAND20": 7213, "AWATER20": 0, "HOUSING20": 12, "POP20": 38, "DISTRICT": "Secondary", "block_of_residence": "060971532011021", "students": 0, "residents": 0, "INTPTLAT20": 38.407987296496714, "INTPTLON20": -122.7382154920225 }, "geometry": { "type": "Polygon", "coordinates": [ [ [ -122.737852, 38.408492 ], [ -122.737848, 38.408291 ], [ -122.737842, 38.407964 ], [ -122.737842, 38.407691 ], [ -122.737842, 38.407491 ], [ -122.737988, 38.407488 ], [ -122.738428, 38.407481 ], [ -122.738575, 38.407479 ], [ -122.738581, 38.40768 ], [ -122.738583, 38.40774 ], [ -122.738589, 38.408286 ], [ -122.738599, 38.408485 ], [ -122.738449, 38.408486 ], [ -122.738001, 38.40849 ], [ -122.737852, 38.408492 ] ] ] } },
{ "type": "Feature", "properties": { "STATEFP20": "06", "COUNTYFP20": "097", "TRACTCE20": "153201", "BLOCKCE20": "1022", "GEOID20": "060971532011022", "GEOIDFQ20": "1000000US060971532011022", "NAME20": "Block1022", "MTFCC20": "G5040", "UR20": "U", "UACE20": "79498", "FUNCSTAT20": "S", "ALAND20": 7880, "AWATER20": 0, "HOUSING20": 14, "POP20": 66, "DISTRICT": "Secondary", "block_of_residence": "060971532011022", "students": 2, "residents": 2, "INTPTLAT20": 38.40598992552966, "INTPTLON20": -122.73785478497594 }, "geometry": { "type": "Polygon", "coordinates": [ [ [ -122.738263, 38.406291 ], [ -122.737461, 38.406291 ], [ -122.737194, 38.406292 ], [ -122.737188, 38.406175 ], [ -122.73717, 38.405824 ], [ -122.737168, 38.405785 ], [ -122.737163, 38.405751 ], [ -122.73717, 38.40573 ], [ -122.737182, 38.405713 ], [ -122.737199, 38.405698 ], [ -122.737236, 38.405681 ], [ -122.73728, 38.405678 ], [ -122.737319, 38.405688 ], [ -122.737444, 38.405688 ], [ -122.738264, 38.405694 ], [ -122.738538, 38.405697 ], [ -122.738536, 38.405815 ], [ -122.738532, 38.406172 ], [ -122.738531, 38.406291 ], [ -122.738263, 38.406291 ] ] ] } },
{ "type": "Feature", "properties": { "STATEFP20": "06", "COUNTYFP20": "097", "TRACTCE20": "153201", "BLOCKCE20": "1023", "GEOID20": "060971532011023", "GEOIDFQ20": "1000000US060971532011023", "NAME20": "Block1023", "MTFCC20": "G5040", "UR20": "U", "UACE20": "79498", "FUNCSTAT20": "S", "ALAND20": 7269, "AWATER20": 0, "HOUSING20": 11, "POP20": 40, "DISTRICT": "Secondary", "block_of_residence": "060971532011023", "students": 0, "residents": 0, "INTPTLAT20": 38.408028545282598, "INTPTLON20": -122.73457682527422 }, "geometry": { "type": "Polygon", "coordinates": [ [ [ -122.734938, 38.408496 ], [ -122.734904, 38.4085 ], [ -122.734866, 38.408492 ], [ -122.734519, 38.40849 ], [ -122.734176, 38.40849 ], [ -122.734174, 38.408309 ], [ -122.734169, 38.407768 ], [ -122.734168, 38.407619 ], [ -122.734182, 38.407592 ], [ -122.734213, 38.407566 ], [ -122.734253, 38.407553 ], [ -122.7343, 38.407553 ], [ -122.734331, 38.407563 ], [ -122.734817, 38.407568 ], [ -122.73498, 38.40757 ], [ -122.73498, 38.407913 ], [ -122.734981, 38.408174 ], [ -122.73499, 38.408401 ], [ -122.734997, 38.408432 ], [ -122.734986, 38.408464 ], [ -122.734959, 38.408487 ], [ -122.734938, 38.408496 ] ] ] } },
{ "type": "Feature", "properties": { "STATEFP20": "06", "COUNTYFP20": "097", "TRACTCE20": "153201", "BLOCKCE20": "1024", "GEOID20": "060971532011024", "GEOIDFQ20": "1000000US060971532011024", "NAME20": "Block1024", "MTFCC20": "G5040", "UR20": "U", "UACE20": "79498", "FUNCSTAT20": "S", "ALAND20": 7258, "AWATER20": 0, "HOUSING20": 12, "POP20": 55, "DISTRICT": "Secondary", "block_of_residence": "060971532011024", "students": 1, "residents": 3, "INTPTLAT20": 38.407988648588898, "INTPTLON20": -122.73747223957166 }, "geometry": { "type": "Polygon", "coordinates": [ [ [ -122.737117, 38.408498 ], [ -122.737106, 38.408148 ], [ -122.73709, 38.407602 ], [ -122.737076, 38.407572 ], [ -122.737079, 38.407536 ], [ -122.737102, 38.407505 ], [ -122.737138, 38.407485 ], [ -122.73718, 38.407479 ], [ -122.737218, 38.407485 ], [ -122.737491, 38.407487 ], [ -122.737842, 38.407491 ], [ -122.737842, 38.407691 ], [ -122.737842, 38.407964 ], [ -122.737848, 38.408291 ], [ -122.737852, 38.408492 ], [ -122.737704, 38.408493 ], [ -122.737263, 38.408496 ], [ -122.737117, 38.408498 ] ] ] } },
{ "type": "Feature", "properties": { "STATEFP20": "06", "COUNTYFP20": "097", "TRACTCE20": "153201", "BLOCKCE20": "1025", "GEOID20": "060971532011025", "GEOIDFQ20": "1000000US060971532011025", "NAME20": "Block1025", "MTFCC20": "G5040", "UR20": "U", "UACE20": "79498", "FUNCSTAT20": "S", "ALAND20": 10827, "AWATER20": 0, "HOUSING20": 22, "POP20": 73, "DISTRICT": "Secondary", "block_of_residence": "060971532011025", "students": 0, "residents": 1, "INTPTLAT20": 38.40641965972884, "INTPTLON20": -122.73970688886968 }, "geometry": { "type": "Polygon", "coordinates": [ [ [ -122.739309, 38.406574 ], [ -122.739309, 38.406252 ], [ -122.739309, 38.405952 ], [ -122.739314, 38.405695 ], [ -122.740069, 38.40569 ], [ -122.740074, 38.406042 ], [ -122.74009, 38.406499 ], [ -122.740118, 38.406902 ], [ -122.740113, 38.407143 ], [ -122.739362, 38.407148 ], [ -122.739344, 38.406798 ], [ -122.739309, 38.406574 ] ] ] } },
{ "type": "Feature", "properties": { "STATEFP20": "06", "COUNTYFP20": "097", "TRACTCE20": "153201", "BLOCKCE20": "1026", "GEOID20": "060971532011026", "GEOIDFQ20": "1000000US060971532011026", "NAME20": "Block1026", "MTFCC20": "G5040", "UR20": "U", "UACE20": "79498", "FUNCSTAT20": "S", "ALAND20": 6897, "AWATER20": 0, "HOUSING20": 10, "POP20": 21, "DISTRICT": "Secondary", "block_of_residence": "060971532011026", "students": 0, "residents": 0, "INTPTLAT20": 38.408040614453199, "INTPTLON20": -122.73623496249965 }, "geometry": { "type": "Polygon", "coordinates": [ [ [ -122.736282, 38.408515 ], [ -122.735947, 38.408523 ], [ -122.735906, 38.408513 ], [ -122.735885, 38.408502 ], [ -122.735858, 38.408473 ], [ -122.735848, 38.408437 ], [ -122.735858, 38.408402 ], [ -122.735864, 38.408111 ], [ -122.735863, 38.407902 ], [ -122.735863, 38.407564 ], [ -122.73601, 38.407563 ], [ -122.736453, 38.407562 ], [ -122.73648, 38.407562 ], [ -122.736524, 38.407558 ], [ -122.73657, 38.407571 ], [ -122.736593, 38.407588 ], [ -122.736606, 38.407603 ], [ -122.736616, 38.407625 ], [ -122.736611, 38.407766 ], [ -122.736605, 38.407972 ], [ -122.736604, 38.408323 ], [ -122.736604, 38.40834 ], [ -122.736623, 38.408425 ], [ -122.73662, 38.408507 ], [ -122.736525, 38.408516 ], [ -122.736367, 38.408514 ], [ -122.736282, 38.408515 ] ] ] } },
{ "type": "Feature", "properties": { "STATEFP20": "06", "COUNTYFP20": "097", "TRACTCE20": "153201", "BLOCKCE20": "1027", "GEOID20": "060971532011027", "GEOIDFQ20": "1000000US060971532011027", "NAME20": "Block1027", "MTFCC20": "G5040", "UR20": "U", "UACE20": "79498", "FUNCSTAT20": "S", "ALAND20": 9743, "AWATER20": 0, "HOUSING20": 23, "POP20": 80, "DISTRICT": "Secondary", "block_of_residence": "060971532011027", "students": 0, "residents": 1, "INTPTLAT20": 38.407797361009344, "INTPTLON20": -122.73974495573593 }, "geometry": { "type": "Polygon", "coordinates": [ [ [ -122.739843, 38.408429 ], [ -122.739795, 38.40844 ], [ -122.739721, 38.40846 ], [ -122.739591, 38.408476 ], [ -122.739375, 38.408477 ], [ -122.739364, 38.408181 ], [ -122.739359, 38.40792 ], [ -122.739354, 38.407648 ], [ -122.739362, 38.407148 ], [ -122.740113, 38.407143 ], [ -122.740131, 38.407872 ], [ -122.740158, 38.40801 ], [ -122.740204, 38.408122 ], [ -122.740269, 38.408237 ], [ -122.740178, 38.40827 ], [ -122.739949, 38.408389 ], [ -122.739843, 38.408429 ] ] ] } },
{ "type": "Feature", "properties": { "STATEFP20": "06", "COUNTYFP20": "097", "TRACTCE20": "153201", "BLOCKCE20": "2000", "GEOID20": "060971532012000", "GEOIDFQ20": "1000000US060971532012000", "NAME20": "Block2000", "MTFCC20": "G5040", "UR20": "U", "UACE20": "79498", "FUNCSTAT20": "S", "ALAND20": 45882, "AWATER20": 0, "HOUSING20": 0, "POP20": 0, "DISTRICT": "Secondary", "block_of_residence": "060971532012000", "students": 0, "residents": 0, "INTPTLAT20": 38.409790151187643, "INTPTLON20": -122.71649622983183 }, "geometry": { "type": "Polygon", "coordinates": [ [ [ -122.717217, 38.401919 ], [ -122.71717, 38.401928 ], [ -122.717095, 38.401948 ], [ -122.716949, 38.402 ], [ -122.716864, 38.40204 ], [ -122.716745, 38.402113 ], [ -122.716641, 38.402199 ], [ -122.716566, 38.402282 ], [ -122.716487, 38.402402 ], [ -122.71644, 38.402515 ], [ -122.716416, 38.40262 ], [ -122.716413, 38.402705 ], [ -122.7164, 38.403147 ], [ -122.716401, 38.403615 ], [ -122.716393, 38.40523 ], [ -122.716391, 38.405427 ], [ -122.716385, 38.406551 ], [ -122.71639, 38.406742 ], [ -122.716407, 38.407633 ], [ -122.716405, 38.407909 ], [ -122.716391, 38.410034 ], [ -122.716402, 38.411097 ], [ -122.716401, 38.411411 ], [ -122.716401, 38.411644 ], [ -122.716408, 38.412115 ], [ -122.716427, 38.412213 ], [ -122.716445, 38.41226 ], [ -122.716469, 38.412306 ], [ -122.71653, 38.412392 ], [ -122.716642, 38.412502 ], [ -122.716724, 38.41258 ], [ -122.716788, 38.412629 ], [ -122.716863, 38.412688 ], [ -122.716977, 38.41281 ], [ -122.71707, 38.412924 ], [ -122.717158, 38.413054 ], [ -122.717164, 38.41307 ], [ -122.717241, 38.413249 ], [ -122.717248, 38.413271 ], [ -122.717259, 38.413343 ], [ -122.717263, 38.413368 ], [ -122.717279, 38.413481 ], [ -122.717299, 38.413553 ], [ -122.717374, 38.413813 ], [ -122.717424, 38.41402 ], [ -122.71744, 38.414102 ], [ -122.717454, 38.414167 ], [ -122.717473, 38.414289 ], [ -122.717299, 38.414295 ], [ -122.717199, 38.414308 ], [ -122.717119, 38.414319 ], [ -122.717031, 38.414337 ], [ -122.716765, 38.414405 ], [ -122.716397, 38.414494 ], [ -122.716365, 38.414502 ], [ -122.716198, 38.414542 ], [ -122.71613, 38.414558 ], [ -122.71613, 38.4145 ], [ -122.71613, 38.414325 ], [ -122.716131, 38.414268 ], [ -122.716132, 38.413927 ], [ -122.716133, 38.413778 ], [ -122.716142, 38.412907 ], [ -122.716146, 38.412568 ], [ -122.716148, 38.412189 ], [ -122.716149, 38.412166 ], [ -122.716166, 38.411056 ], [ -122.716165, 38.410678 ], [ -122.716162, 38.410155 ], [ -122.716164, 38.409706 ], [ -122.716179, 38.40679 ], [ -122.716185, 38.405819 ], [ -122.716189, 38.405024 ], [ -122.716202, 38.402642 ], [ -122.716207, 38.401849 ], [ -122.716345, 38.401845 ], [ -122.716496, 38.40184 ], [ -122.716671, 38.401838 ], [ -122.718066, 38.401829 ], [ -122.71849, 38.401827 ], [ -122.718529, 38.401839 ], [ -122.717406, 38.401894 ], [ -122.717326, 38.401901 ], [ -122.717217, 38.401919 ] ] ] } },
{ "type": "Feature", "properties": { "STATEFP20": "06", "COUNTYFP20": "097", "TRACTCE20": "153201", "BLOCKCE20": "2001", "GEOID20": "060971532012001", "GEOIDFQ20": "1000000US060971532012001", "NAME20": "Block2001", "MTFCC20": "G5040", "UR20": "U", "UACE20": "79498", "FUNCSTAT20": "S", "ALAND20": 14698, "AWATER20": 0, "HOUSING20": 21, "POP20": 53, "DISTRICT": "Secondary", "block_of_residence": "060971532012001", "students": 0, "residents": 0, "INTPTLAT20": 38.413438216499394, "INTPTLON20": -122.71769718273292 }, "geometry": { "type": "Polygon", "coordinates": [ [ [ -122.717788, 38.414357 ], [ -122.717687, 38.41433 ], [ -122.717616, 38.414314 ], [ -122.717585, 38.414308 ], [ -122.717473, 38.414289 ], [ -122.717454, 38.414167 ], [ -122.71744, 38.414102 ], [ -122.717424, 38.41402 ], [ -122.717374, 38.413813 ], [ -122.717299, 38.413553 ], [ -122.717279, 38.413481 ], [ -122.717263, 38.413368 ], [ -122.717259, 38.413343 ], [ -122.717248, 38.413271 ], [ -122.717241, 38.413249 ], [ -122.717164, 38.41307 ], [ -122.717158, 38.413054 ], [ -122.71707, 38.412924 ], [ -122.716977, 38.41281 ], [ -122.716863, 38.412688 ], [ -122.716788, 38.412629 ], [ -122.716724, 38.41258 ], [ -122.716642, 38.412502 ], [ -122.716853, 38.412617 ], [ -122.716917, 38.412639 ], [ -122.716957, 38.412653 ], [ -122.717067, 38.412673 ], [ -122.717653, 38.412685 ], [ -122.717837, 38.412689 ], [ -122.718146, 38.412696 ], [ -122.718153, 38.413045 ], [ -122.718176, 38.414092 ], [ -122.718184, 38.414442 ], [ -122.718132, 38.414435 ], [ -122.718041, 38.414414 ], [ -122.717788, 38.414357 ] ] ] } },
{ "type": "Feature", "properties": { "STATEFP20": "06", "COUNTYFP20": "097", "TRACTCE20": "153201", "BLOCKCE20": "2002", "GEOID20": "060971532012002", "GEOIDFQ20": "1000000US060971532012002", "NAME20": "Block2002", "MTFCC20": "G5040", "UR20": "U", "UACE20": "79498", "FUNCSTAT20": "S", "ALAND20": 174139, "AWATER20": 0, "HOUSING20": 0, "POP20": 0, "DISTRICT": "Secondary", "block_of_residence": "060971532012002", "students": 0, "residents": 0, "INTPTLAT20": 38.409727295933138, "INTPTLON20": -122.71792777484148 }, "geometry": { "type": "Polygon", "coordinates": [ [ [ -122.719322, 38.412703 ], [ -122.719205, 38.412702 ], [ -122.71841, 38.412702 ], [ -122.718385, 38.412702 ], [ -122.718146, 38.412696 ], [ -122.717837, 38.412689 ], [ -122.717653, 38.412685 ], [ -122.717067, 38.412673 ], [ -122.716957, 38.412653 ], [ -122.716917, 38.412639 ], [ -122.716853, 38.412617 ], [ -122.716642, 38.412502 ], [ -122.71653, 38.412392 ], [ -122.716469, 38.412306 ], [ -122.716445, 38.41226 ], [ -122.716427, 38.412213 ], [ -122.716408, 38.412115 ], [ -122.716401, 38.411644 ], [ -122.716401, 38.411411 ], [ -122.716402, 38.411097 ], [ -122.716391, 38.410034 ], [ -122.716405, 38.407909 ], [ -122.716407, 38.407633 ], [ -122.71639, 38.406742 ], [ -122.716861, 38.406741 ], [ -122.718277, 38.406738 ], [ -122.718749, 38.406738 ], [ -122.718866, 38.406738 ], [ -122.71922, 38.406738 ], [ -122.719338, 38.406738 ], [ -122.719343, 38.407329 ], [ -122.71935, 38.407947 ], [ -122.719363, 38.408226 ], [ -122.719378, 38.408366 ], [ -122.719425, 38.408643 ], [ -122.719448, 38.408853 ], [ -122.719457, 38.408995 ], [ -122.719457, 38.409095 ], [ -122.719463, 38.409687 ], [ -122.719466, 38.409921 ], [ -122.719476, 38.410624 ], [ -122.71948, 38.410859 ], [ -122.719481, 38.411229 ], [ -122.719482, 38.411537 ], [ -122.719491, 38.412067 ], [ -122.719489, 38.412341 ], [ -122.719488, 38.41259 ], [ -122.71947, 38.412711 ], [ -122.719322, 38.412703 ] ] ] } },
{ "type": "Feature", "properties": { "STATEFP20": "06", "COUNTYFP20": "097", "TRACTCE20": "153201", "BLOCKCE20": "2003", "GEOID20": "060971532012003", "GEOIDFQ20": "1000000US060971532012003", "NAME20": "Block2003", "MTFCC20": "G5040", "UR20": "U", "UACE20": "79498", "FUNCSTAT20": "S", "ALAND20": 22167, "AWATER20": 0, "HOUSING20": 2, "POP20": 25, "DISTRICT": "Secondary", "block_of_residence": "060971532012003", "students": 0, "residents": 0, "INTPTLAT20": 38.413568753120821, "INTPTLON20": -122.71882004317729 }, "geometry": { "type": "Polygon", "coordinates": [ [ [ -122.719211, 38.41443 ], [ -122.71844, 38.414452 ], [ -122.71834, 38.414455 ], [ -122.71827, 38.414453 ], [ -122.718184, 38.414442 ], [ -122.718176, 38.414092 ], [ -122.718153, 38.413045 ], [ -122.718146, 38.412696 ], [ -122.718385, 38.412702 ], [ -122.71841, 38.412702 ], [ -122.719205, 38.412702 ], [ -122.719322, 38.412703 ], [ -122.71947, 38.412711 ], [ -122.719474, 38.413053 ], [ -122.719489, 38.414081 ], [ -122.719492, 38.414251 ], [ -122.719468, 38.414422 ], [ -122.719252, 38.414429 ], [ -122.719211, 38.41443 ] ] ] } },
{ "type": "Feature", "properties": { "STATEFP20": "06", "COUNTYFP20": "097", "TRACTCE20": "153201", "BLOCKCE20": "2004", "GEOID20": "060971532012004", "GEOIDFQ20": "1000000US060971532012004", "NAME20": "Block2004", "MTFCC20": "G5040", "UR20": "U", "UACE20": "79498", "FUNCSTAT20": "S", "ALAND20": 190929, "AWATER20": 0, "HOUSING20": 0, "POP20": 11, "DISTRICT": "Secondary", "block_of_residence": "060971532012004", "students": 0, "residents": 0, "INTPTLAT20": 38.408353702574743, "INTPTLON20": -122.72027570790878 }, "geometry": { "type": "Polygon", "coordinates": [ [ [ -122.719635, 38.414378 ], [ -122.719468, 38.414422 ], [ -122.719492, 38.414251 ], [ -122.719489, 38.414081 ], [ -122.719474, 38.413053 ], [ -122.71947, 38.412711 ], [ -122.719488, 38.41259 ], [ -122.719489, 38.412341 ], [ -122.719491, 38.412067 ], [ -122.719482, 38.411537 ], [ -122.719481, 38.411229 ], [ -122.71948, 38.410859 ], [ -122.719476, 38.410624 ], [ -122.719466, 38.409921 ], [ -122.719463, 38.409687 ], [ -122.719457, 38.409095 ], [ -122.719457, 38.408995 ], [ -122.719448, 38.408853 ], [ -122.719425, 38.408643 ], [ -122.719378, 38.408366 ], [ -122.719363, 38.408226 ], [ -122.71935, 38.407947 ], [ -122.719343, 38.407329 ], [ -122.719338, 38.406738 ], [ -122.719339, 38.406638 ], [ -122.719329, 38.406476 ], [ -122.719293, 38.406278 ], [ -122.719285, 38.406206 ], [ -122.719284, 38.406004 ], [ -122.71928, 38.405465 ], [ -122.719295, 38.405337 ], [ -122.719332, 38.405212 ], [ -122.719353, 38.405162 ], [ -122.719504, 38.404919 ], [ -122.719531, 38.404862 ], [ -122.71956, 38.40479 ], [ -122.719595, 38.404657 ], [ -122.719605, 38.404582 ], [ -122.719748, 38.403978 ], [ -122.719774, 38.403756 ], [ -122.719786, 38.403561 ], [ -122.719786, 38.402683 ], [ -122.719787, 38.401895 ], [ -122.719792, 38.401831 ], [ -122.720035, 38.40183 ], [ -122.720763, 38.401828 ], [ -122.721007, 38.401828 ], [ -122.721016, 38.402815 ], [ -122.721043, 38.405776 ], [ -122.721053, 38.406764 ], [ -122.721056, 38.407082 ], [ -122.721061, 38.407615 ], [ -122.721063, 38.407766 ], [ -122.721068, 38.408395 ], [ -122.721075, 38.409122 ], [ -122.721085, 38.410169 ], [ -122.721093, 38.411021 ], [ -122.721095, 38.411197 ], [ -122.721102, 38.411694 ], [ -122.721109, 38.412076 ], [ -122.721112, 38.412354 ], [ -122.721125, 38.413716 ], [ -122.721132, 38.414391 ], [ -122.720902, 38.414387 ], [ -122.720544, 38.414393 ], [ -122.719635, 38.414378 ] ] ] } },
{ "type": "Feature", "properties": { "STATEFP20": "06", "COUNTYFP20": "097", "TRACTCE20": "153201", "BLOCKCE20": "2005", "GEOID20": "060971532012005", "GEOIDFQ20": "1000000US060971532012005", "NAME20": "Block2005", "MTFCC20": "G5040", "UR20": "U", "UACE20": "79498", "FUNCSTAT20": "S", "ALAND20": 430738, "AWATER20": 0, "HOUSING20": 55, "POP20": 245, "DISTRICT": "Secondary", "block_of_residence": "060971532012005", "students": 5, "residents": 9, "INTPTLAT20": 38.406558046626436, "INTPTLON20": -122.72320266763607 }, "geometry": { "type": "Polygon", "coordinates": [ [ [ -122.729419, 38.402056 ], [ -122.728492, 38.402061 ], [ -122.728423, 38.40206 ], [ -122.728032, 38.40206 ], [ -122.726488, 38.402088 ], [ -122.726299, 38.402112 ], [ -122.726076, 38.402273 ], [ -122.725998, 38.402369 ], [ -122.725911, 38.402634 ], [ -122.725913, 38.402814 ], [ -122.725927, 38.40381 ], [ -122.725937, 38.404529 ], [ -122.725871, 38.404707 ], [ -122.725777, 38.404961 ], [ -122.725722, 38.405112 ], [ -122.725619, 38.405361 ], [ -122.725551, 38.405703 ], [ -122.725545, 38.406608 ], [ -122.725525, 38.407382 ], [ -122.725512, 38.407919 ], [ -122.725501, 38.408129 ], [ -122.725457, 38.408286 ], [ -122.725403, 38.408474 ], [ -122.725323, 38.408612 ], [ -122.725207, 38.408816 ], [ -122.725118, 38.408913 ], [ -122.724691, 38.409382 ], [ -122.724646, 38.409429 ], [ -122.724402, 38.409687 ], [ -122.72415, 38.409951 ], [ -122.723983, 38.410128 ], [ -122.72368, 38.410449 ], [ -122.723131, 38.410879 ], [ -122.722841, 38.411097 ], [ -122.722639, 38.411248 ], [ -122.722574, 38.41128 ], [ -122.722275, 38.411432 ], [ -122.722141, 38.411483 ], [ -122.722038, 38.411562 ], [ -122.722066, 38.411634 ], [ -122.722121, 38.411721 ], [ -122.722149, 38.411764 ], [ -122.722176, 38.411806 ], [ -122.722267, 38.411965 ], [ -122.722292, 38.412033 ], [ -122.72231, 38.412087 ], [ -122.722347, 38.41225 ], [ -122.722357, 38.412332 ], [ -122.722359, 38.412416 ], [ -122.722367, 38.412649 ], [ -122.722359, 38.412927 ], [ -122.722359, 38.41295 ], [ -122.72236, 38.413289 ], [ -122.72236, 38.413381 ], [ -122.72236, 38.413855 ], [ -122.72236, 38.414157 ], [ -122.72236, 38.414198 ], [ -122.72236, 38.414322 ], [ -122.72236, 38.414364 ], [ -122.722189, 38.414368 ], [ -122.722002, 38.414374 ], [ -122.721676, 38.414379 ], [ -122.721506, 38.414383 ], [ -122.721453, 38.414384 ], [ -122.721409, 38.414385 ], [ -122.721312, 38.414387 ], [ -122.721297, 38.414387 ], [ -122.721245, 38.414388 ], [ -122.721222, 38.414388 ], [ -122.721154, 38.41439 ], [ -122.721132, 38.414391 ], [ -122.721125, 38.413716 ], [ -122.721112, 38.412354 ], [ -122.721109, 38.412076 ], [ -122.721102, 38.411694 ], [ -122.721095, 38.411197 ], [ -122.721093, 38.411021 ], [ -122.721085, 38.410169 ], [ -122.721075, 38.409122 ], [ -122.721068, 38.408395 ], [ -122.721063, 38.407766 ], [ -122.721061, 38.407615 ], [ -122.721056, 38.407082 ], [ -122.721053, 38.406764 ], [ -122.721043, 38.405776 ], [ -122.721016, 38.402815 ], [ -122.721007, 38.401828 ], [ -122.721292, 38.40183 ], [ -122.721455, 38.401824 ], [ -122.721927, 38.40181 ], [ -122.722801, 38.401824 ], [ -122.722886, 38.401826 ], [ -122.72325, 38.401847 ], [ -122.723713, 38.401859 ], [ -122.723955, 38.401856 ], [ -122.725427, 38.401842 ], [ -122.726062, 38.401825 ], [ -122.726776, 38.40182 ], [ -122.727306, 38.401819 ], [ -122.728489, 38.401819 ], [ -122.728896, 38.401822 ], [ -122.729426, 38.401827 ], [ -122.729424, 38.401872 ], [ -122.729418, 38.40201 ], [ -122.729418, 38.402033 ], [ -122.729419, 38.402056 ] ] ] } },
{ "type": "Feature", "properties": { "STATEFP20": "06", "COUNTYFP20": "097", "TRACTCE20": "153201", "BLOCKCE20": "2006", "GEOID20": "060971532012006", "GEOIDFQ20": "1000000US060971532012006", "NAME20": "Block2006", "MTFCC20": "G5040", "UR20": "U", "UACE20": "79498", "FUNCSTAT20": "S", "ALAND20": 170123, "AWATER20": 0, "HOUSING20": 126, "POP20": 381, "DISTRICT": "Secondary", "block_of_residence": "060971532012006", "students": 19, "residents": 24, "INTPTLAT20": 38.405932431512255, "INTPTLON20": -122.72749503578831 }, "geometry": { "type": "Polygon", "coordinates": [ [ [ -122.729399, 38.408843 ], [ -122.729365, 38.40908 ], [ -122.729254, 38.409079 ], [ -122.72905, 38.409089 ], [ -122.728759, 38.409083 ], [ -122.728724, 38.409083 ], [ -122.728599, 38.409078 ], [ -122.728493, 38.409069 ], [ -122.728283, 38.409037 ], [ -122.728214, 38.409022 ], [ -122.72781, 38.408965 ], [ -122.727688, 38.408928 ], [ -122.727561, 38.408894 ], [ -122.727434, 38.408865 ], [ -122.727176, 38.40882 ], [ -122.727068, 38.408811 ], [ -122.726968, 38.408806 ], [ -122.726626, 38.40879 ], [ -122.726364, 38.408812 ], [ -122.725118, 38.408913 ], [ -122.725207, 38.408816 ], [ -122.725323, 38.408612 ], [ -122.725403, 38.408474 ], [ -122.725457, 38.408286 ], [ -122.725501, 38.408129 ], [ -122.725512, 38.407919 ], [ -122.725525, 38.407382 ], [ -122.725545, 38.406608 ], [ -122.725551, 38.405703 ], [ -122.725619, 38.405361 ], [ -122.725722, 38.405112 ], [ -122.725777, 38.404961 ], [ -122.725871, 38.404707 ], [ -122.725937, 38.404529 ], [ -122.725927, 38.40381 ], [ -122.725913, 38.402814 ], [ -122.725911, 38.402634 ], [ -122.725998, 38.402369 ], [ -122.726076, 38.402273 ], [ -122.726299, 38.402112 ], [ -122.726488, 38.402088 ], [ -122.728032, 38.40206 ], [ -122.728423, 38.40206 ], [ -122.728492, 38.402061 ], [ -122.729419, 38.402056 ], [ -122.72942, 38.402103 ], [ -122.729421, 38.40217 ], [ -122.729418, 38.402725 ], [ -122.729419, 38.403166 ], [ -122.729422, 38.403686 ], [ -122.728646, 38.403691 ], [ -122.727485, 38.40371 ], [ -122.726797, 38.403707 ], [ -122.726279, 38.403706 ], [ -122.726213, 38.40373 ], [ -122.726191, 38.403789 ], [ -122.726203, 38.404298 ], [ -122.726206, 38.404532 ], [ -122.726177, 38.404638 ], [ -122.726149, 38.404814 ], [ -122.726098, 38.404896 ], [ -122.726011, 38.405142 ], [ -122.725909, 38.405395 ], [ -122.725866, 38.405483 ], [ -122.725829, 38.405577 ], [ -122.725823, 38.4057 ], [ -122.725819, 38.405755 ], [ -122.725817, 38.405811 ], [ -122.725814, 38.405866 ], [ -122.725813, 38.405919 ], [ -122.725811, 38.405966 ], [ -122.725785, 38.40601 ], [ -122.725858, 38.406044 ], [ -122.725931, 38.406053 ], [ -122.726005, 38.406058 ], [ -122.72609, 38.406061 ], [ -122.726181, 38.406063 ], [ -122.726273, 38.406065 ], [ -122.726378, 38.406066 ], [ -122.726487, 38.406068 ], [ -122.726592, 38.406071 ], [ -122.726693, 38.406072 ], [ -122.72679, 38.406072 ], [ -122.726891, 38.406072 ], [ -122.72695, 38.406071 ], [ -122.727017, 38.406071 ], [ -122.727088, 38.406071 ], [ -122.727161, 38.406073 ], [ -122.727237, 38.406074 ], [ -122.727388, 38.406076 ], [ -122.727462, 38.406077 ], [ -122.727534, 38.406077 ], [ -122.727608, 38.406077 ], [ -122.727685, 38.406077 ], [ -122.727763, 38.406078 ], [ -122.727838, 38.406079 ], [ -122.727984, 38.406078 ], [ -122.728056, 38.406076 ], [ -122.72813, 38.406074 ], [ -122.728365, 38.406072 ], [ -122.728445, 38.406071 ], [ -122.728523, 38.40607 ], [ -122.728601, 38.406069 ], [ -122.728678, 38.406068 ], [ -122.728755, 38.406066 ], [ -122.728832, 38.406065 ], [ -122.729062, 38.406056 ], [ -122.729131, 38.406055 ], [ -122.729193, 38.406055 ], [ -122.729278, 38.406055 ], [ -122.729419, 38.406051 ], [ -122.729419, 38.40632 ], [ -122.729419, 38.406499 ], [ -122.729424, 38.40761 ], [ -122.729424, 38.407904 ], [ -122.729425, 38.408298 ], [ -122.72942, 38.40861 ], [ -122.729403, 38.408787 ], [ -122.729399, 38.408843 ] ] ] } },
{ "type": "Feature", "properties": { "STATEFP20": "06", "COUNTYFP20": "097", "TRACTCE20": "153201", "BLOCKCE20": "2007", "GEOID20": "060971532012007", "GEOIDFQ20": "1000000US060971532012007", "NAME20": "Block2007", "MTFCC20": "G5040", "UR20": "U", "UACE20": "79498", "FUNCSTAT20": "S", "ALAND20": 302123, "AWATER20": 0, "HOUSING20": 156, "POP20": 502, "DISTRICT": "Secondary", "block_of_residence": "060971532012007", "students": 15, "residents": 22, "INTPTLAT20": 38.411928427294455, "INTPTLON20": -122.72595661078763 }, "geometry": { "type": "Polygon", "coordinates": [ [ [ -122.729129, 38.41011 ], [ -122.728962, 38.41011 ], [ -122.72879, 38.4101 ], [ -122.728624, 38.410078 ], [ -122.728441, 38.410038 ], [ -122.728263, 38.409984 ], [ -122.72807, 38.409887 ], [ -122.727962, 38.409831 ], [ -122.727876, 38.409785 ], [ -122.727739, 38.409753 ], [ -122.727624, 38.409737 ], [ -122.727301, 38.409731 ], [ -122.726661, 38.409737 ], [ -122.72625, 38.409734 ], [ -122.726027, 38.409739 ], [ -122.726019, 38.41007 ], [ -122.726043, 38.410145 ], [ -122.7261, 38.410234 ], [ -122.726245, 38.410363 ], [ -122.726403, 38.410468 ], [ -122.726581, 38.410578 ], [ -122.726731, 38.410637 ], [ -122.726952, 38.410683 ], [ -122.727188, 38.410672 ], [ -122.727556, 38.410675 ], [ -122.727651, 38.410675 ], [ -122.728148, 38.410677 ], [ -122.728694, 38.410669 ], [ -122.72922, 38.410667 ], [ -122.729319, 38.410666 ], [ -122.729315, 38.411163 ], [ -122.729313, 38.412044 ], [ -122.729295, 38.412953 ], [ -122.729293, 38.413196 ], [ -122.729288, 38.414226 ], [ -122.728829, 38.414235 ], [ -122.728639, 38.414239 ], [ -122.727593, 38.41425 ], [ -122.727498, 38.414252 ], [ -122.727454, 38.414253 ], [ -122.726997, 38.414271 ], [ -122.726284, 38.41428 ], [ -122.724362, 38.414308 ], [ -122.724148, 38.414315 ], [ -122.723774, 38.414329 ], [ -122.723437, 38.414331 ], [ -122.723221, 38.414336 ], [ -122.722736, 38.41435 ], [ -122.722575, 38.414355 ], [ -122.72236, 38.414364 ], [ -122.72236, 38.414322 ], [ -122.72236, 38.414198 ], [ -122.72236, 38.414157 ], [ -122.72236, 38.413855 ], [ -122.72236, 38.413381 ], [ -122.72236, 38.413289 ], [ -122.722359, 38.41295 ], [ -122.722359, 38.412927 ], [ -122.722367, 38.412649 ], [ -122.722359, 38.412416 ], [ -122.722357, 38.412332 ], [ -122.722347, 38.41225 ], [ -122.72231, 38.412087 ], [ -122.722292, 38.412033 ], [ -122.722267, 38.411965 ], [ -122.722176, 38.411806 ], [ -122.722149, 38.411764 ], [ -122.722121, 38.411721 ], [ -122.722066, 38.411634 ], [ -122.722038, 38.411562 ], [ -122.722141, 38.411483 ], [ -122.722275, 38.411432 ], [ -122.722574, 38.41128 ], [ -122.722639, 38.411248 ], [ -122.722841, 38.411097 ], [ -122.723131, 38.410879 ], [ -122.72368, 38.410449 ], [ -122.723983, 38.410128 ], [ -122.72415, 38.409951 ], [ -122.724402, 38.409687 ], [ -122.724646, 38.409429 ], [ -122.724691, 38.409382 ], [ -122.725118, 38.408913 ], [ -122.726364, 38.408812 ], [ -122.726626, 38.40879 ], [ -122.726968, 38.408806 ], [ -122.727068, 38.408811 ], [ -122.727176, 38.40882 ], [ -122.727434, 38.408865 ], [ -122.727561, 38.408894 ], [ -122.727688, 38.408928 ], [ -122.72781, 38.408965 ], [ -122.728214, 38.409022 ], [ -122.728283, 38.409037 ], [ -122.728493, 38.409069 ], [ -122.728599, 38.409078 ], [ -122.728724, 38.409083 ], [ -122.728759, 38.409083 ], [ -122.72905, 38.409089 ], [ -122.729254, 38.409079 ], [ -122.729365, 38.40908 ], [ -122.729339, 38.409363 ], [ -122.72933, 38.409806 ], [ -122.729326, 38.410108 ], [ -122.729129, 38.41011 ] ] ] } },
{ "type": "Feature", "properties": { "STATEFP20": "06", "COUNTYFP20": "097", "TRACTCE20": "153201", "BLOCKCE20": "2008", "GEOID20": "060971532012008", "GEOIDFQ20": "1000000US060971532012008", "NAME20": "Block2008", "MTFCC20": "G5040", "UR20": "U", "UACE20": "79498", "FUNCSTAT20": "S", "ALAND20": 148744, "AWATER20": 0, "HOUSING20": 0, "POP20": 1, "DISTRICT": "Secondary", "block_of_residence": "060971532012008", "students": 0, "residents": 0, "INTPTLAT20": 38.404242275040097, "INTPTLON20": -122.71801849953532 }, "geometry": { "type": "Polygon", "coordinates": [ [ [ -122.719774, 38.403756 ], [ -122.719748, 38.403978 ], [ -122.719605, 38.404582 ], [ -122.719595, 38.404657 ], [ -122.71956, 38.40479 ], [ -122.719531, 38.404862 ], [ -122.719504, 38.404919 ], [ -122.719353, 38.405162 ], [ -122.719332, 38.405212 ], [ -122.719295, 38.405337 ], [ -122.71928, 38.405465 ], [ -122.719284, 38.406004 ], [ -122.719285, 38.406206 ], [ -122.719293, 38.406278 ], [ -122.719329, 38.406476 ], [ -122.719339, 38.406638 ], [ -122.719338, 38.406738 ], [ -122.71922, 38.406738 ], [ -122.718866, 38.406738 ], [ -122.718749, 38.406738 ], [ -122.718277, 38.406738 ], [ -122.716861, 38.406741 ], [ -122.71639, 38.406742 ], [ -122.716385, 38.406551 ], [ -122.716391, 38.405427 ], [ -122.716393, 38.40523 ], [ -122.716401, 38.403615 ], [ -122.7164, 38.403147 ], [ -122.716413, 38.402705 ], [ -122.716416, 38.40262 ], [ -122.71644, 38.402515 ], [ -122.716487, 38.402402 ], [ -122.716566, 38.402282 ], [ -122.716641, 38.402199 ], [ -122.716745, 38.402113 ], [ -122.716864, 38.40204 ], [ -122.716949, 38.402 ], [ -122.717095, 38.401948 ], [ -122.71717, 38.401928 ], [ -122.717217, 38.401919 ], [ -122.717326, 38.401901 ], [ -122.717406, 38.401894 ], [ -122.718529, 38.401839 ], [ -122.718745, 38.40183 ], [ -122.718781, 38.40183 ], [ -122.719539, 38.40183 ], [ -122.719792, 38.401831 ], [ -122.719787, 38.401895 ], [ -122.719786, 38.402683 ], [ -122.719786, 38.403561 ], [ -122.719774, 38.403756 ] ] ] } },
{ "type": "Feature", "properties": { "STATEFP20": "06", "COUNTYFP20": "097", "TRACTCE20": "153201", "BLOCKCE20": "2009", "GEOID20": "060971532012009", "GEOIDFQ20": "1000000US060971532012009", "NAME20": "Block2009", "MTFCC20": "G5040", "UR20": "U", "UACE20": "79498", "FUNCSTAT20": "S", "ALAND20": 33759, "AWATER20": 0, "HOUSING20": 44, "POP20": 117, "DISTRICT": "Secondary", "block_of_residence": "060971532012009", "students": 1, "residents": 2, "INTPTLAT20": 38.405526907948449, "INTPTLON20": -122.72794023714846 }, "geometry": { "type": "Polygon", "coordinates": [ [ [ -122.729131, 38.406055 ], [ -122.729062, 38.406056 ], [ -122.728832, 38.406065 ], [ -122.728755, 38.406066 ], [ -122.728678, 38.406068 ], [ -122.728601, 38.406069 ], [ -122.728523, 38.40607 ], [ -122.728445, 38.406071 ], [ -122.728365, 38.406072 ], [ -122.72813, 38.406074 ], [ -122.728056, 38.406076 ], [ -122.727984, 38.406078 ], [ -122.727838, 38.406079 ], [ -122.727763, 38.406078 ], [ -122.727685, 38.406077 ], [ -122.727608, 38.406077 ], [ -122.727534, 38.406077 ], [ -122.727462, 38.406077 ], [ -122.727388, 38.406076 ], [ -122.727237, 38.406074 ], [ -122.727161, 38.406073 ], [ -122.727088, 38.406071 ], [ -122.727017, 38.406071 ], [ -122.72695, 38.406071 ], [ -122.726891, 38.406072 ], [ -122.72679, 38.406072 ], [ -122.726693, 38.406072 ], [ -122.726592, 38.406071 ], [ -122.726487, 38.406068 ], [ -122.726378, 38.406066 ], [ -122.726273, 38.406065 ], [ -122.726181, 38.406063 ], [ -122.72609, 38.406061 ], [ -122.726005, 38.406058 ], [ -122.725931, 38.406053 ], [ -122.725858, 38.406044 ], [ -122.725785, 38.40601 ], [ -122.725811, 38.405966 ], [ -122.725813, 38.405919 ], [ -122.725814, 38.405866 ], [ -122.725817, 38.405811 ], [ -122.725819, 38.405755 ], [ -122.725823, 38.4057 ], [ -122.725829, 38.405577 ], [ -122.725866, 38.405483 ], [ -122.725909, 38.405395 ], [ -122.726059, 38.405429 ], [ -122.72632, 38.405474 ], [ -122.727466, 38.405467 ], [ -122.727474, 38.404876 ], [ -122.727646, 38.40488 ], [ -122.727787, 38.404874 ], [ -122.727928, 38.404861 ], [ -122.728054, 38.404831 ], [ -122.728188, 38.404789 ], [ -122.728285, 38.404771 ], [ -122.728418, 38.404758 ], [ -122.728634, 38.404757 ], [ -122.729424, 38.404758 ], [ -122.729419, 38.406051 ], [ -122.729278, 38.406055 ], [ -122.729193, 38.406055 ], [ -122.729131, 38.406055 ] ] ] } },
{ "type": "Feature", "properties": { "STATEFP20": "06", "COUNTYFP20": "097", "TRACTCE20": "153201", "BLOCKCE20": "2010", "GEOID20": "060971532012010", "GEOIDFQ20": "1000000US060971532012010", "NAME20": "Block2010", "MTFCC20": "G5040", "UR20": "U", "UACE20": "79498", "FUNCSTAT20": "S", "ALAND20": 8127, "AWATER20": 0, "HOUSING20": 15, "POP20": 66, "DISTRICT": "Secondary", "block_of_residence": "060971532012010", "students": 5, "residents": 5, "INTPTLAT20": 38.404224625468551, "INTPTLON20": -122.72903129431641 }, "geometry": { "type": "Polygon", "coordinates": [ [ [ -122.728646, 38.403691 ], [ -122.729422, 38.403686 ], [ -122.729424, 38.404758 ], [ -122.728634, 38.404757 ], [ -122.728637, 38.404289 ], [ -122.728646, 38.403691 ] ] ] } },
{ "type": "Feature", "properties": { "STATEFP20": "06", "COUNTYFP20": "097", "TRACTCE20": "153201", "BLOCKCE20": "2011", "GEOID20": "060971532012011", "GEOIDFQ20": "1000000US060971532012011", "NAME20": "Block2011", "MTFCC20": "G5040", "UR20": "U", "UACE20": "79498", "FUNCSTAT20": "S", "ALAND20": 7290, "AWATER20": 0, "HOUSING20": 14, "POP20": 40, "DISTRICT": "Secondary", "block_of_residence": "060971532012011", "students": 2, "residents": 2, "INTPTLAT20": 38.403999729588186, "INTPTLON20": -122.72684034584759 }, "geometry": { "type": "Polygon", "coordinates": [ [ [ -122.726213, 38.40373 ], [ -122.726279, 38.403706 ], [ -122.726797, 38.403707 ], [ -122.727485, 38.40371 ], [ -122.727491, 38.404284 ], [ -122.726203, 38.404298 ], [ -122.726191, 38.403789 ], [ -122.726213, 38.40373 ] ] ] } },
{ "type": "Feature", "properties": { "STATEFP20": "06", "COUNTYFP20": "097", "TRACTCE20": "153201", "BLOCKCE20": "2012", "GEOID20": "060971532012012", "GEOIDFQ20": "1000000US060971532012012", "NAME20": "Block2012", "MTFCC20": "G5040", "UR20": "U", "UACE20": "79498", "FUNCSTAT20": "S", "ALAND20": 7253, "AWATER20": 0, "HOUSING20": 14, "POP20": 81, "DISTRICT": "Secondary", "block_of_residence": "060971532012012", "students": 0, "residents": 1, "INTPTLAT20": 38.404581206295724, "INTPTLON20": -122.72684238287286 }, "geometry": { "type": "Polygon", "coordinates": [ [ [ -122.726254, 38.404842 ], [ -122.726149, 38.404814 ], [ -122.726177, 38.404638 ], [ -122.726206, 38.404532 ], [ -122.726203, 38.404298 ], [ -122.727491, 38.404284 ], [ -122.727474, 38.404876 ], [ -122.726447, 38.40487 ], [ -122.726351, 38.404859 ], [ -122.726254, 38.404842 ] ] ] } },
{ "type": "Feature", "properties": { "STATEFP20": "06", "COUNTYFP20": "097", "TRACTCE20": "153201", "BLOCKCE20": "2013", "GEOID20": "060971532012013", "GEOIDFQ20": "1000000US060971532012013", "NAME20": "Block2013", "MTFCC20": "G5040", "UR20": "U", "UACE20": "79498", "FUNCSTAT20": "S", "ALAND20": 6554, "AWATER20": 0, "HOUSING20": 12, "POP20": 38, "DISTRICT": "Secondary", "block_of_residence": "060971532012013", "students": 0, "residents": 0, "INTPTLAT20": 38.403992843766574, "INTPTLON20": -122.72806867360809 }, "geometry": { "type": "Polygon", "coordinates": [ [ [ -122.728646, 38.403691 ], [ -122.728637, 38.404289 ], [ -122.727491, 38.404284 ], [ -122.727485, 38.40371 ], [ -122.728646, 38.403691 ] ] ] } },
{ "type": "Feature", "properties": { "STATEFP20": "06", "COUNTYFP20": "097", "TRACTCE20": "153201", "BLOCKCE20": "2014", "GEOID20": "060971532012014", "GEOIDFQ20": "1000000US060971532012014", "NAME20": "Block2014", "MTFCC20": "G5040", "UR20": "U", "UACE20": "79498", "FUNCSTAT20": "S", "ALAND20": 8480, "AWATER20": 0, "HOUSING20": 16, "POP20": 70, "DISTRICT": "Secondary", "block_of_residence": "060971532012014", "students": 1, "residents": 3, "INTPTLAT20": 38.405171403663935, "INTPTLON20": -122.72673709915881 }, "geometry": { "type": "Polygon", "coordinates": [ [ [ -122.725909, 38.405395 ], [ -122.726011, 38.405142 ], [ -122.726098, 38.404896 ], [ -122.726149, 38.404814 ], [ -122.726254, 38.404842 ], [ -122.726351, 38.404859 ], [ -122.726447, 38.40487 ], [ -122.727474, 38.404876 ], [ -122.727466, 38.405467 ], [ -122.72632, 38.405474 ], [ -122.726059, 38.405429 ], [ -122.725909, 38.405395 ] ] ] } },
{ "type": "Feature", "properties": { "STATEFP20": "06", "COUNTYFP20": "097", "TRACTCE20": "153201", "BLOCKCE20": "2015", "GEOID20": "060971532012015", "GEOIDFQ20": "1000000US060971532012015", "NAME20": "Block2015", "MTFCC20": "G5040", "UR20": "U", "UACE20": "79498", "FUNCSTAT20": "S", "ALAND20": 5977, "AWATER20": 0, "HOUSING20": 12, "POP20": 56, "DISTRICT": "Secondary", "block_of_residence": "060971532012015", "students": 0, "residents": 1, "INTPTLAT20": 38.404556856553093, "INTPTLON20": -122.72802811125179 }, "geometry": { "type": "Polygon", "coordinates": [ [ [ -122.728188, 38.404789 ], [ -122.728054, 38.404831 ], [ -122.727928, 38.404861 ], [ -122.727787, 38.404874 ], [ -122.727646, 38.40488 ], [ -122.727474, 38.404876 ], [ -122.727491, 38.404284 ], [ -122.728637, 38.404289 ], [ -122.728634, 38.404757 ], [ -122.728418, 38.404758 ], [ -122.728285, 38.404771 ], [ -122.728188, 38.404789 ] ] ] } },
{ "type": "Feature", "properties": { "STATEFP20": "06", "COUNTYFP20": "097", "TRACTCE20": "153201", "BLOCKCE20": "2016", "GEOID20": "060971532012016", "GEOIDFQ20": "1000000US060971532012016", "NAME20": "Block2016", "MTFCC20": "G5040", "UR20": "U", "UACE20": "79498", "FUNCSTAT20": "S", "ALAND20": 10920, "AWATER20": 0, "HOUSING20": 38, "POP20": 150, "DISTRICT": "Secondary", "block_of_residence": "060971532012016", "students": 8, "residents": 10, "INTPTLAT20": 38.410324437226386, "INTPTLON20": -122.72840537027869 }, "geometry": { "type": "Polygon", "coordinates": [ [ [ -122.728694, 38.410669 ], [ -122.728148, 38.410677 ], [ -122.727651, 38.410675 ], [ -122.727648, 38.410422 ], [ -122.727651, 38.410161 ], [ -122.727653, 38.410043 ], [ -122.727669, 38.409938 ], [ -122.727707, 38.409815 ], [ -122.727739, 38.409753 ], [ -122.727876, 38.409785 ], [ -122.727962, 38.409831 ], [ -122.72807, 38.409887 ], [ -122.728263, 38.409984 ], [ -122.728441, 38.410038 ], [ -122.728624, 38.410078 ], [ -122.72879, 38.4101 ], [ -122.728962, 38.41011 ], [ -122.729129, 38.41011 ], [ -122.729326, 38.410108 ], [ -122.729324, 38.410243 ], [ -122.729319, 38.410666 ], [ -122.72922, 38.410667 ], [ -122.728694, 38.410669 ] ] ] } },
{ "type": "Feature", "properties": { "STATEFP20": "06", "COUNTYFP20": "097", "TRACTCE20": "153201", "BLOCKCE20": "2017", "GEOID20": "060971532012017", "GEOIDFQ20": "1000000US060971532012017", "NAME20": "Block2017", "MTFCC20": "G5040", "UR20": "U", "UACE20": "79498", "FUNCSTAT20": "S", "ALAND20": 13240, "AWATER20": 0, "HOUSING20": 74, "POP20": 249, "DISTRICT": "Secondary", "block_of_residence": "060971532012017", "students": 7, "residents": 14, "INTPTLAT20": 38.410162395052261, "INTPTLON20": -122.72691650656466 }, "geometry": { "type": "Polygon", "coordinates": [ [ [ -122.727651, 38.410161 ], [ -122.727648, 38.410422 ], [ -122.727651, 38.410675 ], [ -122.727556, 38.410675 ], [ -122.727188, 38.410672 ], [ -122.726952, 38.410683 ], [ -122.726731, 38.410637 ], [ -122.726581, 38.410578 ], [ -122.726403, 38.410468 ], [ -122.726245, 38.410363 ], [ -122.7261, 38.410234 ], [ -122.726043, 38.410145 ], [ -122.726019, 38.41007 ], [ -122.726027, 38.409739 ], [ -122.72625, 38.409734 ], [ -122.726661, 38.409737 ], [ -122.727301, 38.409731 ], [ -122.727624, 38.409737 ], [ -122.727739, 38.409753 ], [ -122.727707, 38.409815 ], [ -122.727669, 38.409938 ], [ -122.727653, 38.410043 ], [ -122.727651, 38.410161 ] ] ] } },
{ "type": "Feature", "properties": { "STATEFP20": "06", "COUNTYFP20": "097", "TRACTCE20": "153202", "BLOCKCE20": "1000", "GEOID20": "060971532021000", "GEOIDFQ20": "1000000US060971532021000", "NAME20": "Block1000", "MTFCC20": "G5040", "UR20": "U", "UACE20": "79498", "FUNCSTAT20": "S", "ALAND20": 167293, "AWATER20": 0, "HOUSING20": 7, "POP20": 12, "DISTRICT": "Secondary", "block_of_residence": "060971532021000", "students": 0, "residents": 0, "INTPTLAT20": 38.399390451296753, "INTPTLON20": -122.7250139387334 }, "geometry": { "type": "Polygon", "coordinates": [ [ [ -122.726769, 38.398108 ], [ -122.726765, 38.398739 ], [ -122.726778, 38.399565 ], [ -122.726775, 38.40089 ], [ -122.726775, 38.401376 ], [ -122.726779, 38.40176 ], [ -122.726776, 38.40182 ], [ -122.726062, 38.401825 ], [ -122.725427, 38.401842 ], [ -122.723955, 38.401856 ], [ -122.723713, 38.401859 ], [ -122.72325, 38.401847 ], [ -122.723269, 38.401236 ], [ -122.723257, 38.40091 ], [ -122.723256, 38.400865 ], [ -122.72325, 38.399659 ], [ -122.723262, 38.399089 ], [ -122.723249, 38.398447 ], [ -122.723246, 38.398099 ], [ -122.723246, 38.397943 ], [ -122.72326, 38.39739 ], [ -122.723257, 38.397163 ], [ -122.723255, 38.397085 ], [ -122.723254, 38.396953 ], [ -122.726784, 38.396928 ], [ -122.726784, 38.397002 ], [ -122.726784, 38.39717 ], [ -122.726784, 38.39727 ], [ -122.726769, 38.398108 ] ] ] } },
{ "type": "Feature", "properties": { "STATEFP20": "06", "COUNTYFP20": "097", "TRACTCE20": "153202", "BLOCKCE20": "1001", "GEOID20": "060971532021001", "GEOIDFQ20": "1000000US060971532021001", "NAME20": "Block1001", "MTFCC20": "G5040", "UR20": "U", "UACE20": "79498", "FUNCSTAT20": "S", "ALAND20": 422333, "AWATER20": 0, "HOUSING20": 53, "POP20": 129, "DISTRICT": "Secondary", "block_of_residence": "060971532021001", "students": 0, "residents": 0, "INTPTLAT20": 38.399086523369995, "INTPTLON20": -122.73074301117371 }, "geometry": { "type": "Polygon", "coordinates": [ [ [ -122.734698, 38.399055 ], [ -122.734682, 38.40077 ], [ -122.734674, 38.401747 ], [ -122.734681, 38.401873 ], [ -122.734413, 38.401874 ], [ -122.733612, 38.401878 ], [ -122.733346, 38.40188 ], [ -122.732999, 38.401873 ], [ -122.732774, 38.401869 ], [ -122.73196, 38.401831 ], [ -122.731766, 38.401823 ], [ -122.731614, 38.401822 ], [ -122.73132, 38.401822 ], [ -122.730441, 38.401822 ], [ -122.730148, 38.401823 ], [ -122.730003, 38.401823 ], [ -122.72957, 38.401826 ], [ -122.729426, 38.401827 ], [ -122.728896, 38.401822 ], [ -122.728489, 38.401819 ], [ -122.727306, 38.401819 ], [ -122.726776, 38.40182 ], [ -122.726779, 38.40176 ], [ -122.726775, 38.401376 ], [ -122.726775, 38.40089 ], [ -122.726778, 38.399565 ], [ -122.726765, 38.398739 ], [ -122.726769, 38.398108 ], [ -122.726784, 38.39727 ], [ -122.726784, 38.39717 ], [ -122.726784, 38.397002 ], [ -122.726784, 38.396928 ], [ -122.726784, 38.396501 ], [ -122.726785, 38.396335 ], [ -122.727634, 38.396323 ], [ -122.727802, 38.396324 ], [ -122.728755, 38.39633 ], [ -122.728977, 38.396337 ], [ -122.729591, 38.396343 ], [ -122.730189, 38.396344 ], [ -122.730855, 38.396345 ], [ -122.731297, 38.396346 ], [ -122.731873, 38.396349 ], [ -122.732437, 38.396351 ], [ -122.733189, 38.396343 ], [ -122.734156, 38.396352 ], [ -122.734728, 38.396358 ], [ -122.734724, 38.39724 ], [ -122.73472, 38.397461 ], [ -122.734712, 38.39812 ], [ -122.734698, 38.399055 ] ] ] } },
{ "type": "Feature", "properties": { "STATEFP20": "06", "COUNTYFP20": "097", "TRACTCE20": "153202", "BLOCKCE20": "1002", "GEOID20": "060971532021002", "GEOIDFQ20": "1000000US060971532021002", "NAME20": "Block1002", "MTFCC20": "G5040", "UR20": "U", "UACE20": "79498", "FUNCSTAT20": "S", "ALAND20": 469248, "AWATER20": 0, "HOUSING20": 47, "POP20": 107, "DISTRICT": "Secondary", "block_of_residence": "060971532021002", "students": 1, "residents": 3, "INTPTLAT20": 38.393059606535374, "INTPTLON20": -122.73700734722388 }, "geometry": { "type": "Polygon", "coordinates": [ [ [ -122.741529, 38.388878 ], [ -122.741529, 38.388896 ], [ -122.741409, 38.388944 ], [ -122.74013, 38.389214 ], [ -122.739476, 38.389753 ], [ -122.738741, 38.390362 ], [ -122.738648, 38.39053 ], [ -122.738617, 38.390788 ], [ -122.738582, 38.393202 ], [ -122.738599, 38.3944 ], [ -122.738536, 38.394634 ], [ -122.738413, 38.39477 ], [ -122.738249, 38.394858 ], [ -122.738055, 38.394922 ], [ -122.737605, 38.39501 ], [ -122.737441, 38.395074 ], [ -122.737267, 38.395202 ], [ -122.737179, 38.395343 ], [ -122.737153, 38.395387 ], [ -122.737143, 38.39572 ], [ -122.737136, 38.395954 ], [ -122.737123, 38.397402 ], [ -122.737119, 38.397619 ], [ -122.737102, 38.398544 ], [ -122.737101, 38.398645 ], [ -122.737083, 38.400041 ], [ -122.737031, 38.400266 ], [ -122.736618, 38.401229 ], [ -122.736582, 38.401315 ], [ -122.736064, 38.401809 ], [ -122.735967, 38.401874 ], [ -122.735874, 38.401872 ], [ -122.735709, 38.401872 ], [ -122.734938, 38.401872 ], [ -122.734681, 38.401873 ], [ -122.734674, 38.401747 ], [ -122.734682, 38.40077 ], [ -122.734698, 38.399055 ], [ -122.734712, 38.39812 ], [ -122.73472, 38.397461 ], [ -122.734724, 38.39724 ], [ -122.734728, 38.396358 ], [ -122.734732, 38.396085 ], [ -122.734738, 38.39574 ], [ -122.734729, 38.395447 ], [ -122.734744, 38.395273 ], [ -122.734753, 38.395217 ], [ -122.734809, 38.395004 ], [ -122.734875, 38.39484 ], [ -122.734913, 38.394771 ], [ -122.735061, 38.394523 ], [ -122.735177, 38.394331 ], [ -122.735248, 38.394179 ], [ -122.735299, 38.394023 ], [ -122.73533, 38.393873 ], [ -122.735343, 38.393719 ], [ -122.735346, 38.393331 ], [ -122.735344, 38.392948 ], [ -122.735342, 38.392404 ], [ -122.735341, 38.392328 ], [ -122.73534, 38.392102 ], [ -122.73534, 38.392027 ], [ -122.735331, 38.391054 ], [ -122.735331, 38.390946 ], [ -122.735315, 38.388138 ], [ -122.735312, 38.387611 ], [ -122.735325, 38.387166 ], [ -122.736566, 38.387162 ], [ -122.73852, 38.387157 ], [ -122.740292, 38.387156 ], [ -122.741382, 38.387156 ], [ -122.741534, 38.387147 ], [ -122.741544, 38.387368 ], [ -122.741542, 38.387496 ], [ -122.741532, 38.388546 ], [ -122.74153, 38.38883 ], [ -122.741529, 38.388878 ] ] ] } },
{ "type": "Feature", "properties": { "STATEFP20": "06", "COUNTYFP20": "097", "TRACTCE20": "153202", "BLOCKCE20": "1003", "GEOID20": "060971532021003", "GEOIDFQ20": "1000000US060971532021003", "NAME20": "Block1003", "MTFCC20": "G5040", "UR20": "U", "UACE20": "79498", "FUNCSTAT20": "S", "ALAND20": 453733, "AWATER20": 0, "HOUSING20": 36, "POP20": 116, "DISTRICT": "Secondary", "block_of_residence": "060971532021003", "students": 6, "residents": 8, "INTPTLAT20": 38.396296894429923, "INTPTLON20": -122.7395442682442 }, "geometry": { "type": "Polygon", "coordinates": [ [ [ -122.74151, 38.394599 ], [ -122.741487, 38.394996 ], [ -122.74148, 38.395392 ], [ -122.741506, 38.39691 ], [ -122.741509, 38.39717 ], [ -122.741513, 38.397379 ], [ -122.741484, 38.397688 ], [ -122.741438, 38.398103 ], [ -122.741425, 38.398281 ], [ -122.741423, 38.398327 ], [ -122.741415, 38.398717 ], [ -122.741405, 38.398898 ], [ -122.741405, 38.399002 ], [ -122.741406, 38.399227 ], [ -122.741421, 38.399746 ], [ -122.741429, 38.400017 ], [ -122.741447, 38.401303 ], [ -122.741447, 38.401823 ], [ -122.741243, 38.40183 ], [ -122.740547, 38.401833 ], [ -122.74035, 38.401831 ], [ -122.740175, 38.40183 ], [ -122.737546, 38.401832 ], [ -122.737061, 38.401833 ], [ -122.736832, 38.401834 ], [ -122.736721, 38.401842 ], [ -122.736185, 38.401881 ], [ -122.736076, 38.401878 ], [ -122.735967, 38.401874 ], [ -122.736064, 38.401809 ], [ -122.736582, 38.401315 ], [ -122.736618, 38.401229 ], [ -122.737031, 38.400266 ], [ -122.737083, 38.400041 ], [ -122.737101, 38.398645 ], [ -122.737102, 38.398544 ], [ -122.737119, 38.397619 ], [ -122.737123, 38.397402 ], [ -122.737136, 38.395954 ], [ -122.737143, 38.39572 ], [ -122.737153, 38.395387 ], [ -122.737179, 38.395343 ], [ -122.737267, 38.395202 ], [ -122.737441, 38.395074 ], [ -122.737605, 38.39501 ], [ -122.738055, 38.394922 ], [ -122.738249, 38.394858 ], [ -122.738413, 38.39477 ], [ -122.738536, 38.394634 ], [ -122.738599, 38.3944 ], [ -122.738582, 38.393202 ], [ -122.738617, 38.390788 ], [ -122.738648, 38.39053 ], [ -122.738741, 38.390362 ], [ -122.739476, 38.389753 ], [ -122.74013, 38.389214 ], [ -122.741409, 38.388944 ], [ -122.741529, 38.388896 ], [ -122.741531, 38.388927 ], [ -122.741535, 38.389044 ], [ -122.741526, 38.389803 ], [ -122.741523, 38.390094 ], [ -122.741569, 38.392341 ], [ -122.741574, 38.392524 ], [ -122.741593, 38.393201 ], [ -122.741589, 38.393431 ], [ -122.741561, 38.394016 ], [ -122.74153, 38.394364 ], [ -122.74151, 38.394599 ] ] ] } },
{ "type": "Feature", "properties": { "STATEFP20": "06", "COUNTYFP20": "097", "TRACTCE20": "153202", "BLOCKCE20": "1004", "GEOID20": "060971532021004", "GEOIDFQ20": "1000000US060971532021004", "NAME20": "Block1004", "MTFCC20": "G5040", "UR20": "U", "UACE20": "79498", "FUNCSTAT20": "S", "ALAND20": 841601, "AWATER20": 0, "HOUSING20": 55, "POP20": 154, "DISTRICT": "Secondary", "block_of_residence": "060971532021004", "students": 2, "residents": 3, "INTPTLAT20": 38.392115602116355, "INTPTLON20": -122.73035949741373 }, "geometry": { "type": "Polygon", "coordinates": [ [ [ -122.735299, 38.394023 ], [ -122.735248, 38.394179 ], [ -122.735177, 38.394331 ], [ -122.735061, 38.394523 ], [ -122.734913, 38.394771 ], [ -122.734875, 38.39484 ], [ -122.734809, 38.395004 ], [ -122.734753, 38.395217 ], [ -122.734744, 38.395273 ], [ -122.734729, 38.395447 ], [ -122.734738, 38.39574 ], [ -122.734732, 38.396085 ], [ -122.734728, 38.396358 ], [ -122.734156, 38.396352 ], [ -122.733189, 38.396343 ], [ -122.732437, 38.396351 ], [ -122.731873, 38.396349 ], [ -122.731297, 38.396346 ], [ -122.730855, 38.396345 ], [ -122.730189, 38.396344 ], [ -122.729591, 38.396343 ], [ -122.728977, 38.396337 ], [ -122.728755, 38.39633 ], [ -122.727802, 38.396324 ], [ -122.727634, 38.396323 ], [ -122.726785, 38.396335 ], [ -122.726784, 38.396501 ], [ -122.726784, 38.396928 ], [ -122.723254, 38.396953 ], [ -122.723251, 38.396852 ], [ -122.72325, 38.396775 ], [ -122.72324, 38.396301 ], [ -122.72324, 38.396268 ], [ -122.723276, 38.395486 ], [ -122.723269, 38.39531 ], [ -122.72326, 38.395206 ], [ -122.723238, 38.395139 ], [ -122.723177, 38.395001 ], [ -122.723155, 38.394928 ], [ -122.723152, 38.394901 ], [ -122.723143, 38.39481 ], [ -122.723128, 38.394565 ], [ -122.723126, 38.394429 ], [ -122.723366, 38.394429 ], [ -122.72374, 38.394429 ], [ -122.724087, 38.394424 ], [ -122.724328, 38.394422 ], [ -122.726023, 38.394334 ], [ -122.726736, 38.394297 ], [ -122.726766, 38.392311 ], [ -122.726741, 38.39187 ], [ -122.726739, 38.391673 ], [ -122.726736, 38.391084 ], [ -122.726735, 38.390888 ], [ -122.72673, 38.390142 ], [ -122.726728, 38.389758 ], [ -122.726734, 38.389727 ], [ -122.72672, 38.389434 ], [ -122.726732, 38.389038 ], [ -122.726729, 38.388365 ], [ -122.726737, 38.387905 ], [ -122.72674, 38.387796 ], [ -122.726729, 38.38752 ], [ -122.72671, 38.387205 ], [ -122.7267, 38.387162 ], [ -122.728125, 38.387163 ], [ -122.728355, 38.387168 ], [ -122.728424, 38.387168 ], [ -122.731778, 38.387169 ], [ -122.733021, 38.387169 ], [ -122.733599, 38.387168 ], [ -122.734094, 38.387168 ], [ -122.734928, 38.387169 ], [ -122.735325, 38.387166 ], [ -122.735312, 38.387611 ], [ -122.735315, 38.388138 ], [ -122.735331, 38.390946 ], [ -122.735331, 38.391054 ], [ -122.73534, 38.392027 ], [ -122.73534, 38.392102 ], [ -122.735341, 38.392328 ], [ -122.735342, 38.392404 ], [ -122.735344, 38.392948 ], [ -122.735346, 38.393331 ], [ -122.735343, 38.393719 ], [ -122.73533, 38.393873 ], [ -122.735299, 38.394023 ] ] ] } },
{ "type": "Feature", "properties": { "STATEFP20": "06", "COUNTYFP20": "097", "TRACTCE20": "153202", "BLOCKCE20": "1005", "GEOID20": "060971532021005", "GEOIDFQ20": "1000000US060971532021005", "NAME20": "Block1005", "MTFCC20": "G5040", "UR20": "U", "UACE20": "79498", "FUNCSTAT20": "S", "ALAND20": 122622, "AWATER20": 0, "HOUSING20": 0, "POP20": 0, "DISTRICT": "Secondary", "block_of_residence": "060971532021005", "students": 0, "residents": 0, "INTPTLAT20": 38.392642728717234, "INTPTLON20": -122.72492306327905 }, "geometry": { "type": "Polygon", "coordinates": [ [ [ -122.724328, 38.394422 ], [ -122.724087, 38.394424 ], [ -122.72374, 38.394429 ], [ -122.723366, 38.394429 ], [ -122.723126, 38.394429 ], [ -122.723119, 38.394103 ], [ -122.723116, 38.393719 ], [ -122.723108, 38.392601 ], [ -122.723092, 38.392012 ], [ -122.723097, 38.391625 ], [ -122.723099, 38.391592 ], [ -122.723104, 38.391517 ], [ -122.72313, 38.391406 ], [ -122.723162, 38.391296 ], [ -122.72321, 38.391176 ], [ -122.723224, 38.391092 ], [ -122.723224, 38.390901 ], [ -122.724604, 38.390898 ], [ -122.724848, 38.390896 ], [ -122.725225, 38.390892 ], [ -122.725518, 38.39089 ], [ -122.726357, 38.390888 ], [ -122.726735, 38.390888 ], [ -122.726736, 38.391084 ], [ -122.726739, 38.391673 ], [ -122.726741, 38.39187 ], [ -122.726766, 38.392311 ], [ -122.726736, 38.394297 ], [ -122.726023, 38.394334 ], [ -122.724328, 38.394422 ] ] ] } },
{ "type": "Feature", "properties": { "STATEFP20": "06", "COUNTYFP20": "097", "TRACTCE20": "153202", "BLOCKCE20": "1006", "GEOID20": "060971532021006", "GEOIDFQ20": "1000000US060971532021006", "NAME20": "Block1006", "MTFCC20": "G5040", "UR20": "U", "UACE20": "79498", "FUNCSTAT20": "S", "ALAND20": 40128, "AWATER20": 0, "HOUSING20": 0, "POP20": 0, "DISTRICT": "Secondary", "block_of_residence": "060971532021006", "students": 0, "residents": 0, "INTPTLAT20": 38.393475962001084, "INTPTLON20": -122.72206107790447 }, "geometry": { "type": "Polygon", "coordinates": [ [ [ -122.722342, 38.394431 ], [ -122.72185, 38.394438 ], [ -122.72152, 38.394428 ], [ -122.721372, 38.394426 ], [ -122.720934, 38.394424 ], [ -122.720924, 38.393406 ], [ -122.721, 38.39303 ], [ -122.721225, 38.392694 ], [ -122.721903, 38.392369 ], [ -122.722694, 38.392432 ], [ -122.722984, 38.392561 ], [ -122.723108, 38.392601 ], [ -122.723116, 38.393719 ], [ -122.723119, 38.394103 ], [ -122.723126, 38.394429 ], [ -122.722735, 38.394436 ], [ -122.722687, 38.394435 ], [ -122.722342, 38.394431 ] ] ] } },
{ "type": "Feature", "properties": { "STATEFP20": "06", "COUNTYFP20": "097", "TRACTCE20": "153202", "BLOCKCE20": "1007", "GEOID20": "060971532021007", "GEOIDFQ20": "1000000US060971532021007", "NAME20": "Block1007", "MTFCC20": "G5040", "UR20": "U", "UACE20": "79498", "FUNCSTAT20": "S", "ALAND20": 170075, "AWATER20": 0, "HOUSING20": 47, "POP20": 152, "DISTRICT": "Secondary", "block_of_residence": "060971532021007", "students": 6, "residents": 10, "INTPTLAT20": 38.390845950464382, "INTPTLON20": -122.71969111465249 }, "geometry": { "type": "Polygon", "coordinates": [ [ [ -122.720701, 38.394428 ], [ -122.720643, 38.394428 ], [ -122.720411, 38.394427 ], [ -122.720044, 38.394426 ], [ -122.719716, 38.394433 ], [ -122.719485, 38.394439 ], [ -122.719298, 38.394437 ], [ -122.718891, 38.394434 ], [ -122.718737, 38.394429 ], [ -122.718551, 38.394423 ], [ -122.718513, 38.394288 ], [ -122.718433, 38.393925 ], [ -122.718415, 38.393797 ], [ -122.718411, 38.393659 ], [ -122.718426, 38.392968 ], [ -122.718443, 38.392229 ], [ -122.718491, 38.390433 ], [ -122.718509, 38.389472 ], [ -122.718534, 38.388662 ], [ -122.718538, 38.388559 ], [ -122.718574, 38.38776 ], [ -122.718573, 38.38767 ], [ -122.718596, 38.387157 ], [ -122.718607, 38.387091 ], [ -122.718735, 38.387109 ], [ -122.718999, 38.387122 ], [ -122.719233, 38.387134 ], [ -122.720181, 38.387162 ], [ -122.720541, 38.387174 ], [ -122.720575, 38.387174 ], [ -122.720862, 38.387176 ], [ -122.720876, 38.388625 ], [ -122.720902, 38.391308 ], [ -122.720919, 38.392974 ], [ -122.720924, 38.393406 ], [ -122.720934, 38.394424 ], [ -122.720875, 38.394426 ], [ -122.720791, 38.394429 ], [ -122.720701, 38.394428 ] ] ] } },
{ "type": "Feature", "properties": { "STATEFP20": "06", "COUNTYFP20": "097", "TRACTCE20": "153202", "BLOCKCE20": "1008", "GEOID20": "060971532021008", "GEOIDFQ20": "1000000US060971532021008", "NAME20": "Block1008", "MTFCC20": "G5040", "UR20": "U", "UACE20": "79498", "FUNCSTAT20": "S", "ALAND20": 156193, "AWATER20": 0, "HOUSING20": 50, "POP20": 192, "DISTRICT": "Secondary", "block_of_residence": "060971532021008", "students": 15, "residents": 15, "INTPTLAT20": 38.390765033002644, "INTPTLON20": -122.71739354585861 }, "geometry": { "type": "Polygon", "coordinates": [ [ [ -122.718538, 38.388559 ], [ -122.718534, 38.388662 ], [ -122.718509, 38.389472 ], [ -122.718491, 38.390433 ], [ -122.718443, 38.392229 ], [ -122.718426, 38.392968 ], [ -122.718411, 38.393659 ], [ -122.718415, 38.393797 ], [ -122.718433, 38.393925 ], [ -122.718513, 38.394288 ], [ -122.718551, 38.394423 ], [ -122.718474, 38.394431 ], [ -122.718176, 38.394431 ], [ -122.7179, 38.394431 ], [ -122.717278, 38.394413 ], [ -122.717051, 38.394419 ], [ -122.716677, 38.39443 ], [ -122.716591, 38.394429 ], [ -122.716332, 38.394427 ], [ -122.716247, 38.394427 ], [ -122.716253, 38.393741 ], [ -122.716259, 38.393109 ], [ -122.716256, 38.391686 ], [ -122.716256, 38.391357 ], [ -122.716262, 38.391152 ], [ -122.716266, 38.391002 ], [ -122.716269, 38.390899 ], [ -122.716269, 38.390525 ], [ -122.716271, 38.389517 ], [ -122.716275, 38.389093 ], [ -122.716281, 38.388617 ], [ -122.716329, 38.388414 ], [ -122.716347, 38.388256 ], [ -122.716365, 38.388113 ], [ -122.716411, 38.387804 ], [ -122.716454, 38.387452 ], [ -122.716479, 38.387371 ], [ -122.716525, 38.387297 ], [ -122.71659, 38.387232 ], [ -122.716609, 38.387217 ], [ -122.716629, 38.387203 ], [ -122.716671, 38.387178 ], [ -122.716765, 38.38714 ], [ -122.716953, 38.387098 ], [ -122.717476, 38.387092 ], [ -122.717771, 38.38706 ], [ -122.717938, 38.387065 ], [ -122.718439, 38.387082 ], [ -122.718571, 38.387087 ], [ -122.718607, 38.387091 ], [ -122.718596, 38.387157 ], [ -122.718573, 38.38767 ], [ -122.718574, 38.38776 ], [ -122.718538, 38.388559 ] ] ] } },
{ "type": "Feature", "properties": { "STATEFP20": "06", "COUNTYFP20": "097", "TRACTCE20": "153202", "BLOCKCE20": "1009", "GEOID20": "060971532021009", "GEOIDFQ20": "1000000US060971532021009", "NAME20": "Block1009", "MTFCC20": "G5040", "UR20": "U", "UACE20": "79498", "FUNCSTAT20": "S", "ALAND20": 129635, "AWATER20": 0, "HOUSING20": 1, "POP20": 21, "DISTRICT": "Secondary", "block_of_residence": "060971532021009", "students": 0, "residents": 0, "INTPTLAT20": 38.389004281357792, "INTPTLON20": -122.72493688782501 }, "geometry": { "type": "Polygon", "coordinates": [ [ [ -122.72672, 38.389434 ], [ -122.726734, 38.389727 ], [ -122.726728, 38.389758 ], [ -122.72673, 38.390142 ], [ -122.726735, 38.390888 ], [ -122.726357, 38.390888 ], [ -122.725518, 38.39089 ], [ -122.725225, 38.390892 ], [ -122.724848, 38.390896 ], [ -122.724604, 38.390898 ], [ -122.723224, 38.390901 ], [ -122.723229, 38.390489 ], [ -122.723223, 38.390043 ], [ -122.723226, 38.389504 ], [ -122.723216, 38.38897 ], [ -122.723215, 38.388938 ], [ -122.723197, 38.38884 ], [ -122.723099, 38.388576 ], [ -122.723067, 38.388457 ], [ -122.723049, 38.388347 ], [ -122.72304, 38.388257 ], [ -122.723043, 38.387785 ], [ -122.723024, 38.387172 ], [ -122.723527, 38.387151 ], [ -122.724497, 38.387162 ], [ -122.725992, 38.387162 ], [ -122.7267, 38.387162 ], [ -122.72671, 38.387205 ], [ -122.726729, 38.38752 ], [ -122.72674, 38.387796 ], [ -122.726737, 38.387905 ], [ -122.726729, 38.388365 ], [ -122.726732, 38.389038 ], [ -122.72672, 38.389434 ] ] ] } },
{ "type": "Feature", "properties": { "STATEFP20": "06", "COUNTYFP20": "097", "TRACTCE20": "153202", "BLOCKCE20": "1010", "GEOID20": "060971532021010", "GEOIDFQ20": "1000000US060971532021010", "NAME20": "Block1010", "MTFCC20": "G5040", "UR20": "U", "UACE20": "79498", "FUNCSTAT20": "S", "ALAND20": 117214, "AWATER20": 0, "HOUSING20": 1, "POP20": 34, "DISTRICT": "Secondary", "block_of_residence": "060971532021010", "students": 1, "residents": 1, "INTPTLAT20": 38.389874260149107, "INTPTLON20": -122.72200311766787 }, "geometry": { "type": "Polygon", "coordinates": [ [ [ -122.723162, 38.391296 ], [ -122.72313, 38.391406 ], [ -122.723104, 38.391517 ], [ -122.723099, 38.391592 ], [ -122.723097, 38.391625 ], [ -122.723092, 38.392012 ], [ -122.723108, 38.392601 ], [ -122.722984, 38.392561 ], [ -122.722694, 38.392432 ], [ -122.721903, 38.392369 ], [ -122.721225, 38.392694 ], [ -122.721, 38.39303 ], [ -122.720924, 38.393406 ], [ -122.720919, 38.392974 ], [ -122.720902, 38.391308 ], [ -122.720876, 38.388625 ], [ -122.720862, 38.387176 ], [ -122.721111, 38.387176 ], [ -122.72203, 38.387193 ], [ -122.722858, 38.387179 ], [ -122.722976, 38.387202 ], [ -122.723024, 38.387172 ], [ -122.723043, 38.387785 ], [ -122.72304, 38.388257 ], [ -122.723049, 38.388347 ], [ -122.723067, 38.388457 ], [ -122.723099, 38.388576 ], [ -122.723197, 38.38884 ], [ -122.723215, 38.388938 ], [ -122.723216, 38.38897 ], [ -122.723226, 38.389504 ], [ -122.723223, 38.390043 ], [ -122.723229, 38.390489 ], [ -122.723224, 38.390901 ], [ -122.723224, 38.391092 ], [ -122.72321, 38.391176 ], [ -122.723162, 38.391296 ] ] ] } },
{ "type": "Feature", "properties": { "STATEFP20": "06", "COUNTYFP20": "097", "TRACTCE20": "153202", "BLOCKCE20": "2000", "GEOID20": "060971532022000", "GEOIDFQ20": "1000000US060971532022000", "NAME20": "Block2000", "MTFCC20": "G5040", "UR20": "U", "UACE20": "79498", "FUNCSTAT20": "S", "ALAND20": 115282, "AWATER20": 0, "HOUSING20": 113, "POP20": 413, "DISTRICT": "Secondary", "block_of_residence": "060971532022000", "students": 11, "residents": 14, "INTPTLAT20": 38.3985658530232, "INTPTLON20": -122.71724299287638 }, "geometry": { "type": "Polygon", "coordinates": [ [ [ -122.718256, 38.395604 ], [ -122.718168, 38.395604 ], [ -122.718069, 38.395605 ], [ -122.717725, 38.395606 ], [ -122.717359, 38.395609 ], [ -122.716907, 38.395607 ], [ -122.71686, 38.395629 ], [ -122.716837, 38.395701 ], [ -122.716841, 38.395758 ], [ -122.716837, 38.395785 ], [ -122.716792, 38.396126 ], [ -122.716785, 38.396184 ], [ -122.716782, 38.396307 ], [ -122.716778, 38.396516 ], [ -122.716792, 38.396822 ], [ -122.716804, 38.39685 ], [ -122.716834, 38.39692 ], [ -122.7169, 38.397004 ], [ -122.716899, 38.397152 ], [ -122.716898, 38.397597 ], [ -122.716898, 38.397746 ], [ -122.716898, 38.397897 ], [ -122.7169, 38.398352 ], [ -122.716901, 38.398504 ], [ -122.716902, 38.39867 ], [ -122.716923, 38.398699 ], [ -122.716942, 38.39871 ], [ -122.716978, 38.398729 ], [ -122.717057, 38.398735 ], [ -122.717078, 38.398734 ], [ -122.717125, 38.398733 ], [ -122.718062, 38.398748 ], [ -122.718174, 38.398746 ], [ -122.71854, 38.398741 ], [ -122.71854, 38.398829 ], [ -122.71854, 38.399096 ], [ -122.71854, 38.399185 ], [ -122.71854, 38.399281 ], [ -122.718539, 38.399395 ], [ -122.718539, 38.399652 ], [ -122.718535, 38.400009 ], [ -122.718534, 38.400027 ], [ -122.718533, 38.400238 ], [ -122.718532, 38.400389 ], [ -122.718531, 38.400842 ], [ -122.718531, 38.400994 ], [ -122.718529, 38.401162 ], [ -122.718526, 38.401466 ], [ -122.718527, 38.401669 ], [ -122.718529, 38.401839 ], [ -122.71849, 38.401827 ], [ -122.718066, 38.401829 ], [ -122.716671, 38.401838 ], [ -122.716496, 38.40184 ], [ -122.716345, 38.401845 ], [ -122.716207, 38.401849 ], [ -122.716207, 38.401833 ], [ -122.716207, 38.401785 ], [ -122.716207, 38.401769 ], [ -122.716207, 38.401742 ], [ -122.716207, 38.401664 ], [ -122.716208, 38.401639 ], [ -122.716209, 38.401348 ], [ -122.716213, 38.400476 ], [ -122.716215, 38.400186 ], [ -122.716217, 38.399574 ], [ -122.716226, 38.397763 ], [ -122.716226, 38.397741 ], [ -122.716232, 38.39713 ], [ -122.716232, 38.397043 ], [ -122.716234, 38.396785 ], [ -122.716236, 38.396699 ], [ -122.71624, 38.396257 ], [ -122.716239, 38.396244 ], [ -122.716239, 38.395357 ], [ -122.716243, 38.394881 ], [ -122.716247, 38.394427 ], [ -122.716332, 38.394427 ], [ -122.716591, 38.394429 ], [ -122.716677, 38.39443 ], [ -122.717051, 38.394419 ], [ -122.717278, 38.394413 ], [ -122.7179, 38.394431 ], [ -122.718176, 38.394431 ], [ -122.718474, 38.394431 ], [ -122.718551, 38.394423 ], [ -122.718556, 38.39445 ], [ -122.718563, 38.39466 ], [ -122.71857, 38.394819 ], [ -122.718568, 38.395374 ], [ -122.718568, 38.395612 ], [ -122.718468, 38.395609 ], [ -122.718256, 38.395604 ] ] ] } },
{ "type": "Feature", "properties": { "STATEFP20": "06", "COUNTYFP20": "097", "TRACTCE20": "153202", "BLOCKCE20": "2001", "GEOID20": "060971532022001", "GEOIDFQ20": "1000000US060971532022001", "NAME20": "Block2001", "MTFCC20": "G5040", "UR20": "U", "UACE20": "79498", "FUNCSTAT20": "S", "ALAND20": 11286, "AWATER20": 0, "HOUSING20": 19, "POP20": 66, "DISTRICT": "Secondary", "block_of_residence": "060971532022001", "students": 1, "residents": 1, "INTPTLAT20": 38.39638413207593, "INTPTLON20": -122.71806128496532 }, "geometry": { "type": "Polygon", "coordinates": [ [ [ -122.718553, 38.396465 ], [ -122.718547, 38.396816 ], [ -122.718545, 38.396933 ], [ -122.718321, 38.396935 ], [ -122.718172, 38.396938 ], [ -122.717665, 38.396934 ], [ -122.717652, 38.396933 ], [ -122.717514, 38.396927 ], [ -122.717429, 38.396927 ], [ -122.717425, 38.396813 ], [ -122.717424, 38.396767 ], [ -122.717424, 38.396287 ], [ -122.717424, 38.396128 ], [ -122.717553, 38.396128 ], [ -122.717647, 38.396129 ], [ -122.717941, 38.396135 ], [ -122.718071, 38.396138 ], [ -122.71807, 38.396031 ], [ -122.718069, 38.395711 ], [ -122.718069, 38.395605 ], [ -122.718168, 38.395604 ], [ -122.718256, 38.395604 ], [ -122.718468, 38.395609 ], [ -122.718568, 38.395612 ], [ -122.718565, 38.395759 ], [ -122.718557, 38.3962 ], [ -122.718555, 38.396348 ], [ -122.718553, 38.396465 ] ] ] } },
{ "type": "Feature", "properties": { "STATEFP20": "06", "COUNTYFP20": "097", "TRACTCE20": "153202", "BLOCKCE20": "2002", "GEOID20": "060971532022002", "GEOIDFQ20": "1000000US060971532022002", "NAME20": "Block2002", "MTFCC20": "G5040", "UR20": "U", "UACE20": "79498", "FUNCSTAT20": "S", "ALAND20": 5025, "AWATER20": 0, "HOUSING20": 16, "POP20": 62, "DISTRICT": "Secondary", "block_of_residence": "060971532022002", "students": 0, "residents": 0, "INTPTLAT20": 38.39653139241792, "INTPTLON20": -122.71710354627299 }, "geometry": { "type": "Polygon", "coordinates": [ [ [ -122.71701, 38.396942 ], [ -122.716991, 38.396948 ], [ -122.716937, 38.396968 ], [ -122.7169, 38.397004 ], [ -122.716834, 38.39692 ], [ -122.716804, 38.39685 ], [ -122.716792, 38.396822 ], [ -122.716778, 38.396516 ], [ -122.716782, 38.396307 ], [ -122.716785, 38.396184 ], [ -122.716792, 38.396126 ], [ -122.716918, 38.396126 ], [ -122.717297, 38.396127 ], [ -122.717424, 38.396128 ], [ -122.717424, 38.396287 ], [ -122.717424, 38.396767 ], [ -122.717425, 38.396813 ], [ -122.717429, 38.396927 ], [ -122.717319, 38.396929 ], [ -122.717081, 38.396934 ], [ -122.71701, 38.396942 ] ] ] } },
{ "type": "Feature", "properties": { "STATEFP20": "06", "COUNTYFP20": "097", "TRACTCE20": "153202", "BLOCKCE20": "2003", "GEOID20": "060971532022003", "GEOIDFQ20": "1000000US060971532022003", "NAME20": "Block2003", "MTFCC20": "G5040", "UR20": "U", "UACE20": "79498", "FUNCSTAT20": "S", "ALAND20": 13359, "AWATER20": 0, "HOUSING20": 19, "POP20": 115, "DISTRICT": "Secondary", "block_of_residence": "060971532022003", "students": 6, "residents": 6, "INTPTLAT20": 38.397354408742395, "INTPTLON20": -122.71773510410414 }, "geometry": { "type": "Polygon", "coordinates": [ [ [ -122.718545, 38.397173 ], [ -122.718545, 38.39764 ], [ -122.718545, 38.397796 ], [ -122.718214, 38.397797 ], [ -122.717984, 38.397798 ], [ -122.717827, 38.397791 ], [ -122.717715, 38.397772 ], [ -122.717529, 38.397749 ], [ -122.717228, 38.397747 ], [ -122.716898, 38.397746 ], [ -122.716898, 38.397597 ], [ -122.716899, 38.397152 ], [ -122.7169, 38.397004 ], [ -122.716937, 38.396968 ], [ -122.716991, 38.396948 ], [ -122.71701, 38.396942 ], [ -122.717081, 38.396934 ], [ -122.717319, 38.396929 ], [ -122.717429, 38.396927 ], [ -122.717514, 38.396927 ], [ -122.717652, 38.396933 ], [ -122.717665, 38.396934 ], [ -122.718172, 38.396938 ], [ -122.718321, 38.396935 ], [ -122.718545, 38.396933 ], [ -122.718545, 38.39695 ], [ -122.718545, 38.397001 ], [ -122.718545, 38.397018 ], [ -122.718545, 38.397173 ] ] ] } },
{ "type": "Feature", "properties": { "STATEFP20": "06", "COUNTYFP20": "097", "TRACTCE20": "153202", "BLOCKCE20": "2004", "GEOID20": "060971532022004", "GEOIDFQ20": "1000000US060971532022004", "NAME20": "Block2004", "MTFCC20": "G5040", "UR20": "U", "UACE20": "79498", "FUNCSTAT20": "S", "ALAND20": 15403, "AWATER20": 0, "HOUSING20": 18, "POP20": 107, "DISTRICT": "Secondary", "block_of_residence": "060971532022004", "students": 5, "residents": 6, "INTPTLAT20": 38.398255204191948, "INTPTLON20": -122.71771380783282 }, "geometry": { "type": "Polygon", "coordinates": [ [ [ -122.71854, 38.398741 ], [ -122.718174, 38.398746 ], [ -122.718062, 38.398748 ], [ -122.717125, 38.398733 ], [ -122.717078, 38.398734 ], [ -122.717057, 38.398735 ], [ -122.716978, 38.398729 ], [ -122.716942, 38.39871 ], [ -122.716923, 38.398699 ], [ -122.716902, 38.39867 ], [ -122.716901, 38.398504 ], [ -122.7169, 38.398352 ], [ -122.716898, 38.397897 ], [ -122.716898, 38.397746 ], [ -122.717228, 38.397747 ], [ -122.717529, 38.397749 ], [ -122.717715, 38.397772 ], [ -122.717827, 38.397791 ], [ -122.717984, 38.397798 ], [ -122.718214, 38.397797 ], [ -122.718545, 38.397796 ], [ -122.718544, 38.397985 ], [ -122.718542, 38.398414 ], [ -122.718541, 38.398552 ], [ -122.71854, 38.398741 ] ] ] } },
{ "type": "Feature", "properties": { "STATEFP20": "06", "COUNTYFP20": "097", "TRACTCE20": "153202", "BLOCKCE20": "2005", "GEOID20": "060971532022005", "GEOIDFQ20": "1000000US060971532022005", "NAME20": "Block2005", "MTFCC20": "G5040", "UR20": "U", "UACE20": "79498", "FUNCSTAT20": "S", "ALAND20": 6296, "AWATER20": 0, "HOUSING20": 15, "POP20": 70, "DISTRICT": "Secondary", "block_of_residence": "060971532022005", "students": 2, "residents": 2, "INTPTLAT20": 38.395870647545621, "INTPTLON20": -122.71745037848143 }, "geometry": { "type": "Polygon", "coordinates": [ [ [ -122.717553, 38.396128 ], [ -122.717424, 38.396128 ], [ -122.717297, 38.396127 ], [ -122.716918, 38.396126 ], [ -122.716792, 38.396126 ], [ -122.716837, 38.395785 ], [ -122.716841, 38.395758 ], [ -122.716837, 38.395701 ], [ -122.71686, 38.395629 ], [ -122.716907, 38.395607 ], [ -122.717359, 38.395609 ], [ -122.717725, 38.395606 ], [ -122.718069, 38.395605 ], [ -122.718069, 38.395711 ], [ -122.71807, 38.396031 ], [ -122.718071, 38.396138 ], [ -122.717941, 38.396135 ], [ -122.717647, 38.396129 ], [ -122.717553, 38.396128 ] ] ] } },
{ "type": "Feature", "properties": { "STATEFP20": "06", "COUNTYFP20": "097", "TRACTCE20": "153202", "BLOCKCE20": "2006", "GEOID20": "060971532022006", "GEOIDFQ20": "1000000US060971532022006", "NAME20": "Block2006", "MTFCC20": "G5040", "UR20": "U", "UACE20": "79498", "FUNCSTAT20": "S", "ALAND20": 66767, "AWATER20": 0, "HOUSING20": 172, "POP20": 665, "DISTRICT": "Secondary", "block_of_residence": "060971532022006", "students": 53, "residents": 61, "INTPTLAT20": 38.400062612599726, "INTPTLON20": -122.71983441143867 }, "geometry": { "type": "Polygon", "coordinates": [ [ [ -122.719792, 38.401831 ], [ -122.719539, 38.40183 ], [ -122.718781, 38.40183 ], [ -122.718745, 38.40183 ], [ -122.718529, 38.401839 ], [ -122.718527, 38.401669 ], [ -122.718526, 38.401466 ], [ -122.718529, 38.401162 ], [ -122.718531, 38.400994 ], [ -122.71858, 38.40099 ], [ -122.718892, 38.400988 ], [ -122.719636, 38.400985 ], [ -122.719977, 38.400986 ], [ -122.72023, 38.400987 ], [ -122.720289, 38.400976 ], [ -122.720332, 38.400953 ], [ -122.720358, 38.40093 ], [ -122.720382, 38.400887 ], [ -122.720385, 38.400868 ], [ -122.720384, 38.400827 ], [ -122.720375, 38.400394 ], [ -122.720374, 38.400312 ], [ -122.720358, 38.400277 ], [ -122.720341, 38.400262 ], [ -122.720322, 38.400251 ], [ -122.720277, 38.400241 ], [ -122.719982, 38.400242 ], [ -122.718994, 38.400246 ], [ -122.718895, 38.400245 ], [ -122.718597, 38.400243 ], [ -122.718533, 38.400238 ], [ -122.718534, 38.400027 ], [ -122.718535, 38.400009 ], [ -122.718539, 38.399652 ], [ -122.718539, 38.399395 ], [ -122.71854, 38.399281 ], [ -122.71854, 38.399185 ], [ -122.71854, 38.399096 ], [ -122.71854, 38.398829 ], [ -122.71854, 38.398741 ], [ -122.718661, 38.398744 ], [ -122.718735, 38.398736 ], [ -122.718757, 38.398725 ], [ -122.718773, 38.398711 ], [ -122.718781, 38.398693 ], [ -122.718784, 38.398557 ], [ -122.718798, 38.398517 ], [ -122.718809, 38.398501 ], [ -122.718831, 38.39849 ], [ -122.718922, 38.398467 ], [ -122.719035, 38.398448 ], [ -122.719236, 38.398406 ], [ -122.719451, 38.398399 ], [ -122.719943, 38.398448 ], [ -122.720583, 38.39845 ], [ -122.720973, 38.39845 ], [ -122.720978, 38.398872 ], [ -122.720981, 38.399164 ], [ -122.720986, 38.399696 ], [ -122.721001, 38.401295 ], [ -122.721007, 38.401828 ], [ -122.720763, 38.401828 ], [ -122.720035, 38.40183 ], [ -122.719792, 38.401831 ] ] ] } },
{ "type": "Feature", "properties": { "STATEFP20": "06", "COUNTYFP20": "097", "TRACTCE20": "153202", "BLOCKCE20": "2007", "GEOID20": "060971532022007", "GEOIDFQ20": "1000000US060971532022007", "NAME20": "Block2007", "MTFCC20": "G5040", "UR20": "U", "UACE20": "79498", "FUNCSTAT20": "S", "ALAND20": 13260, "AWATER20": 0, "HOUSING20": 35, "POP20": 144, "DISTRICT": "Secondary", "block_of_residence": "060971532022007", "students": 4, "residents": 4, "INTPTLAT20": 38.400614989863534, "INTPTLON20": -122.71945128769968 }, "geometry": { "type": "Polygon", "coordinates": [ [ [ -122.720332, 38.400953 ], [ -122.720289, 38.400976 ], [ -122.72023, 38.400987 ], [ -122.719977, 38.400986 ], [ -122.719636, 38.400985 ], [ -122.718892, 38.400988 ], [ -122.71858, 38.40099 ], [ -122.718531, 38.400994 ], [ -122.718531, 38.400842 ], [ -122.718532, 38.400389 ], [ -122.718533, 38.400238 ], [ -122.718597, 38.400243 ], [ -122.718895, 38.400245 ], [ -122.718994, 38.400246 ], [ -122.719982, 38.400242 ], [ -122.720277, 38.400241 ], [ -122.720322, 38.400251 ], [ -122.720341, 38.400262 ], [ -122.720358, 38.400277 ], [ -122.720374, 38.400312 ], [ -122.720375, 38.400394 ], [ -122.720384, 38.400827 ], [ -122.720385, 38.400868 ], [ -122.720382, 38.400887 ], [ -122.720358, 38.40093 ], [ -122.720332, 38.400953 ] ] ] } },
{ "type": "Feature", "properties": { "STATEFP20": "06", "COUNTYFP20": "097", "TRACTCE20": "153202", "BLOCKCE20": "2008", "GEOID20": "060971532022008", "GEOIDFQ20": "1000000US060971532022008", "NAME20": "Block2008", "MTFCC20": "G5040", "UR20": "U", "UACE20": "79498", "FUNCSTAT20": "S", "ALAND20": 107437, "AWATER20": 0, "HOUSING20": 1, "POP20": 5, "DISTRICT": "Secondary", "block_of_residence": "060971532022008", "students": 0, "residents": 1, "INTPTLAT20": 38.399377336399468, "INTPTLON20": -122.72211859646538 }, "geometry": { "type": "Polygon", "coordinates": [ [ [ -122.722801, 38.401824 ], [ -122.721927, 38.40181 ], [ -122.721455, 38.401824 ], [ -122.721292, 38.40183 ], [ -122.721007, 38.401828 ], [ -122.721001, 38.401295 ], [ -122.720986, 38.399696 ], [ -122.720981, 38.399164 ], [ -122.720978, 38.398872 ], [ -122.720973, 38.39845 ], [ -122.720969, 38.397998 ], [ -122.720967, 38.397707 ], [ -122.720965, 38.397571 ], [ -122.720961, 38.397164 ], [ -122.72096, 38.397029 ], [ -122.720959, 38.396979 ], [ -122.720959, 38.39694 ], [ -122.723254, 38.396953 ], [ -122.723255, 38.397085 ], [ -122.723257, 38.397163 ], [ -122.72326, 38.39739 ], [ -122.723246, 38.397943 ], [ -122.723246, 38.398099 ], [ -122.723249, 38.398447 ], [ -122.723262, 38.399089 ], [ -122.72325, 38.399659 ], [ -122.723256, 38.400865 ], [ -122.723257, 38.40091 ], [ -122.723269, 38.401236 ], [ -122.72325, 38.401847 ], [ -122.722886, 38.401826 ], [ -122.722801, 38.401824 ] ] ] } },
{ "type": "Feature", "properties": { "STATEFP20": "06", "COUNTYFP20": "097", "TRACTCE20": "153202", "BLOCKCE20": "2009", "GEOID20": "060971532022009", "GEOIDFQ20": "1000000US060971532022009", "NAME20": "Block2009", "MTFCC20": "G5040", "UR20": "U", "UACE20": "79498", "FUNCSTAT20": "S", "ALAND20": 55622, "AWATER20": 0, "HOUSING20": 0, "POP20": 0, "DISTRICT": "Secondary", "block_of_residence": "060971532022009", "students": 0, "residents": 0, "INTPTLAT20": 38.395697364240725, "INTPTLON20": -122.72208712330657 }, "geometry": { "type": "Polygon", "coordinates": [ [ [ -122.72325, 38.396775 ], [ -122.723251, 38.396852 ], [ -122.723254, 38.396953 ], [ -122.720959, 38.39694 ], [ -122.720957, 38.396831 ], [ -122.720957, 38.396782 ], [ -122.720952, 38.39631 ], [ -122.720938, 38.394895 ], [ -122.720934, 38.394424 ], [ -122.721372, 38.394426 ], [ -122.72152, 38.394428 ], [ -122.72185, 38.394438 ], [ -122.722342, 38.394431 ], [ -122.722687, 38.394435 ], [ -122.722735, 38.394436 ], [ -122.723126, 38.394429 ], [ -122.723128, 38.394565 ], [ -122.723143, 38.39481 ], [ -122.723152, 38.394901 ], [ -122.723155, 38.394928 ], [ -122.723177, 38.395001 ], [ -122.723238, 38.395139 ], [ -122.72326, 38.395206 ], [ -122.723269, 38.39531 ], [ -122.723276, 38.395486 ], [ -122.72324, 38.396268 ], [ -122.72324, 38.396301 ], [ -122.72325, 38.396775 ] ] ] } },
{ "type": "Feature", "properties": { "STATEFP20": "06", "COUNTYFP20": "097", "TRACTCE20": "153202", "BLOCKCE20": "2010", "GEOID20": "060971532022010", "GEOIDFQ20": "1000000US060971532022010", "NAME20": "Block2010", "MTFCC20": "G5040", "UR20": "U", "UACE20": "79498", "FUNCSTAT20": "S", "ALAND20": 70355, "AWATER20": 0, "HOUSING20": 79, "POP20": 311, "DISTRICT": "Secondary", "block_of_residence": "060971532022010", "students": 12, "residents": 20, "INTPTLAT20": 38.396763622820842, "INTPTLON20": -122.71990361539851 }, "geometry": { "type": "Polygon", "coordinates": [ [ [ -122.719451, 38.398399 ], [ -122.719236, 38.398406 ], [ -122.719035, 38.398448 ], [ -122.718922, 38.398467 ], [ -122.718831, 38.39849 ], [ -122.718809, 38.398501 ], [ -122.718798, 38.398517 ], [ -122.718784, 38.398557 ], [ -122.718781, 38.398693 ], [ -122.718773, 38.398711 ], [ -122.718757, 38.398725 ], [ -122.718735, 38.398736 ], [ -122.718661, 38.398744 ], [ -122.71854, 38.398741 ], [ -122.718541, 38.398552 ], [ -122.718542, 38.398414 ], [ -122.718544, 38.397985 ], [ -122.718545, 38.397796 ], [ -122.718545, 38.39764 ], [ -122.718545, 38.397173 ], [ -122.718545, 38.397018 ], [ -122.718545, 38.397001 ], [ -122.718545, 38.39695 ], [ -122.718545, 38.396933 ], [ -122.718547, 38.396816 ], [ -122.718553, 38.396465 ], [ -122.718555, 38.396348 ], [ -122.718994, 38.396352 ], [ -122.71927, 38.396355 ], [ -122.720063, 38.396351 ], [ -122.720292, 38.396357 ], [ -122.720312, 38.396354 ], [ -122.720371, 38.396348 ], [ -122.720415, 38.396307 ], [ -122.720419, 38.395987 ], [ -122.72042, 38.395831 ], [ -122.720399, 38.395675 ], [ -122.720384, 38.395618 ], [ -122.72027, 38.39562 ], [ -122.719604, 38.395632 ], [ -122.719539, 38.395624 ], [ -122.719488, 38.395587 ], [ -122.719468, 38.395501 ], [ -122.719477, 38.395056 ], [ -122.719478, 38.394925 ], [ -122.719485, 38.394439 ], [ -122.719716, 38.394433 ], [ -122.720044, 38.394426 ], [ -122.720411, 38.394427 ], [ -122.720643, 38.394428 ], [ -122.720701, 38.394428 ], [ -122.720791, 38.394429 ], [ -122.720875, 38.394426 ], [ -122.720934, 38.394424 ], [ -122.720938, 38.394895 ], [ -122.720952, 38.39631 ], [ -122.720957, 38.396782 ], [ -122.720957, 38.396831 ], [ -122.720959, 38.39694 ], [ -122.720959, 38.396979 ], [ -122.72096, 38.397029 ], [ -122.720961, 38.397164 ], [ -122.720965, 38.397571 ], [ -122.720967, 38.397707 ], [ -122.720969, 38.397998 ], [ -122.720973, 38.39845 ], [ -122.720583, 38.39845 ], [ -122.719943, 38.398448 ], [ -122.719451, 38.398399 ] ] ] } },
{ "type": "Feature", "properties": { "STATEFP20": "06", "COUNTYFP20": "097", "TRACTCE20": "153202", "BLOCKCE20": "2011", "GEOID20": "060971532022011", "GEOIDFQ20": "1000000US060971532022011", "NAME20": "Block2011", "MTFCC20": "G5040", "UR20": "U", "UACE20": "79498", "FUNCSTAT20": "S", "ALAND20": 7297, "AWATER20": 0, "HOUSING20": 15, "POP20": 47, "DISTRICT": "Secondary", "block_of_residence": "060971532022011", "students": 2, "residents": 2, "INTPTLAT20": 38.395654054493285, "INTPTLON20": -122.71956759685607 }, "geometry": { "type": "Polygon", "coordinates": [ [ [ -122.719033, 38.395176 ], [ -122.719049, 38.395118 ], [ -122.719083, 38.395081 ], [ -122.719126, 38.39506 ], [ -122.719166, 38.395055 ], [ -122.719477, 38.395056 ], [ -122.719468, 38.395501 ], [ -122.719488, 38.395587 ], [ -122.719539, 38.395624 ], [ -122.719604, 38.395632 ], [ -122.72027, 38.39562 ], [ -122.720384, 38.395618 ], [ -122.720399, 38.395675 ], [ -122.72042, 38.395831 ], [ -122.720419, 38.395987 ], [ -122.719897, 38.395992 ], [ -122.719023, 38.395981 ], [ -122.719033, 38.395176 ] ] ] } },
{ "type": "Feature", "properties": { "STATEFP20": "06", "COUNTYFP20": "097", "TRACTCE20": "153202", "BLOCKCE20": "2012", "GEOID20": "060971532022012", "GEOIDFQ20": "1000000US060971532022012", "NAME20": "Block2012", "MTFCC20": "G5040", "UR20": "U", "UACE20": "79498", "FUNCSTAT20": "S", "ALAND20": 16300, "AWATER20": 0, "HOUSING20": 25, "POP20": 112, "DISTRICT": "Secondary", "block_of_residence": "060971532022012", "students": 2, "residents": 3, "INTPTLAT20": 38.395517765891306, "INTPTLON20": -122.71915086205485 }, "geometry": { "type": "Polygon", "coordinates": [ [ [ -122.720292, 38.396357 ], [ -122.720063, 38.396351 ], [ -122.71927, 38.396355 ], [ -122.718994, 38.396352 ], [ -122.718555, 38.396348 ], [ -122.718557, 38.3962 ], [ -122.718565, 38.395759 ], [ -122.718568, 38.395612 ], [ -122.718568, 38.395374 ], [ -122.71857, 38.394819 ], [ -122.718563, 38.39466 ], [ -122.718556, 38.39445 ], [ -122.718551, 38.394423 ], [ -122.718737, 38.394429 ], [ -122.718891, 38.394434 ], [ -122.719298, 38.394437 ], [ -122.719485, 38.394439 ], [ -122.719478, 38.394925 ], [ -122.719477, 38.395056 ], [ -122.719166, 38.395055 ], [ -122.719126, 38.39506 ], [ -122.719083, 38.395081 ], [ -122.719049, 38.395118 ], [ -122.719033, 38.395176 ], [ -122.719023, 38.395981 ], [ -122.719897, 38.395992 ], [ -122.720419, 38.395987 ], [ -122.720415, 38.396307 ], [ -122.720371, 38.396348 ], [ -122.720312, 38.396354 ], [ -122.720292, 38.396357 ] ] ] } },
{ "type": "Feature", "properties": { "STATEFP20": "06", "COUNTYFP20": "097", "TRACTCE20": "153202", "BLOCKCE20": "3000", "GEOID20": "060971532023000", "GEOIDFQ20": "1000000US060971532023000", "NAME20": "Block3000", "MTFCC20": "G5040", "UR20": "U", "UACE20": "79498", "FUNCSTAT20": "S", "ALAND20": 13841, "AWATER20": 0, "HOUSING20": 0, "POP20": 0, "DISTRICT": "Secondary", "block_of_residence": "060971532023000", "students": 0, "residents": 0, "INTPTLAT20": 38.386810322008046, "INTPTLON20": -122.71693351133962 }, "geometry": { "type": "Polygon", "coordinates": [ [ [ -122.716765, 38.38714 ], [ -122.716671, 38.387178 ], [ -122.716629, 38.387203 ], [ -122.716609, 38.387217 ], [ -122.71659, 38.387232 ], [ -122.716525, 38.387297 ], [ -122.716479, 38.387371 ], [ -122.716454, 38.387452 ], [ -122.716411, 38.387804 ], [ -122.716365, 38.388113 ], [ -122.716347, 38.388256 ], [ -122.716329, 38.388414 ], [ -122.716281, 38.388617 ], [ -122.716279, 38.388402 ], [ -122.716278, 38.387979 ], [ -122.716292, 38.387788 ], [ -122.716292, 38.387759 ], [ -122.716293, 38.387545 ], [ -122.716301, 38.386259 ], [ -122.71637, 38.38626 ], [ -122.717238, 38.386263 ], [ -122.717447, 38.38626 ], [ -122.717603, 38.386248 ], [ -122.717668, 38.386248 ], [ -122.717738, 38.386376 ], [ -122.717742, 38.386396 ], [ -122.71777, 38.386538 ], [ -122.71777, 38.386893 ], [ -122.717771, 38.38706 ], [ -122.717476, 38.387092 ], [ -122.716953, 38.387098 ], [ -122.716765, 38.38714 ] ] ] } },
{ "type": "Feature", "properties": { "STATEFP20": "06", "COUNTYFP20": "097", "TRACTCE20": "153202", "BLOCKCE20": "3001", "GEOID20": "060971532023001", "GEOIDFQ20": "1000000US060971532023001", "NAME20": "Block3001", "MTFCC20": "G5040", "UR20": "U", "UACE20": "79498", "FUNCSTAT20": "S", "ALAND20": 211396, "AWATER20": 0, "HOUSING20": 8, "POP20": 29, "DISTRICT": "Secondary", "block_of_residence": "060971532023001", "students": 1, "residents": 1, "INTPTLAT20": 38.373089266435578, "INTPTLON20": -122.71547992169451 }, "geometry": { "type": "Polygon", "coordinates": [ [ [ -122.712752329503004, 38.369258970726101 ], [ -122.712684329984995, 38.369089970492098 ], [ -122.712643329914002, 38.368964970579597 ], [ -122.712595328912997, 38.368814970732501 ], [ -122.712504329408006, 38.368513970367097 ], [ -122.712455329834995, 38.368306970269202 ], [ -122.712408328806006, 38.368029970331399 ], [ -122.712343328735003, 38.367421970786602 ], [ -122.712334329380994, 38.367180970118604 ], [ -122.712340328893006, 38.366970970571401 ], [ -122.712371329158003, 38.366662969983899 ], [ -122.712397328888997, 38.366418970091601 ], [ -122.712472329419995, 38.365890970047097 ], [ -122.712479329073005, 38.365835969836297 ], [ -122.712502329054999, 38.365672969832502 ], [ -122.712509140149479, 38.365632102742907 ], [ -122.712562, 38.365718 ], [ -122.712616, 38.365806 ], [ -122.712704, 38.365948 ], [ -122.712756, 38.366032 ], [ -122.712821, 38.366137 ], [ -122.712954, 38.366352 ], [ -122.713353, 38.366997 ], [ -122.713487, 38.367212 ], [ -122.713719, 38.367587 ], [ -122.713986, 38.367999 ], [ -122.714049, 38.368096 ], [ -122.714971, 38.369581 ], [ -122.715464, 38.370373 ], [ -122.71594, 38.37114 ], [ -122.715956, 38.371166 ], [ -122.716482, 38.372022 ], [ -122.716584, 38.372185 ], [ -122.717708, 38.373982 ], [ -122.718483, 38.375236 ], [ -122.719113, 38.376255 ], [ -122.719056, 38.376255 ], [ -122.718885, 38.376256 ], [ -122.718829, 38.376257 ], [ -122.718756, 38.376257 ], [ -122.718568, 38.376258 ], [ -122.71854, 38.376259 ], [ -122.718468, 38.376262 ], [ -122.718308, 38.376256 ], [ -122.71825, 38.376257 ], [ -122.718096, 38.376257 ], [ -122.716982, 38.376258 ], [ -122.716872, 38.376259 ], [ -122.716712, 38.376263 ], [ -122.716658, 38.376271 ], [ -122.716616, 38.376291 ], [ -122.716589, 38.376312 ], [ -122.71657, 38.376344 ], [ -122.716547, 38.376432 ], [ -122.716543, 38.376478 ], [ -122.716547, 38.376675 ], [ -122.716546, 38.377348 ], [ -122.716546, 38.379739 ], [ -122.716539, 38.380584 ], [ -122.716532, 38.381492 ], [ -122.716531, 38.381663 ], [ -122.716528, 38.382115 ], [ -122.716525, 38.382674 ], [ -122.716524, 38.38313 ], [ -122.716514, 38.384131 ], [ -122.716512, 38.384819 ], [ -122.716517, 38.384963 ], [ -122.716561, 38.385125 ], [ -122.716612, 38.385215 ], [ -122.716702, 38.38534 ], [ -122.716755, 38.385398 ], [ -122.716831, 38.385464 ], [ -122.716936, 38.385556 ], [ -122.716982, 38.385596 ], [ -122.71728, 38.385838 ], [ -122.717506, 38.386041 ], [ -122.717644, 38.386203 ], [ -122.717668, 38.386248 ], [ -122.717603, 38.386248 ], [ -122.717447, 38.38626 ], [ -122.717238, 38.386263 ], [ -122.71637, 38.38626 ], [ -122.716301, 38.386259 ], [ -122.716306, 38.385226 ], [ -122.716325, 38.381664 ], [ -122.71633, 38.380587 ], [ -122.716348, 38.377358 ], [ -122.716353, 38.376579 ], [ -122.716346, 38.37641 ], [ -122.716334, 38.376283 ], [ -122.716304, 38.37595 ], [ -122.716261, 38.375641 ], [ -122.716202, 38.37534 ], [ -122.716187, 38.37526 ], [ -122.716141, 38.37507 ], [ -122.716081, 38.374884 ], [ -122.715918, 38.374385 ], [ -122.715571, 38.373588 ], [ -122.715208, 38.372994 ], [ -122.715035, 38.372754 ], [ -122.714611, 38.372164 ], [ -122.714486, 38.371977 ], [ -122.714467, 38.37195 ], [ -122.714413, 38.371869 ], [ -122.714396, 38.371843 ], [ -122.714374, 38.37181 ], [ -122.714316, 38.371723 ], [ -122.714108, 38.371438 ], [ -122.713398, 38.37046 ], [ -122.713299, 38.370331 ], [ -122.713235, 38.370231 ], [ -122.71317, 38.370129 ], [ -122.713064, 38.369918 ], [ -122.713012, 38.36979 ], [ -122.713005, 38.369778 ], [ -122.712992, 38.369742 ], [ -122.712979, 38.369731 ], [ -122.712972, 38.369719 ], [ -122.712952, 38.369683 ], [ -122.712946, 38.369672 ], [ -122.712866, 38.369531 ], [ -122.712774, 38.369339 ], [ -122.712741898808062, 38.36926103996241 ], [ -122.712752329503004, 38.369258970726101 ] ] ] } },
{ "type": "Feature", "properties": { "STATEFP20": "06", "COUNTYFP20": "097", "TRACTCE20": "153202", "BLOCKCE20": "3002", "GEOID20": "060971532023002", "GEOIDFQ20": "1000000US060971532023002", "NAME20": "Block3002", "MTFCC20": "G5040", "UR20": "U", "UACE20": "79498", "FUNCSTAT20": "S", "ALAND20": 8400, "AWATER20": 0, "HOUSING20": 0, "POP20": 0, "DISTRICT": "Secondary", "block_of_residence": "060971532023002", "students": 0, "residents": 0, "INTPTLAT20": 38.368712786054303, "INTPTLON20": -122.71483975180783 }, "geometry": { "type": "Polygon", "coordinates": [ [ [ -122.715299, 38.369571 ], [ -122.714971, 38.369581 ], [ -122.714049, 38.368096 ], [ -122.713986, 38.367999 ], [ -122.713719, 38.367587 ], [ -122.713487, 38.367212 ], [ -122.713481, 38.367165 ], [ -122.713465, 38.367027 ], [ -122.71346, 38.366981 ], [ -122.713459, 38.366944 ], [ -122.713455, 38.366835 ], [ -122.713458, 38.366799 ], [ -122.713587, 38.36701 ], [ -122.713649, 38.367112 ], [ -122.71475, 38.368908 ], [ -122.714836, 38.36901 ], [ -122.714927, 38.369092 ], [ -122.715044, 38.369172 ], [ -122.715175, 38.369238 ], [ -122.715247, 38.36927 ], [ -122.715387, 38.36934 ], [ -122.715513, 38.36939 ], [ -122.715673, 38.369437 ], [ -122.715834, 38.36947 ], [ -122.715999, 38.369489 ], [ -122.716226, 38.369493 ], [ -122.71716, 38.369512 ], [ -122.717161, 38.369532 ], [ -122.717165, 38.369594 ], [ -122.717167, 38.369615 ], [ -122.716199, 38.369592 ], [ -122.715456, 38.369575 ], [ -122.715299, 38.369571 ] ] ] } },
{ "type": "Feature", "properties": { "STATEFP20": "06", "COUNTYFP20": "097", "TRACTCE20": "153202", "BLOCKCE20": "3003", "GEOID20": "060971532023003", "GEOIDFQ20": "1000000US060971532023003", "NAME20": "Block3003", "MTFCC20": "G5040", "UR20": "U", "UACE20": "79498", "FUNCSTAT20": "S", "ALAND20": 98269, "AWATER20": 0, "HOUSING20": 1, "POP20": 14, "DISTRICT": "Secondary", "block_of_residence": "060971532023003", "students": 0, "residents": 0, "INTPTLAT20": 38.378896354029564, "INTPTLON20": -122.71749010023336 }, "geometry": { "type": "Polygon", "coordinates": [ [ [ -122.717996, 38.381454 ], [ -122.717881, 38.381492 ], [ -122.717424, 38.381647 ], [ -122.716531, 38.381663 ], [ -122.716532, 38.381492 ], [ -122.716539, 38.380584 ], [ -122.716546, 38.379739 ], [ -122.716546, 38.377348 ], [ -122.716547, 38.376675 ], [ -122.716543, 38.376478 ], [ -122.716547, 38.376432 ], [ -122.71657, 38.376344 ], [ -122.716589, 38.376312 ], [ -122.716616, 38.376291 ], [ -122.716658, 38.376271 ], [ -122.716712, 38.376263 ], [ -122.716872, 38.376259 ], [ -122.716982, 38.376258 ], [ -122.718096, 38.376257 ], [ -122.71825, 38.376257 ], [ -122.718308, 38.376256 ], [ -122.718468, 38.376262 ], [ -122.718471, 38.377637 ], [ -122.718477, 38.379823 ], [ -122.718436, 38.381004 ], [ -122.718261, 38.381262 ], [ -122.717996, 38.381454 ] ] ] } },
{ "type": "Feature", "properties": { "STATEFP20": "06", "COUNTYFP20": "097", "TRACTCE20": "153202", "BLOCKCE20": "3004", "GEOID20": "060971532023004", "GEOIDFQ20": "1000000US060971532023004", "NAME20": "Block3004", "MTFCC20": "G5040", "UR20": "U", "UACE20": "79498", "FUNCSTAT20": "S", "ALAND20": 310982, "AWATER20": 0, "HOUSING20": 2, "POP20": 17, "DISTRICT": "Secondary", "block_of_residence": "060971532023004", "students": 0, "residents": 0, "INTPTLAT20": 38.382701733038616, "INTPTLON20": -122.71900791219882 }, "geometry": { "type": "Polygon", "coordinates": [ [ [ -122.720181, 38.387162 ], [ -122.719233, 38.387134 ], [ -122.718999, 38.387122 ], [ -122.718735, 38.387109 ], [ -122.718607, 38.387091 ], [ -122.718571, 38.387087 ], [ -122.718439, 38.387082 ], [ -122.717938, 38.387065 ], [ -122.717771, 38.38706 ], [ -122.71777, 38.386893 ], [ -122.71777, 38.386538 ], [ -122.717742, 38.386396 ], [ -122.717738, 38.386376 ], [ -122.717668, 38.386248 ], [ -122.717644, 38.386203 ], [ -122.717506, 38.386041 ], [ -122.71728, 38.385838 ], [ -122.716982, 38.385596 ], [ -122.716936, 38.385556 ], [ -122.716831, 38.385464 ], [ -122.716755, 38.385398 ], [ -122.716702, 38.38534 ], [ -122.716612, 38.385215 ], [ -122.716561, 38.385125 ], [ -122.716517, 38.384963 ], [ -122.716512, 38.384819 ], [ -122.716514, 38.384131 ], [ -122.716524, 38.38313 ], [ -122.716525, 38.382674 ], [ -122.716528, 38.382115 ], [ -122.716531, 38.381663 ], [ -122.717424, 38.381647 ], [ -122.717881, 38.381492 ], [ -122.717996, 38.381454 ], [ -122.718261, 38.381262 ], [ -122.718436, 38.381004 ], [ -122.718477, 38.379823 ], [ -122.718471, 38.377637 ], [ -122.718468, 38.376262 ], [ -122.71854, 38.376259 ], [ -122.718568, 38.376258 ], [ -122.718756, 38.376257 ], [ -122.718829, 38.376257 ], [ -122.718885, 38.376256 ], [ -122.719056, 38.376255 ], [ -122.719113, 38.376255 ], [ -122.719658, 38.377123 ], [ -122.719962, 38.377632 ], [ -122.720156, 38.378004 ], [ -122.720382, 38.378532 ], [ -122.720473, 38.378795 ], [ -122.720597, 38.37921 ], [ -122.720664, 38.379524 ], [ -122.720717, 38.379804 ], [ -122.720748, 38.380025 ], [ -122.720786, 38.380504 ], [ -122.7208, 38.381394 ], [ -122.720856, 38.386953 ], [ -122.720862, 38.387176 ], [ -122.720575, 38.387174 ], [ -122.720541, 38.387174 ], [ -122.720181, 38.387162 ] ] ] } },
{ "type": "Feature", "properties": { "STATEFP20": "06", "COUNTYFP20": "097", "TRACTCE20": "153202", "BLOCKCE20": "3005", "GEOID20": "060971532023005", "GEOIDFQ20": "1000000US060971532023005", "NAME20": "Block3005", "MTFCC20": "G5040", "UR20": "R", "UACE20": null, "FUNCSTAT20": "S", "ALAND20": 2213144, "AWATER20": 0, "HOUSING20": 94, "POP20": 250, "DISTRICT": "Secondary", "block_of_residence": "060971532023005", "students": 4, "residents": 5, "INTPTLAT20": 38.381670145231155, "INTPTLON20": -122.73103305505175 }, "geometry": { "type": "Polygon", "coordinates": [ [ [ -122.741543, 38.384243 ], [ -122.741542, 38.384829 ], [ -122.74154, 38.385292 ], [ -122.741535, 38.386683 ], [ -122.741534, 38.387147 ], [ -122.741382, 38.387156 ], [ -122.740292, 38.387156 ], [ -122.73852, 38.387157 ], [ -122.736566, 38.387162 ], [ -122.735325, 38.387166 ], [ -122.734928, 38.387169 ], [ -122.734094, 38.387168 ], [ -122.733599, 38.387168 ], [ -122.733021, 38.387169 ], [ -122.731778, 38.387169 ], [ -122.728424, 38.387168 ], [ -122.728355, 38.387168 ], [ -122.728125, 38.387163 ], [ -122.7267, 38.387162 ], [ -122.725992, 38.387162 ], [ -122.724497, 38.387162 ], [ -122.723527, 38.387151 ], [ -122.723024, 38.387172 ], [ -122.722976, 38.387202 ], [ -122.722858, 38.387179 ], [ -122.72203, 38.387193 ], [ -122.721111, 38.387176 ], [ -122.720862, 38.387176 ], [ -122.720856, 38.386953 ], [ -122.7208, 38.381394 ], [ -122.720786, 38.380504 ], [ -122.720748, 38.380025 ], [ -122.720717, 38.379804 ], [ -122.720664, 38.379524 ], [ -122.720597, 38.37921 ], [ -122.720473, 38.378795 ], [ -122.720382, 38.378532 ], [ -122.720156, 38.378004 ], [ -122.719962, 38.377632 ], [ -122.719658, 38.377123 ], [ -122.719113, 38.376255 ], [ -122.719578, 38.376256 ], [ -122.720347, 38.376244 ], [ -122.720529, 38.376242 ], [ -122.721187, 38.376255 ], [ -122.721917, 38.376257 ], [ -122.722473, 38.376254 ], [ -122.72292, 38.376259 ], [ -122.723658, 38.376257 ], [ -122.724051, 38.376257 ], [ -122.725286, 38.37626 ], [ -122.725939, 38.376263 ], [ -122.726085, 38.376262 ], [ -122.727337, 38.376261 ], [ -122.728087, 38.37626 ], [ -122.728485, 38.376263 ], [ -122.729285, 38.37627 ], [ -122.730085, 38.376271 ], [ -122.732485, 38.376274 ], [ -122.733285, 38.376276 ], [ -122.734087, 38.376273 ], [ -122.735337, 38.37627 ], [ -122.736496, 38.376274 ], [ -122.737299, 38.376277 ], [ -122.738123, 38.376275 ], [ -122.740595, 38.376272 ], [ -122.741146, 38.376272 ], [ -122.74142, 38.376265 ], [ -122.741451, 38.377714 ], [ -122.74145, 38.377978 ], [ -122.741448, 38.379489 ], [ -122.741466, 38.379817 ], [ -122.741494, 38.380307 ], [ -122.741578, 38.381544 ], [ -122.741591, 38.382227 ], [ -122.741571, 38.38291 ], [ -122.741566, 38.383115 ], [ -122.741543, 38.384243 ] ] ] } },
{ "type": "Feature", "properties": { "STATEFP20": "06", "COUNTYFP20": "097", "TRACTCE20": "153202", "BLOCKCE20": "3006", "GEOID20": "060971532023006", "GEOIDFQ20": "1000000US060971532023006", "NAME20": "Block3006", "MTFCC20": "G5040", "UR20": "U", "UACE20": "79498", "FUNCSTAT20": "S", "ALAND20": 4823, "AWATER20": 0, "HOUSING20": 0, "POP20": 0, "DISTRICT": "Secondary", "block_of_residence": "060971532023006", "students": 0, "residents": 0, "INTPTLAT20": 38.366201939421799, "INTPTLON20": -122.71304761714414 }, "geometry": { "type": "Polygon", "coordinates": [ [ [ -122.712511328841003, 38.3656189704258 ], [ -122.712517328592, 38.365569970146304 ], [ -122.712537328644004, 38.365425969785299 ], [ -122.712543129656979, 38.365391163600187 ], [ -122.712657, 38.365577 ], [ -122.712672, 38.365588 ], [ -122.712693, 38.365603 ], [ -122.712757, 38.365652 ], [ -122.712958, 38.365803 ], [ -122.713023, 38.365833 ], [ -122.713105, 38.365851 ], [ -122.71319, 38.365852 ], [ -122.713277, 38.365905 ], [ -122.71328, 38.365968 ], [ -122.713284, 38.366052 ], [ -122.713288, 38.366298 ], [ -122.713311, 38.366451 ], [ -122.71335, 38.366585 ], [ -122.713406, 38.366715 ], [ -122.713458, 38.366799 ], [ -122.713455, 38.366835 ], [ -122.713459, 38.366944 ], [ -122.71346, 38.366981 ], [ -122.713465, 38.367027 ], [ -122.713481, 38.367165 ], [ -122.713487, 38.367212 ], [ -122.713353, 38.366997 ], [ -122.712954, 38.366352 ], [ -122.712821, 38.366137 ], [ -122.712756, 38.366032 ], [ -122.712704, 38.365948 ], [ -122.712616, 38.365806 ], [ -122.712562, 38.365718 ], [ -122.712509140149479, 38.365632102742907 ], [ -122.712511328841003, 38.3656189704258 ] ] ] } },
{ "type": "Feature", "properties": { "STATEFP20": "06", "COUNTYFP20": "097", "TRACTCE20": "153202", "BLOCKCE20": "3007", "GEOID20": "060971532023007", "GEOIDFQ20": "1000000US060971532023007", "NAME20": "Block3007", "MTFCC20": "G5040", "UR20": "U", "UACE20": "79498", "FUNCSTAT20": "S", "ALAND20": 5996, "AWATER20": 0, "HOUSING20": 0, "POP20": 0, "DISTRICT": "Secondary", "block_of_residence": "060971532023007", "students": 0, "residents": 0, "INTPTLAT20": 38.367625319408411, "INTPTLON20": -122.71409705118106 }, "geometry": { "type": "Polygon", "coordinates": [ [ [ -122.715044, 38.369172 ], [ -122.714927, 38.369092 ], [ -122.714836, 38.36901 ], [ -122.71475, 38.368908 ], [ -122.713649, 38.367112 ], [ -122.713587, 38.36701 ], [ -122.713458, 38.366799 ], [ -122.713406, 38.366715 ], [ -122.71335, 38.366585 ], [ -122.713311, 38.366451 ], [ -122.713288, 38.366298 ], [ -122.713284, 38.366052 ], [ -122.71328, 38.365968 ], [ -122.713277, 38.365905 ], [ -122.713451, 38.365907 ], [ -122.713437, 38.366073 ], [ -122.713438, 38.36618 ], [ -122.713455, 38.366335 ], [ -122.713495, 38.366508 ], [ -122.713542, 38.36664 ], [ -122.713695, 38.366877 ], [ -122.713761, 38.366984 ], [ -122.714251, 38.367779 ], [ -122.714886, 38.368808 ], [ -122.714922, 38.368876 ], [ -122.715001, 38.368993 ], [ -122.715088, 38.369089 ], [ -122.715203, 38.369187 ], [ -122.715513, 38.36939 ], [ -122.715387, 38.36934 ], [ -122.715247, 38.36927 ], [ -122.715175, 38.369238 ], [ -122.715044, 38.369172 ] ] ] } },
{ "type": "Feature", "properties": { "STATEFP20": "06", "COUNTYFP20": "097", "TRACTCE20": "153202", "BLOCKCE20": "3008", "GEOID20": "060971532023008", "GEOIDFQ20": "1000000US060971532023008", "NAME20": "Block3008", "MTFCC20": "G5040", "UR20": "U", "UACE20": "79498", "FUNCSTAT20": "S", "ALAND20": 175467, "AWATER20": 0, "HOUSING20": 0, "POP20": 0, "DISTRICT": "Secondary", "block_of_residence": "060971532023008", "students": 0, "residents": 0, "INTPTLAT20": 38.366350801554226, "INTPTLON20": -122.71569357977654 }, "geometry": { "type": "Polygon", "coordinates": [ [ [ -122.717241, 38.364302 ], [ -122.717234, 38.364434 ], [ -122.717221, 38.364727 ], [ -122.717208, 38.364994 ], [ -122.717208, 38.365049 ], [ -122.71721, 38.366018 ], [ -122.717211, 38.366341 ], [ -122.717212, 38.366977 ], [ -122.717213, 38.367262 ], [ -122.71721, 38.368886 ], [ -122.71721, 38.369397 ], [ -122.71716, 38.369512 ], [ -122.716226, 38.369493 ], [ -122.715999, 38.369489 ], [ -122.715834, 38.36947 ], [ -122.715673, 38.369437 ], [ -122.715513, 38.36939 ], [ -122.715203, 38.369187 ], [ -122.715088, 38.369089 ], [ -122.715001, 38.368993 ], [ -122.714922, 38.368876 ], [ -122.714886, 38.368808 ], [ -122.714251, 38.367779 ], [ -122.713761, 38.366984 ], [ -122.713695, 38.366877 ], [ -122.713542, 38.36664 ], [ -122.713495, 38.366508 ], [ -122.713455, 38.366335 ], [ -122.713438, 38.36618 ], [ -122.713437, 38.366073 ], [ -122.713451, 38.365907 ], [ -122.713465, 38.365735 ], [ -122.71352, 38.365559 ], [ -122.713592, 38.365402 ], [ -122.713684, 38.365249 ], [ -122.713786, 38.365109 ], [ -122.713876, 38.365017 ], [ -122.713995, 38.364925 ], [ -122.714051, 38.364889 ], [ -122.714408, 38.364694 ], [ -122.714544, 38.364603 ], [ -122.71466, 38.36451 ], [ -122.714841, 38.364334 ], [ -122.714889, 38.364272 ], [ -122.714958, 38.364171 ], [ -122.715004, 38.364081 ], [ -122.715105, 38.363813 ], [ -122.715129, 38.363579 ], [ -122.715137, 38.363258 ], [ -122.715259, 38.363258 ], [ -122.715334, 38.363259 ], [ -122.715372, 38.363259 ], [ -122.715486, 38.363259 ], [ -122.715525, 38.363259 ], [ -122.715868, 38.36326 ], [ -122.716897, 38.363263 ], [ -122.717241, 38.363265 ], [ -122.717239, 38.363557 ], [ -122.717238, 38.364084 ], [ -122.71724, 38.364227 ], [ -122.717241, 38.364302 ] ] ] } },
{ "type": "Feature", "properties": { "STATEFP20": "06", "COUNTYFP20": "097", "TRACTCE20": "153202", "BLOCKCE20": "3009", "GEOID20": "060971532023009", "GEOIDFQ20": "1000000US060971532023009", "NAME20": "Block3009", "MTFCC20": "G5040", "UR20": "U", "UACE20": "79498", "FUNCSTAT20": "S", "ALAND20": 245626, "AWATER20": 0, "HOUSING20": 15, "POP20": 44, "DISTRICT": "Secondary", "block_of_residence": "060971532023009", "students": 0, "residents": 0, "INTPTLAT20": 38.36536867838182, "INTPTLON20": -122.72022917520127 }, "geometry": { "type": "Polygon", "coordinates": [ [ [ -122.71927, 38.369518 ], [ -122.718037, 38.36952 ], [ -122.717657, 38.369521 ], [ -122.717404, 38.369516 ], [ -122.717355, 38.369515 ], [ -122.717208, 38.369512 ], [ -122.71716, 38.369512 ], [ -122.71721, 38.369397 ], [ -122.71721, 38.368886 ], [ -122.717213, 38.367262 ], [ -122.717212, 38.366977 ], [ -122.717211, 38.366341 ], [ -122.71721, 38.366018 ], [ -122.717208, 38.365049 ], [ -122.717208, 38.364994 ], [ -122.717221, 38.364727 ], [ -122.717234, 38.364434 ], [ -122.717241, 38.364302 ], [ -122.71724, 38.364227 ], [ -122.717238, 38.364084 ], [ -122.717239, 38.363557 ], [ -122.717241, 38.363265 ], [ -122.718041, 38.363267 ], [ -122.719222, 38.363272 ], [ -122.720442, 38.363268 ], [ -122.721243, 38.363266 ], [ -122.721441, 38.363265 ], [ -122.721453, 38.363265 ], [ -122.722042, 38.363264 ], [ -122.722353, 38.363264 ], [ -122.723318, 38.363269 ], [ -122.72444, 38.363263 ], [ -122.72524, 38.36326 ], [ -122.725236, 38.364142 ], [ -122.725236, 38.364181 ], [ -122.725242, 38.365383 ], [ -122.721245, 38.365351 ], [ -122.719248, 38.365373 ], [ -122.71927, 38.369518 ] ] ] } },
{ "type": "Feature", "properties": { "STATEFP20": "06", "COUNTYFP20": "097", "TRACTCE20": "153202", "BLOCKCE20": "3010", "GEOID20": "060971532023010", "GEOIDFQ20": "1000000US060971532023010", "NAME20": "Block3010", "MTFCC20": "G5040", "UR20": "U", "UACE20": "79498", "FUNCSTAT20": "S", "ALAND20": 117889, "AWATER20": 0, "HOUSING20": 2, "POP20": 41, "DISTRICT": "Secondary", "block_of_residence": "060971532023010", "students": 0, "residents": 0, "INTPTLAT20": 38.370318058735222, "INTPTLON20": -122.71925700826141 }, "geometry": { "type": "Polygon", "coordinates": [ [ [ -122.722362, 38.370906 ], [ -122.722306, 38.370947 ], [ -122.721939, 38.371226 ], [ -122.72157, 38.371308 ], [ -122.721023, 38.371315 ], [ -122.720937, 38.371317 ], [ -122.71991, 38.371258 ], [ -122.718255, 38.371127 ], [ -122.717334, 38.371054 ], [ -122.717212, 38.371044 ], [ -122.717057, 38.371052 ], [ -122.716544, 38.371081 ], [ -122.71623, 38.37113 ], [ -122.716154, 38.371143 ], [ -122.715978, 38.371159 ], [ -122.715956, 38.371166 ], [ -122.71594, 38.37114 ], [ -122.715464, 38.370373 ], [ -122.714971, 38.369581 ], [ -122.715299, 38.369571 ], [ -122.715456, 38.369575 ], [ -122.716199, 38.369592 ], [ -122.717167, 38.369615 ], [ -122.717165, 38.369594 ], [ -122.717161, 38.369532 ], [ -122.71716, 38.369512 ], [ -122.717208, 38.369512 ], [ -122.717355, 38.369515 ], [ -122.717404, 38.369516 ], [ -122.717657, 38.369521 ], [ -122.718037, 38.36952 ], [ -122.71927, 38.369518 ], [ -122.719939, 38.369518 ], [ -122.720573, 38.369518 ], [ -122.720641, 38.369518 ], [ -122.720707, 38.369518 ], [ -122.721109, 38.36952 ], [ -122.721244, 38.369521 ], [ -122.721656, 38.369522 ], [ -122.722027, 38.369523 ], [ -122.722892, 38.369518 ], [ -122.723305, 38.369517 ], [ -122.723336, 38.369518 ], [ -122.723359, 38.36952 ], [ -122.723432, 38.369522 ], [ -122.723465, 38.369523 ], [ -122.723213, 38.369909 ], [ -122.722997, 38.370243 ], [ -122.722362, 38.370906 ] ] ] } },
{ "type": "Feature", "properties": { "STATEFP20": "06", "COUNTYFP20": "097", "TRACTCE20": "153202", "BLOCKCE20": "3011", "GEOID20": "060971532023011", "GEOIDFQ20": "1000000US060971532023011", "NAME20": "Block3011", "MTFCC20": "G5040", "UR20": "R", "UACE20": null, "FUNCSTAT20": "S", "ALAND20": 371380, "AWATER20": 0, "HOUSING20": 13, "POP20": 42, "DISTRICT": "Secondary", "block_of_residence": "060971532023011", "students": 0, "residents": 0, "INTPTLAT20": 38.373599779790744, "INTPTLON20": -122.72127162664017 }, "geometry": { "type": "Polygon", "coordinates": [ [ [ -122.72292, 38.376259 ], [ -122.722473, 38.376254 ], [ -122.721917, 38.376257 ], [ -122.721187, 38.376255 ], [ -122.720529, 38.376242 ], [ -122.720347, 38.376244 ], [ -122.719578, 38.376256 ], [ -122.719113, 38.376255 ], [ -122.718483, 38.375236 ], [ -122.717708, 38.373982 ], [ -122.716584, 38.372185 ], [ -122.716482, 38.372022 ], [ -122.715956, 38.371166 ], [ -122.715978, 38.371159 ], [ -122.716154, 38.371143 ], [ -122.71623, 38.37113 ], [ -122.716544, 38.371081 ], [ -122.717057, 38.371052 ], [ -122.717212, 38.371044 ], [ -122.717334, 38.371054 ], [ -122.718255, 38.371127 ], [ -122.71991, 38.371258 ], [ -122.720937, 38.371317 ], [ -122.721023, 38.371315 ], [ -122.72157, 38.371308 ], [ -122.721939, 38.371226 ], [ -122.722011, 38.371228 ], [ -122.722082, 38.371229 ], [ -122.722405, 38.371237 ], [ -122.722436, 38.371442 ], [ -122.722457, 38.371442 ], [ -122.724542, 38.3715 ], [ -122.725238, 38.37152 ], [ -122.725249, 38.372467 ], [ -122.725276, 38.374691 ], [ -122.725279, 38.375311 ], [ -122.725286, 38.37626 ], [ -122.724051, 38.376257 ], [ -122.723658, 38.376257 ], [ -122.72292, 38.376259 ] ] ] } },
{ "type": "Feature", "properties": { "STATEFP20": "06", "COUNTYFP20": "097", "TRACTCE20": "153202", "BLOCKCE20": "3012", "GEOID20": "060971532023012", "GEOIDFQ20": "1000000US060971532023012", "NAME20": "Block3012", "MTFCC20": "G5040", "UR20": "U", "UACE20": "79498", "FUNCSTAT20": "S", "ALAND20": 261784, "AWATER20": 0, "HOUSING20": 25, "POP20": 66, "DISTRICT": "Secondary", "block_of_residence": "060971532023012", "students": 0, "residents": 0, "INTPTLAT20": 38.37289123985213, "INTPTLON20": -122.72725721382837 }, "geometry": { "type": "Polygon", "coordinates": [ [ [ -122.727337, 38.376261 ], [ -122.726085, 38.376262 ], [ -122.725939, 38.376263 ], [ -122.725286, 38.37626 ], [ -122.725279, 38.375311 ], [ -122.725276, 38.374691 ], [ -122.725249, 38.372467 ], [ -122.725238, 38.37152 ], [ -122.72523, 38.371121 ], [ -122.725218, 38.370494 ], [ -122.725228, 38.369924 ], [ -122.725236, 38.369525 ], [ -122.726037, 38.369526 ], [ -122.727295, 38.36953 ], [ -122.728443, 38.369525 ], [ -122.729245, 38.369522 ], [ -122.729247, 38.370871 ], [ -122.729251, 38.373075 ], [ -122.729281, 38.37492 ], [ -122.729285, 38.375122 ], [ -122.729285, 38.37627 ], [ -122.728485, 38.376263 ], [ -122.728087, 38.37626 ], [ -122.727337, 38.376261 ] ] ] } },
{ "type": "Feature", "properties": { "STATEFP20": "06", "COUNTYFP20": "097", "TRACTCE20": "153202", "BLOCKCE20": "3013", "GEOID20": "060971532023013", "GEOIDFQ20": "1000000US060971532023013", "NAME20": "Block3013", "MTFCC20": "G5040", "UR20": "U", "UACE20": "79498", "FUNCSTAT20": "S", "ALAND20": 262001, "AWATER20": 0, "HOUSING20": 28, "POP20": 67, "DISTRICT": "Secondary", "block_of_residence": "060971532023013", "students": 1, "residents": 2, "INTPTLAT20": 38.372895782556846, "INTPTLON20": -122.73126036538021 }, "geometry": { "type": "Polygon", "coordinates": [ [ [ -122.729285, 38.37627 ], [ -122.729285, 38.375122 ], [ -122.729281, 38.37492 ], [ -122.729251, 38.373075 ], [ -122.729247, 38.370871 ], [ -122.729245, 38.369522 ], [ -122.729638, 38.36952 ], [ -122.730153, 38.369519 ], [ -122.73082, 38.369519 ], [ -122.731215, 38.36952 ], [ -122.731622, 38.36952 ], [ -122.731674, 38.369521 ], [ -122.732845, 38.369518 ], [ -122.733253, 38.369517 ], [ -122.733247, 38.370023 ], [ -122.733247, 38.370868 ], [ -122.733247, 38.372843 ], [ -122.733262, 38.373901 ], [ -122.733276, 38.374499 ], [ -122.733278, 38.374924 ], [ -122.733279, 38.375072 ], [ -122.733289, 38.375613 ], [ -122.733285, 38.376276 ], [ -122.732485, 38.376274 ], [ -122.730085, 38.376271 ], [ -122.729285, 38.37627 ] ] ] } },
{ "type": "Feature", "properties": { "STATEFP20": "06", "COUNTYFP20": "097", "TRACTCE20": "153202", "BLOCKCE20": "3014", "GEOID20": "060971532023014", "GEOIDFQ20": "1000000US060971532023014", "NAME20": "Block3014", "MTFCC20": "G5040", "UR20": "U", "UACE20": "79498", "FUNCSTAT20": "S", "ALAND20": 262275, "AWATER20": 0, "HOUSING20": 25, "POP20": 54, "DISTRICT": "Secondary", "block_of_residence": "060971532023014", "students": 0, "residents": 0, "INTPTLAT20": 38.372894107306927, "INTPTLON20": -122.73525953528898 }, "geometry": { "type": "Polygon", "coordinates": [ [ [ -122.734087, 38.376273 ], [ -122.733285, 38.376276 ], [ -122.733289, 38.375613 ], [ -122.733279, 38.375072 ], [ -122.733278, 38.374924 ], [ -122.733276, 38.374499 ], [ -122.733262, 38.373901 ], [ -122.733247, 38.372843 ], [ -122.733247, 38.370868 ], [ -122.733247, 38.370023 ], [ -122.733253, 38.369517 ], [ -122.734051, 38.369514 ], [ -122.736445, 38.369506 ], [ -122.736739, 38.369506 ], [ -122.737244, 38.369512 ], [ -122.737237, 38.369837 ], [ -122.73724, 38.370865 ], [ -122.737246, 38.372576 ], [ -122.737279, 38.374924 ], [ -122.737299, 38.376277 ], [ -122.736496, 38.376274 ], [ -122.735337, 38.37627 ], [ -122.734087, 38.376273 ] ] ] } },
{ "type": "Feature", "properties": { "STATEFP20": "06", "COUNTYFP20": "097", "TRACTCE20": "153202", "BLOCKCE20": "3015", "GEOID20": "060971532023015", "GEOIDFQ20": "1000000US060971532023015", "NAME20": "Block3015", "MTFCC20": "G5040", "UR20": "R", "UACE20": null, "FUNCSTAT20": "S", "ALAND20": 272822, "AWATER20": 0, "HOUSING20": 17, "POP20": 41, "DISTRICT": "Secondary", "block_of_residence": "060971532023015", "students": 1, "residents": 1, "INTPTLAT20": 38.372887254515959, "INTPTLON20": -122.73933740790503 }, "geometry": { "type": "Polygon", "coordinates": [ [ [ -122.74142, 38.376265 ], [ -122.741146, 38.376272 ], [ -122.740595, 38.376272 ], [ -122.738123, 38.376275 ], [ -122.737299, 38.376277 ], [ -122.737279, 38.374924 ], [ -122.737246, 38.372576 ], [ -122.73724, 38.370865 ], [ -122.737237, 38.369837 ], [ -122.737244, 38.369512 ], [ -122.738071, 38.369511 ], [ -122.740552, 38.369511 ], [ -122.740753, 38.369511 ], [ -122.74138, 38.369507 ], [ -122.74139, 38.369995 ], [ -122.741394, 38.370858 ], [ -122.741395, 38.370892 ], [ -122.741424, 38.371662 ], [ -122.741429, 38.372099 ], [ -122.741448, 38.373849 ], [ -122.741415, 38.374913 ], [ -122.741397, 38.375523 ], [ -122.74142, 38.376265 ] ] ] } },
{ "type": "Feature", "properties": { "STATEFP20": "06", "COUNTYFP20": "097", "TRACTCE20": "153202", "BLOCKCE20": "3016", "GEOID20": "060971532023016", "GEOIDFQ20": "1000000US060971532023016", "NAME20": "Block3016", "MTFCC20": "G5040", "UR20": "R", "UACE20": null, "FUNCSTAT20": "S", "ALAND20": 248882, "AWATER20": 0, "HOUSING20": 14, "POP20": 36, "DISTRICT": "Secondary", "block_of_residence": "060971532023016", "students": 0, "residents": 0, "INTPTLAT20": 38.366388471982006, "INTPTLON20": -122.73928702184993 }, "geometry": { "type": "Polygon", "coordinates": [ [ [ -122.738071, 38.369511 ], [ -122.737244, 38.369512 ], [ -122.737238, 38.368459 ], [ -122.737238, 38.36826 ], [ -122.737243, 38.366748 ], [ -122.737236, 38.366087 ], [ -122.737233, 38.364504 ], [ -122.737232, 38.363252 ], [ -122.738053, 38.363254 ], [ -122.740516, 38.363251 ], [ -122.741031, 38.363251 ], [ -122.741337, 38.363255 ], [ -122.741323, 38.363559 ], [ -122.741321, 38.364505 ], [ -122.741321, 38.364746 ], [ -122.741314, 38.365595 ], [ -122.74132, 38.366648 ], [ -122.741363, 38.368256 ], [ -122.741379, 38.368838 ], [ -122.74138, 38.369507 ], [ -122.740753, 38.369511 ], [ -122.740552, 38.369511 ], [ -122.738071, 38.369511 ] ] ] } },
{ "type": "Feature", "properties": { "STATEFP20": "06", "COUNTYFP20": "097", "TRACTCE20": "153202", "BLOCKCE20": "3017", "GEOID20": "060971532023017", "GEOIDFQ20": "1000000US060971532023017", "NAME20": "Block3017", "MTFCC20": "G5040", "UR20": "U", "UACE20": "79498", "FUNCSTAT20": "S", "ALAND20": 377805, "AWATER20": 0, "HOUSING20": 22, "POP20": 68, "DISTRICT": "Secondary", "block_of_residence": "060971532023017", "students": 3, "residents": 5, "INTPTLAT20": 38.366802755173183, "INTPTLON20": -122.73394631328998 }, "geometry": { "type": "Polygon", "coordinates": [ [ [ -122.734051, 38.369514 ], [ -122.733253, 38.369517 ], [ -122.732845, 38.369518 ], [ -122.731674, 38.369521 ], [ -122.731622, 38.36952 ], [ -122.731215, 38.36952 ], [ -122.73082, 38.369519 ], [ -122.730153, 38.369519 ], [ -122.729638, 38.36952 ], [ -122.729245, 38.369522 ], [ -122.729242, 38.369076 ], [ -122.72924, 38.368462 ], [ -122.729244, 38.367982 ], [ -122.729242, 38.367742 ], [ -122.729241, 38.367533 ], [ -122.729242, 38.36736 ], [ -122.729242, 38.367297 ], [ -122.729877, 38.367157 ], [ -122.730579, 38.367004 ], [ -122.730974, 38.36688 ], [ -122.731265, 38.366653 ], [ -122.731496, 38.366264 ], [ -122.73153, 38.366207 ], [ -122.731833, 38.365707 ], [ -122.732126, 38.365224 ], [ -122.732259, 38.365006 ], [ -122.732684, 38.36426 ], [ -122.732963, 38.36375 ], [ -122.733235, 38.363255 ], [ -122.733341, 38.363256 ], [ -122.733574, 38.363258 ], [ -122.733614, 38.363254 ], [ -122.734034, 38.363254 ], [ -122.73529, 38.363255 ], [ -122.735748, 38.363261 ], [ -122.736432, 38.363256 ], [ -122.737232, 38.363252 ], [ -122.737233, 38.364504 ], [ -122.737236, 38.366087 ], [ -122.737243, 38.366748 ], [ -122.737238, 38.36826 ], [ -122.737238, 38.368459 ], [ -122.737244, 38.369512 ], [ -122.736739, 38.369506 ], [ -122.736445, 38.369506 ], [ -122.734051, 38.369514 ] ] ] } },
{ "type": "Feature", "properties": { "STATEFP20": "06", "COUNTYFP20": "097", "TRACTCE20": "153202", "BLOCKCE20": "3018", "GEOID20": "060971532023018", "GEOIDFQ20": "1000000US060971532023018", "NAME20": "Block3018", "MTFCC20": "G5040", "UR20": "U", "UACE20": "79498", "FUNCSTAT20": "S", "ALAND20": 85496, "AWATER20": 0, "HOUSING20": 6, "POP20": 27, "DISTRICT": "Secondary", "block_of_residence": "060971532023018", "students": 1, "residents": 1, "INTPTLAT20": 38.368678914486523, "INTPTLON20": -122.72687817086998 }, "geometry": { "type": "Polygon", "coordinates": [ [ [ -122.726037, 38.369526 ], [ -122.725236, 38.369525 ], [ -122.724881, 38.369523 ], [ -122.724318, 38.369521 ], [ -122.723819, 38.369522 ], [ -122.723596, 38.369523 ], [ -122.723465, 38.369523 ], [ -122.723726, 38.369133 ], [ -122.723871, 38.368918 ], [ -122.724347, 38.368473 ], [ -122.724796, 38.368267 ], [ -122.724889, 38.368225 ], [ -122.725248, 38.36815 ], [ -122.726047, 38.367983 ], [ -122.727394, 38.367702 ], [ -122.728444, 38.367471 ], [ -122.729242, 38.367297 ], [ -122.729242, 38.36736 ], [ -122.729241, 38.367533 ], [ -122.729242, 38.367742 ], [ -122.729244, 38.367982 ], [ -122.72924, 38.368462 ], [ -122.729242, 38.369076 ], [ -122.729245, 38.369522 ], [ -122.728443, 38.369525 ], [ -122.727295, 38.36953 ], [ -122.726037, 38.369526 ] ] ] } },
{ "type": "Feature", "properties": { "STATEFP20": "06", "COUNTYFP20": "097", "TRACTCE20": "153202", "BLOCKCE20": "3019", "GEOID20": "060971532023019", "GEOIDFQ20": "1000000US060971532023019", "NAME20": "Block3019", "MTFCC20": "G5040", "UR20": "U", "UACE20": "79498", "FUNCSTAT20": "S", "ALAND20": 46842, "AWATER20": 0, "HOUSING20": 9, "POP20": 20, "DISTRICT": "Secondary", "block_of_residence": "060971532023019", "students": 0, "residents": 0, "INTPTLAT20": 38.370594048433809, "INTPTLON20": -122.72396783021165 }, "geometry": { "type": "Polygon", "coordinates": [ [ [ -122.722436, 38.371442 ], [ -122.722405, 38.371237 ], [ -122.722082, 38.371229 ], [ -122.722011, 38.371228 ], [ -122.721939, 38.371226 ], [ -122.722306, 38.370947 ], [ -122.722362, 38.370906 ], [ -122.722997, 38.370243 ], [ -122.723213, 38.369909 ], [ -122.723465, 38.369523 ], [ -122.723596, 38.369523 ], [ -122.723819, 38.369522 ], [ -122.724318, 38.369521 ], [ -122.724881, 38.369523 ], [ -122.725236, 38.369525 ], [ -122.725228, 38.369924 ], [ -122.725218, 38.370494 ], [ -122.72523, 38.371121 ], [ -122.725238, 38.37152 ], [ -122.724542, 38.3715 ], [ -122.722457, 38.371442 ], [ -122.722436, 38.371442 ] ] ] } },
{ "type": "Feature", "properties": { "STATEFP20": "06", "COUNTYFP20": "097", "TRACTCE20": "153202", "BLOCKCE20": "3020", "GEOID20": "060971532023020", "GEOIDFQ20": "1000000US060971532023020", "NAME20": "Block3020", "MTFCC20": "G5040", "UR20": "U", "UACE20": "79498", "FUNCSTAT20": "S", "ALAND20": 177157, "AWATER20": 0, "HOUSING20": 7, "POP20": 18, "DISTRICT": "Secondary", "block_of_residence": "060971532023020", "students": 1, "residents": 1, "INTPTLAT20": 38.365562631022208, "INTPTLON20": -122.72711873164766 }, "geometry": { "type": "Polygon", "coordinates": [ [ [ -122.727394, 38.367702 ], [ -122.726047, 38.367983 ], [ -122.725248, 38.36815 ], [ -122.724889, 38.368225 ], [ -122.724796, 38.368267 ], [ -122.724347, 38.368473 ], [ -122.723871, 38.368918 ], [ -122.723726, 38.369133 ], [ -122.723465, 38.369523 ], [ -122.723432, 38.369522 ], [ -122.723359, 38.36952 ], [ -122.723336, 38.369518 ], [ -122.723305, 38.369517 ], [ -122.723317, 38.369467 ], [ -122.723352, 38.369412 ], [ -122.723436, 38.369312 ], [ -122.72353, 38.369216 ], [ -122.723613, 38.369117 ], [ -122.723656, 38.369068 ], [ -122.723773, 38.368911 ], [ -122.72389, 38.368755 ], [ -122.723945, 38.368681 ], [ -122.724071, 38.368541 ], [ -122.724167, 38.368454 ], [ -122.72427, 38.368373 ], [ -122.724407, 38.368274 ], [ -122.724505, 38.368209 ], [ -122.724691, 38.36813 ], [ -122.724734, 38.368113 ], [ -122.724948, 38.368034 ], [ -122.725051, 38.367973 ], [ -122.725127, 38.367899 ], [ -122.725162, 38.367854 ], [ -122.725192, 38.367816 ], [ -122.725229, 38.367674 ], [ -122.725233, 38.366947 ], [ -122.725243, 38.365563 ], [ -122.725242, 38.365383 ], [ -122.725236, 38.364181 ], [ -122.725236, 38.364142 ], [ -122.72524, 38.36326 ], [ -122.726038, 38.363259 ], [ -122.728435, 38.363258 ], [ -122.729234, 38.363258 ], [ -122.729239, 38.364065 ], [ -122.729242, 38.364435 ], [ -122.729238, 38.36594 ], [ -122.729242, 38.366489 ], [ -122.729245, 38.366741 ], [ -122.729243, 38.36721 ], [ -122.729242, 38.367297 ], [ -122.728444, 38.367471 ], [ -122.727394, 38.367702 ] ] ] } },
{ "type": "Feature", "properties": { "STATEFP20": "06", "COUNTYFP20": "097", "TRACTCE20": "153202", "BLOCKCE20": "3021", "GEOID20": "060971532023021", "GEOIDFQ20": "1000000US060971532023021", "NAME20": "Block3021", "MTFCC20": "G5040", "UR20": "U", "UACE20": "79498", "FUNCSTAT20": "S", "ALAND20": 221722, "AWATER20": 0, "HOUSING20": 16, "POP20": 42, "DISTRICT": "Secondary", "block_of_residence": "060971532023021", "students": 0, "residents": 0, "INTPTLAT20": 38.367315029822315, "INTPTLON20": -122.72204857954507 }, "geometry": { "type": "Polygon", "coordinates": [ [ [ -122.725192, 38.367816 ], [ -122.725162, 38.367854 ], [ -122.725127, 38.367899 ], [ -122.725051, 38.367973 ], [ -122.724948, 38.368034 ], [ -122.724734, 38.368113 ], [ -122.724691, 38.36813 ], [ -122.724505, 38.368209 ], [ -122.724407, 38.368274 ], [ -122.72427, 38.368373 ], [ -122.724167, 38.368454 ], [ -122.724071, 38.368541 ], [ -122.723945, 38.368681 ], [ -122.72389, 38.368755 ], [ -122.723773, 38.368911 ], [ -122.723656, 38.369068 ], [ -122.723613, 38.369117 ], [ -122.72353, 38.369216 ], [ -122.723436, 38.369312 ], [ -122.723352, 38.369412 ], [ -122.723317, 38.369467 ], [ -122.723305, 38.369517 ], [ -122.722892, 38.369518 ], [ -122.722027, 38.369523 ], [ -122.721656, 38.369522 ], [ -122.721244, 38.369521 ], [ -122.721109, 38.36952 ], [ -122.720707, 38.369518 ], [ -122.720641, 38.369518 ], [ -122.720573, 38.369518 ], [ -122.719939, 38.369518 ], [ -122.71927, 38.369518 ], [ -122.719248, 38.365373 ], [ -122.721245, 38.365351 ], [ -122.725242, 38.365383 ], [ -122.725243, 38.365563 ], [ -122.725233, 38.366947 ], [ -122.725229, 38.367674 ], [ -122.725192, 38.367816 ] ] ] } },
{ "type": "Feature", "properties": { "STATEFP20": "06", "COUNTYFP20": "097", "TRACTCE20": "153202", "BLOCKCE20": "3022", "GEOID20": "060971532023022", "GEOIDFQ20": "1000000US060971532023022", "NAME20": "Block3022", "MTFCC20": "G5040", "UR20": "U", "UACE20": "79498", "FUNCSTAT20": "S", "ALAND20": 107800, "AWATER20": 0, "HOUSING20": 0, "POP20": 0, "DISTRICT": "Secondary", "block_of_residence": "060971532023022", "students": 0, "residents": 0, "INTPTLAT20": 38.364923077137284, "INTPTLON20": -122.73075228321854 }, "geometry": { "type": "Polygon", "coordinates": [ [ [ -122.732259, 38.365006 ], [ -122.732126, 38.365224 ], [ -122.731833, 38.365707 ], [ -122.73153, 38.366207 ], [ -122.731496, 38.366264 ], [ -122.731265, 38.366653 ], [ -122.730974, 38.36688 ], [ -122.730579, 38.367004 ], [ -122.729877, 38.367157 ], [ -122.729242, 38.367297 ], [ -122.729243, 38.36721 ], [ -122.729245, 38.366741 ], [ -122.729242, 38.366489 ], [ -122.729238, 38.36594 ], [ -122.729242, 38.364435 ], [ -122.729239, 38.364065 ], [ -122.729234, 38.363258 ], [ -122.730034, 38.363256 ], [ -122.732434, 38.363253 ], [ -122.733047, 38.363253 ], [ -122.733102, 38.363254 ], [ -122.733235, 38.363255 ], [ -122.732963, 38.36375 ], [ -122.732684, 38.36426 ], [ -122.732259, 38.365006 ] ] ] } },
{ "type": "Feature", "properties": { "STATEFP20": "06", "COUNTYFP20": "097", "TRACTCE20": "153202", "BLOCKCE20": "3023", "GEOID20": "060971532023023", "GEOIDFQ20": "1000000US060971532023023", "NAME20": "Block3023", "MTFCC20": "G5040", "UR20": "U", "UACE20": "79498", "FUNCSTAT20": "S", "ALAND20": 39855, "AWATER20": 0, "HOUSING20": 0, "POP20": 0, "DISTRICT": "Secondary", "block_of_residence": "060971532023023", "students": 0, "residents": 0, "INTPTLAT20": 38.364227241689441, "INTPTLON20": -122.71361111394509 }, "geometry": { "type": "Polygon", "coordinates": [ [ [ -122.712545328532002, 38.365377970309403 ], [ -122.712554328908993, 38.365310970210402 ], [ -122.712582329116998, 38.365111970551702 ], [ -122.712592328804007, 38.365045970342003 ], [ -122.712722328794001, 38.364127970518403 ], [ -122.712842328473002, 38.363291970155103 ], [ -122.712859328464006, 38.363178970247503 ], [ -122.712860047680593, 38.363174290141423 ], [ -122.713427, 38.363186 ], [ -122.713584, 38.363189 ], [ -122.713693, 38.363205 ], [ -122.713729, 38.363205 ], [ -122.714657, 38.363206 ], [ -122.714792, 38.363207 ], [ -122.714966, 38.363229 ], [ -122.714969, 38.363292 ], [ -122.714981, 38.36364 ], [ -122.714958, 38.363776 ], [ -122.714918, 38.363909 ], [ -122.714851, 38.364054 ], [ -122.714842, 38.364068 ], [ -122.714785, 38.364162 ], [ -122.714703, 38.364278 ], [ -122.7146, 38.364388 ], [ -122.714555, 38.364428 ], [ -122.714452, 38.364506 ], [ -122.714346, 38.36457 ], [ -122.713915, 38.364812 ], [ -122.713763, 38.364942 ], [ -122.713693, 38.36501 ], [ -122.713562, 38.365154 ], [ -122.713447, 38.365305 ], [ -122.713365, 38.365441 ], [ -122.713314, 38.365561 ], [ -122.713279, 38.365687 ], [ -122.713269, 38.36575 ], [ -122.713277, 38.365905 ], [ -122.71319, 38.365852 ], [ -122.713105, 38.365851 ], [ -122.713023, 38.365833 ], [ -122.712958, 38.365803 ], [ -122.712757, 38.365652 ], [ -122.712693, 38.365603 ], [ -122.712672, 38.365588 ], [ -122.712657, 38.365577 ], [ -122.712543129656979, 38.365391163600187 ], [ -122.712545328532002, 38.365377970309403 ] ] ] } },
{ "type": "Feature", "properties": { "STATEFP20": "06", "COUNTYFP20": "097", "TRACTCE20": "153202", "BLOCKCE20": "3024", "GEOID20": "060971532023024", "GEOIDFQ20": "1000000US060971532023024", "NAME20": "Block3024", "MTFCC20": "G5040", "UR20": "U", "UACE20": "79498", "FUNCSTAT20": "S", "ALAND20": 4943, "AWATER20": 0, "HOUSING20": 0, "POP20": 0, "DISTRICT": "Secondary", "block_of_residence": "060971532023024", "students": 0, "residents": 0, "INTPTLAT20": 38.364645580278761, "INTPTLON20": -122.7142480684394 }, "geometry": { "type": "Polygon", "coordinates": [ [ [ -122.714958, 38.364171 ], [ -122.714889, 38.364272 ], [ -122.714841, 38.364334 ], [ -122.71466, 38.36451 ], [ -122.714544, 38.364603 ], [ -122.714408, 38.364694 ], [ -122.714051, 38.364889 ], [ -122.713995, 38.364925 ], [ -122.713876, 38.365017 ], [ -122.713786, 38.365109 ], [ -122.713684, 38.365249 ], [ -122.713592, 38.365402 ], [ -122.71352, 38.365559 ], [ -122.713465, 38.365735 ], [ -122.713451, 38.365907 ], [ -122.713277, 38.365905 ], [ -122.713269, 38.36575 ], [ -122.713279, 38.365687 ], [ -122.713314, 38.365561 ], [ -122.713365, 38.365441 ], [ -122.713447, 38.365305 ], [ -122.713562, 38.365154 ], [ -122.713693, 38.36501 ], [ -122.713763, 38.364942 ], [ -122.713915, 38.364812 ], [ -122.714346, 38.36457 ], [ -122.714452, 38.364506 ], [ -122.714555, 38.364428 ], [ -122.7146, 38.364388 ], [ -122.714703, 38.364278 ], [ -122.714785, 38.364162 ], [ -122.714842, 38.364068 ], [ -122.714851, 38.364054 ], [ -122.714918, 38.363909 ], [ -122.714958, 38.363776 ], [ -122.714981, 38.36364 ], [ -122.714969, 38.363292 ], [ -122.714966, 38.363229 ], [ -122.715039, 38.363241 ], [ -122.715137, 38.363258 ], [ -122.715129, 38.363579 ], [ -122.715105, 38.363813 ], [ -122.715004, 38.364081 ], [ -122.714958, 38.364171 ] ] ] } },
{ "type": "Feature", "properties": { "STATEFP20": "06", "COUNTYFP20": "097", "TRACTCE20": "153301", "BLOCKCE20": "2000", "GEOID20": "060971533012000", "GEOIDFQ20": "1000000US060971533012000", "NAME20": "Block2000", "MTFCC20": "G5040", "UR20": "R", "UACE20": null, "FUNCSTAT20": "S", "ALAND20": 3982776, "AWATER20": 0, "HOUSING20": 87, "POP20": 226, "DISTRICT": "Secondary", "block_of_residence": "060971533012000", "students": 5, "residents": 7, "INTPTLAT20": 38.394450160025912, "INTPTLON20": -122.76030984063809 }, "geometry": { "type": "Polygon", "coordinates": [ [ [ -122.776772, 38.397433 ], [ -122.774267, 38.398022 ], [ -122.773589, 38.398181 ], [ -122.760649, 38.401205 ], [ -122.756016, 38.401654 ], [ -122.751684, 38.401621 ], [ -122.750749, 38.401614 ], [ -122.750732, 38.403492 ], [ -122.750556, 38.403492 ], [ -122.750518, 38.403491 ], [ -122.750406, 38.403491 ], [ -122.750369, 38.403491 ], [ -122.750223, 38.403491 ], [ -122.749998, 38.403491 ], [ -122.748888, 38.403491 ], [ -122.748518, 38.403491 ], [ -122.747161, 38.40349 ], [ -122.745373, 38.403489 ], [ -122.743091, 38.403486 ], [ -122.742003, 38.403485 ], [ -122.741735, 38.403491 ], [ -122.741679, 38.403491 ], [ -122.741512, 38.403495 ], [ -122.741457, 38.403497 ], [ -122.741451, 38.403302 ], [ -122.74145, 38.403162 ], [ -122.741445, 38.40237 ], [ -122.741445, 38.402157 ], [ -122.741447, 38.401823 ], [ -122.741447, 38.401303 ], [ -122.741429, 38.400017 ], [ -122.741421, 38.399746 ], [ -122.741406, 38.399227 ], [ -122.741582, 38.399229 ], [ -122.741967, 38.399236 ], [ -122.742111, 38.399235 ], [ -122.742288, 38.399234 ], [ -122.742641, 38.399232 ], [ -122.743519, 38.399231 ], [ -122.747213, 38.399227 ], [ -122.748445, 38.399227 ], [ -122.748447, 38.39821 ], [ -122.748443, 38.396883 ], [ -122.748442, 38.396785 ], [ -122.748436, 38.395048 ], [ -122.748439, 38.394117 ], [ -122.748431, 38.392718 ], [ -122.748435, 38.39198 ], [ -122.748432, 38.391375 ], [ -122.748429, 38.390449 ], [ -122.74843, 38.390369 ], [ -122.748431, 38.390034 ], [ -122.748426, 38.389734 ], [ -122.748422, 38.38946 ], [ -122.748422, 38.389415 ], [ -122.748424, 38.388996 ], [ -122.748416, 38.388315 ], [ -122.748414, 38.387019 ], [ -122.750029, 38.386994 ], [ -122.750707, 38.38698 ], [ -122.750967, 38.386985 ], [ -122.751071, 38.386988 ], [ -122.751222, 38.386992 ], [ -122.751426, 38.387009 ], [ -122.751599, 38.387029 ], [ -122.75184, 38.387042 ], [ -122.752283, 38.387024 ], [ -122.753136, 38.386977 ], [ -122.754011, 38.386929 ], [ -122.754715, 38.386895 ], [ -122.756083, 38.386816 ], [ -122.757766, 38.386723 ], [ -122.758618, 38.386674 ], [ -122.761168, 38.386528 ], [ -122.761276, 38.386522 ], [ -122.761601, 38.386503 ], [ -122.76171, 38.386498 ], [ -122.762151, 38.386473 ], [ -122.763474, 38.3864 ], [ -122.763916, 38.386376 ], [ -122.764777, 38.386329 ], [ -122.76499, 38.386318 ], [ -122.76569, 38.386285 ], [ -122.768096, 38.386157 ], [ -122.768214, 38.38615 ], [ -122.769097, 38.3861 ], [ -122.769289, 38.386093 ], [ -122.769406, 38.386176 ], [ -122.769731, 38.386444 ], [ -122.77104, 38.387525 ], [ -122.771249, 38.387697 ], [ -122.771477, 38.387885 ], [ -122.772032, 38.388344 ], [ -122.772209, 38.38849 ], [ -122.772357, 38.388612 ], [ -122.77328, 38.389372 ], [ -122.773699, 38.389722 ], [ -122.773999, 38.389972 ], [ -122.774254, 38.390183 ], [ -122.775279, 38.39103 ], [ -122.776719, 38.392219 ], [ -122.778356, 38.393571 ], [ -122.778925, 38.394041 ], [ -122.77938, 38.39442 ], [ -122.779654, 38.394648 ], [ -122.780177, 38.395079 ], [ -122.780174, 38.395097 ], [ -122.7781, 38.396541 ], [ -122.777973, 38.396606 ], [ -122.776772, 38.397433 ] ] ] } },
{ "type": "Feature", "properties": { "STATEFP20": "06", "COUNTYFP20": "097", "TRACTCE20": "153301", "BLOCKCE20": "2001", "GEOID20": "060971533012001", "GEOIDFQ20": "1000000US060971533012001", "NAME20": "Block2001", "MTFCC20": "G5040", "UR20": "R", "UACE20": null, "FUNCSTAT20": "S", "ALAND20": 667960, "AWATER20": 0, "HOUSING20": 33, "POP20": 118, "DISTRICT": "Secondary", "block_of_residence": "060971533012001", "students": 2, "residents": 4, "INTPTLAT20": 38.401783898317902, "INTPTLON20": -122.76458285981133 }, "geometry": { "type": "Polygon", "coordinates": [ [ [ -122.760662340512994, 38.401209969393598 ], [ -122.756029339481003, 38.401658970202597 ], [ -122.751697339516994, 38.401625970398399 ], [ -122.750762339632004, 38.401618970135402 ], [ -122.750745384126773, 38.403492 ], [ -122.750732, 38.403492 ], [ -122.750749, 38.401614 ], [ -122.751684, 38.401621 ], [ -122.756016, 38.401654 ], [ -122.760649, 38.401205 ], [ -122.773589, 38.398181 ], [ -122.773589129627354, 38.398189055414136 ], [ -122.760662340512994, 38.401209969393598 ] ] ] } },
{ "type": "Feature", "properties": { "STATEFP20": "06", "COUNTYFP20": "097", "TRACTCE20": "153301", "BLOCKCE20": "2013", "GEOID20": "060971533012013", "GEOIDFQ20": "1000000US060971533012013", "NAME20": "Block2013", "MTFCC20": "G5040", "UR20": "U", "UACE20": "79498", "FUNCSTAT20": "S", "ALAND20": 795803, "AWATER20": 0, "HOUSING20": 57, "POP20": 177, "DISTRICT": "Secondary", "block_of_residence": "060971533012013", "students": 1, "residents": 2, "INTPTLAT20": 38.393300608923781, "INTPTLON20": -122.74504804968663 }, "geometry": { "type": "Polygon", "coordinates": [ [ [ -122.742641, 38.399232 ], [ -122.742288, 38.399234 ], [ -122.742111, 38.399235 ], [ -122.741967, 38.399236 ], [ -122.741582, 38.399229 ], [ -122.741406, 38.399227 ], [ -122.741405, 38.399002 ], [ -122.741405, 38.398898 ], [ -122.741415, 38.398717 ], [ -122.741423, 38.398327 ], [ -122.741425, 38.398281 ], [ -122.741438, 38.398103 ], [ -122.741484, 38.397688 ], [ -122.741513, 38.397379 ], [ -122.741509, 38.39717 ], [ -122.741506, 38.39691 ], [ -122.74148, 38.395392 ], [ -122.741487, 38.394996 ], [ -122.74151, 38.394599 ], [ -122.74153, 38.394364 ], [ -122.741561, 38.394016 ], [ -122.741589, 38.393431 ], [ -122.741593, 38.393201 ], [ -122.741574, 38.392524 ], [ -122.741569, 38.392341 ], [ -122.741523, 38.390094 ], [ -122.741526, 38.389803 ], [ -122.741535, 38.389044 ], [ -122.741531, 38.388927 ], [ -122.741529, 38.388896 ], [ -122.741767, 38.3888 ], [ -122.741986, 38.388681 ], [ -122.742423, 38.388447 ], [ -122.742659, 38.388271 ], [ -122.742854, 38.387925 ], [ -122.74294, 38.387604 ], [ -122.742958, 38.387539 ], [ -122.743052, 38.387111 ], [ -122.743082, 38.38711 ], [ -122.743748, 38.387098 ], [ -122.744124, 38.387093 ], [ -122.745907, 38.387071 ], [ -122.74714, 38.387039 ], [ -122.747341, 38.387035 ], [ -122.748414, 38.387019 ], [ -122.748416, 38.388315 ], [ -122.748424, 38.388996 ], [ -122.748422, 38.389415 ], [ -122.748422, 38.38946 ], [ -122.748426, 38.389734 ], [ -122.748431, 38.390034 ], [ -122.74843, 38.390369 ], [ -122.748429, 38.390449 ], [ -122.748432, 38.391375 ], [ -122.748435, 38.39198 ], [ -122.748431, 38.392718 ], [ -122.748439, 38.394117 ], [ -122.748436, 38.395048 ], [ -122.748442, 38.396785 ], [ -122.748443, 38.396883 ], [ -122.748447, 38.39821 ], [ -122.748445, 38.399227 ], [ -122.747213, 38.399227 ], [ -122.743519, 38.399231 ], [ -122.742641, 38.399232 ] ] ] } },
{ "type": "Feature", "properties": { "STATEFP20": "06", "COUNTYFP20": "097", "TRACTCE20": "153301", "BLOCKCE20": "2014", "GEOID20": "060971533012014", "GEOIDFQ20": "1000000US060971533012014", "NAME20": "Block2014", "MTFCC20": "G5040", "UR20": "U", "UACE20": "79498", "FUNCSTAT20": "S", "ALAND20": 18836, "AWATER20": 0, "HOUSING20": 2, "POP20": 18, "DISTRICT": "Secondary", "block_of_residence": "060971533012014", "students": 0, "residents": 0, "INTPTLAT20": 38.387835445709769, "INTPTLON20": -122.74216602868054 }, "geometry": { "type": "Polygon", "coordinates": [ [ [ -122.742854, 38.387925 ], [ -122.742659, 38.388271 ], [ -122.742423, 38.388447 ], [ -122.741986, 38.388681 ], [ -122.741767, 38.3888 ], [ -122.741529, 38.388896 ], [ -122.741529, 38.388878 ], [ -122.74153, 38.38883 ], [ -122.741532, 38.388546 ], [ -122.741542, 38.387496 ], [ -122.741544, 38.387368 ], [ -122.741534, 38.387147 ], [ -122.741734, 38.387135 ], [ -122.741837, 38.387133 ], [ -122.742748, 38.387116 ], [ -122.742974, 38.387112 ], [ -122.743052, 38.387111 ], [ -122.742958, 38.387539 ], [ -122.74294, 38.387604 ], [ -122.742854, 38.387925 ] ] ] } },
{ "type": "Feature", "properties": { "STATEFP20": "06", "COUNTYFP20": "097", "TRACTCE20": "153301", "BLOCKCE20": "2015", "GEOID20": "060971533012015", "GEOIDFQ20": "1000000US060971533012015", "NAME20": "Block2015", "MTFCC20": "G5040", "UR20": "R", "UACE20": null, "FUNCSTAT20": "S", "ALAND20": 3871075, "AWATER20": 0, "HOUSING20": 108, "POP20": 342, "DISTRICT": "Secondary", "block_of_residence": "060971533012015", "students": 8, "residents": 11, "INTPTLAT20": 38.3759780268337, "INTPTLON20": -122.75428627050827 }, "geometry": { "type": "Polygon", "coordinates": [ [ [ -122.758684335108995, 38.361117966128603 ], [ -122.758921209672138, 38.360958050979107 ], [ -122.759431, 38.361082 ], [ -122.760387058097905, 38.361395722075741 ], [ -122.7612, 38.361761 ], [ -122.761454, 38.361962 ], [ -122.761729, 38.362075 ], [ -122.761795, 38.362118 ], [ -122.761903, 38.36219 ], [ -122.763416, 38.363349 ], [ -122.763401, 38.363778 ], [ -122.763397, 38.364269 ], [ -122.763388, 38.365742 ], [ -122.763386, 38.366234 ], [ -122.763416, 38.366289 ], [ -122.763434, 38.366368 ], [ -122.763447, 38.366701 ], [ -122.763446, 38.366726 ], [ -122.763444, 38.367193 ], [ -122.763459, 38.367463 ], [ -122.76346, 38.367906 ], [ -122.763468, 38.368234 ], [ -122.763469, 38.368274 ], [ -122.763485, 38.368737 ], [ -122.763487, 38.368805 ], [ -122.763493, 38.369152 ], [ -122.763494, 38.3692 ], [ -122.763492, 38.369537 ], [ -122.763499, 38.369813 ], [ -122.763511, 38.370401 ], [ -122.76352, 38.370817 ], [ -122.763522, 38.370877 ], [ -122.763523, 38.37093 ], [ -122.76353, 38.371179 ], [ -122.763533, 38.371272 ], [ -122.763537, 38.371386 ], [ -122.76354, 38.371504 ], [ -122.76355, 38.371861 ], [ -122.763554, 38.37198 ], [ -122.763556, 38.372095 ], [ -122.763557, 38.372141 ], [ -122.763561, 38.372443 ], [ -122.763562, 38.372454 ], [ -122.763566, 38.372559 ], [ -122.763569, 38.372651 ], [ -122.763576, 38.372852 ], [ -122.763297, 38.372862 ], [ -122.760619, 38.372927 ], [ -122.76062, 38.372219 ], [ -122.760619, 38.372065 ], [ -122.758666, 38.3721 ], [ -122.758711, 38.374182 ], [ -122.763606, 38.374086 ], [ -122.763616, 38.374499 ], [ -122.763644, 38.375692 ], [ -122.763653, 38.376051 ], [ -122.763682, 38.377305 ], [ -122.763711, 38.378254 ], [ -122.763755, 38.380279 ], [ -122.763775, 38.381101 ], [ -122.763805, 38.381756 ], [ -122.76383, 38.382963 ], [ -122.763845, 38.383705 ], [ -122.763859, 38.384383 ], [ -122.763916, 38.386376 ], [ -122.763474, 38.3864 ], [ -122.762151, 38.386473 ], [ -122.76171, 38.386498 ], [ -122.761601, 38.386503 ], [ -122.761276, 38.386522 ], [ -122.761168, 38.386528 ], [ -122.758618, 38.386674 ], [ -122.757766, 38.386723 ], [ -122.756083, 38.386816 ], [ -122.754715, 38.386895 ], [ -122.754011, 38.386929 ], [ -122.753136, 38.386977 ], [ -122.752283, 38.387024 ], [ -122.75184, 38.387042 ], [ -122.751599, 38.387029 ], [ -122.751426, 38.387009 ], [ -122.751222, 38.386992 ], [ -122.751071, 38.386988 ], [ -122.750967, 38.386985 ], [ -122.750707, 38.38698 ], [ -122.750029, 38.386994 ], [ -122.748414, 38.387019 ], [ -122.747341, 38.387035 ], [ -122.74714, 38.387039 ], [ -122.745907, 38.387071 ], [ -122.744124, 38.387093 ], [ -122.743748, 38.387098 ], [ -122.743082, 38.38711 ], [ -122.743052, 38.387111 ], [ -122.742974, 38.387112 ], [ -122.742748, 38.387116 ], [ -122.741837, 38.387133 ], [ -122.741734, 38.387135 ], [ -122.741534, 38.387147 ], [ -122.741535, 38.386683 ], [ -122.74154, 38.385292 ], [ -122.741542, 38.384829 ], [ -122.741543, 38.384243 ], [ -122.741566, 38.383115 ], [ -122.741571, 38.38291 ], [ -122.741591, 38.382227 ], [ -122.741578, 38.381544 ], [ -122.741494, 38.380307 ], [ -122.741466, 38.379817 ], [ -122.741448, 38.379489 ], [ -122.74145, 38.377978 ], [ -122.741451, 38.377714 ], [ -122.74142, 38.376265 ], [ -122.742165, 38.376259 ], [ -122.742631, 38.376256 ], [ -122.743011, 38.376252 ], [ -122.743921, 38.376232 ], [ -122.744401, 38.376223 ], [ -122.745147, 38.376211 ], [ -122.745708, 38.3762 ], [ -122.746796, 38.376179 ], [ -122.747394, 38.376171 ], [ -122.747957, 38.376165 ], [ -122.748305, 38.376158 ], [ -122.749349, 38.376139 ], [ -122.749698, 38.376134 ], [ -122.750604, 38.37612 ], [ -122.750959, 38.376115 ], [ -122.752298, 38.376101 ], [ -122.753324, 38.376082 ], [ -122.753726, 38.376075 ], [ -122.754231, 38.37606 ], [ -122.75418, 38.374709 ], [ -122.754155, 38.374011 ], [ -122.754148, 38.373092 ], [ -122.754119, 38.372215 ], [ -122.75411, 38.371815 ], [ -122.754106, 38.371729 ], [ -122.754086, 38.371335 ], [ -122.754084, 38.371007 ], [ -122.754073, 38.370655 ], [ -122.754064, 38.37036 ], [ -122.754066, 38.369983 ], [ -122.754059, 38.369627 ], [ -122.754043, 38.369304 ], [ -122.753706, 38.369298 ], [ -122.753141, 38.369308 ], [ -122.752701, 38.369316 ], [ -122.752205, 38.36932 ], [ -122.750436, 38.369345 ], [ -122.749535, 38.369359 ], [ -122.749516, 38.368911 ], [ -122.749491, 38.368112 ], [ -122.749415, 38.365662 ], [ -122.749368, 38.364371 ], [ -122.749356, 38.364034 ], [ -122.749316, 38.363125 ], [ -122.749402, 38.363074 ], [ -122.749328215083409, 38.361286211412896 ], [ -122.749341, 38.361286 ], [ -122.758684, 38.361118 ], [ -122.758684042375009, 38.361117971392396 ], [ -122.758684335108995, 38.361117966128603 ] ], [ [ -122.758632, 38.371255 ], [ -122.763457, 38.371181 ], [ -122.763445, 38.370877 ], [ -122.763029, 38.370311 ], [ -122.758601, 38.370385 ], [ -122.758632, 38.371255 ] ], [ [ -122.758589, 38.369534 ], [ -122.76238, 38.369484 ], [ -122.761759, 38.368645 ], [ -122.760578, 38.368678 ], [ -122.758575, 38.368678 ], [ -122.758589, 38.369534 ] ] ] } },
{ "type": "Feature", "properties": { "STATEFP20": "06", "COUNTYFP20": "097", "TRACTCE20": "153301", "BLOCKCE20": "2016", "GEOID20": "060971533012016", "GEOIDFQ20": "1000000US060971533012016", "NAME20": "Block2016", "MTFCC20": "G5040", "UR20": "R", "UACE20": null, "FUNCSTAT20": "S", "ALAND20": 276276, "AWATER20": 0, "HOUSING20": 7, "POP20": 42, "DISTRICT": "Secondary", "block_of_residence": "060971533012016", "students": 0, "residents": 0, "INTPTLAT20": 38.366281453235949, "INTPTLON20": -122.7471500209797 }, "geometry": { "type": "Polygon", "coordinates": [ [ [ -122.746496, 38.369417 ], [ -122.74619, 38.369422 ], [ -122.745274, 38.36944 ], [ -122.744969, 38.369446 ], [ -122.744962, 38.369199 ], [ -122.744942, 38.368458 ], [ -122.744936, 38.368211 ], [ -122.744926, 38.367869 ], [ -122.744907, 38.367131 ], [ -122.744895, 38.366846 ], [ -122.744881, 38.366505 ], [ -122.744837, 38.366037 ], [ -122.744828, 38.365468 ], [ -122.744804, 38.363762 ], [ -122.744796, 38.363194 ], [ -122.745699, 38.363178 ], [ -122.747626, 38.363147 ], [ -122.748411, 38.363136 ], [ -122.749316, 38.363125 ], [ -122.749356, 38.364034 ], [ -122.749368, 38.364371 ], [ -122.749415, 38.365662 ], [ -122.749491, 38.368112 ], [ -122.749516, 38.368911 ], [ -122.749535, 38.369359 ], [ -122.748927, 38.36937 ], [ -122.747103, 38.369405 ], [ -122.746496, 38.369417 ] ] ] } },
{ "type": "Feature", "properties": { "STATEFP20": "06", "COUNTYFP20": "097", "TRACTCE20": "153301", "BLOCKCE20": "2017", "GEOID20": "060971533012017", "GEOIDFQ20": "1000000US060971533012017", "NAME20": "Block2017", "MTFCC20": "G5040", "UR20": "R", "UACE20": null, "FUNCSTAT20": "S", "ALAND20": 595944, "AWATER20": 0, "HOUSING20": 43, "POP20": 129, "DISTRICT": "Secondary", "block_of_residence": "060971533012017", "students": 1, "residents": 1, "INTPTLAT20": 38.372750101677845, "INTPTLON20": -122.74959755261138 }, "geometry": { "type": "Polygon", "coordinates": [ [ [ -122.752298, 38.376101 ], [ -122.750959, 38.376115 ], [ -122.750604, 38.37612 ], [ -122.749698, 38.376134 ], [ -122.749349, 38.376139 ], [ -122.748305, 38.376158 ], [ -122.747957, 38.376165 ], [ -122.747394, 38.376171 ], [ -122.746796, 38.376179 ], [ -122.745708, 38.3762 ], [ -122.745147, 38.376211 ], [ -122.745119, 38.374857 ], [ -122.745109, 38.37437 ], [ -122.745069, 38.372839 ], [ -122.74504, 38.372127 ], [ -122.745004, 38.370799 ], [ -122.744969, 38.369446 ], [ -122.745274, 38.36944 ], [ -122.74619, 38.369422 ], [ -122.746496, 38.369417 ], [ -122.747103, 38.369405 ], [ -122.748927, 38.36937 ], [ -122.749535, 38.369359 ], [ -122.750436, 38.369345 ], [ -122.752205, 38.36932 ], [ -122.752701, 38.369316 ], [ -122.753141, 38.369308 ], [ -122.753706, 38.369298 ], [ -122.754043, 38.369304 ], [ -122.754059, 38.369627 ], [ -122.754066, 38.369983 ], [ -122.754064, 38.37036 ], [ -122.754073, 38.370655 ], [ -122.754084, 38.371007 ], [ -122.754086, 38.371335 ], [ -122.754106, 38.371729 ], [ -122.75411, 38.371815 ], [ -122.754119, 38.372215 ], [ -122.754148, 38.373092 ], [ -122.754155, 38.374011 ], [ -122.75418, 38.374709 ], [ -122.754231, 38.37606 ], [ -122.753726, 38.376075 ], [ -122.753324, 38.376082 ], [ -122.752298, 38.376101 ] ] ] } },
{ "type": "Feature", "properties": { "STATEFP20": "06", "COUNTYFP20": "097", "TRACTCE20": "153301", "BLOCKCE20": "2018", "GEOID20": "060971533012018", "GEOIDFQ20": "1000000US060971533012018", "NAME20": "Block2018", "MTFCC20": "G5040", "UR20": "R", "UACE20": null, "FUNCSTAT20": "S", "ALAND20": 82025, "AWATER20": 0, "HOUSING20": 4, "POP20": 17, "DISTRICT": "Secondary", "block_of_residence": "060971533012018", "students": 0, "residents": 1, "INTPTLAT20": 38.362240447277749, "INTPTLON20": -122.74706679222055 }, "geometry": { "type": "Polygon", "coordinates": [ [ [ -122.747626, 38.363147 ], [ -122.745699, 38.363178 ], [ -122.744796, 38.363194 ], [ -122.744778, 38.362543 ], [ -122.744767, 38.362261 ], [ -122.744732202906036, 38.361362240773168 ], [ -122.744745, 38.361362 ], [ -122.749328215083409, 38.361286211412896 ], [ -122.749402, 38.363074 ], [ -122.749316, 38.363125 ], [ -122.748411, 38.363136 ], [ -122.747626, 38.363147 ] ] ] } },
{ "type": "Feature", "properties": { "STATEFP20": "06", "COUNTYFP20": "097", "TRACTCE20": "153301", "BLOCKCE20": "2019", "GEOID20": "060971533012019", "GEOIDFQ20": "1000000US060971533012019", "NAME20": "Block2019", "MTFCC20": "G5040", "UR20": "R", "UACE20": null, "FUNCSTAT20": "S", "ALAND20": 39790, "AWATER20": 0, "HOUSING20": 0, "POP20": 0, "DISTRICT": "Secondary", "block_of_residence": "060971533012019", "students": 0, "residents": 0, "INTPTLAT20": 38.370789157799422, "INTPTLON20": -122.76096884837581 }, "geometry": { "type": "Polygon", "coordinates": [ [ [ -122.763029, 38.370311 ], [ -122.763445, 38.370877 ], [ -122.763457, 38.371181 ], [ -122.758632, 38.371255 ], [ -122.758601, 38.370385 ], [ -122.763029, 38.370311 ] ] ] } },
{ "type": "Feature", "properties": { "STATEFP20": "06", "COUNTYFP20": "097", "TRACTCE20": "153301", "BLOCKCE20": "2020", "GEOID20": "060971533012020", "GEOIDFQ20": "1000000US060971533012020", "NAME20": "Block2020", "MTFCC20": "G5040", "UR20": "R", "UACE20": null, "FUNCSTAT20": "S", "ALAND20": 74283, "AWATER20": 0, "HOUSING20": 0, "POP20": 0, "DISTRICT": "Secondary", "block_of_residence": "060971533012020", "students": 0, "residents": 0, "INTPTLAT20": 38.373301910526443, "INTPTLON20": -122.76082010287269 }, "geometry": { "type": "Polygon", "coordinates": [ [ [ -122.760619, 38.372065 ], [ -122.76062, 38.372219 ], [ -122.760619, 38.372927 ], [ -122.763297, 38.372862 ], [ -122.763576, 38.372852 ], [ -122.763578, 38.372929 ], [ -122.76358, 38.373022 ], [ -122.763606, 38.374086 ], [ -122.758711, 38.374182 ], [ -122.758666, 38.3721 ], [ -122.760619, 38.372065 ] ] ] } },
{ "type": "Feature", "properties": { "STATEFP20": "06", "COUNTYFP20": "097", "TRACTCE20": "153301", "BLOCKCE20": "2021", "GEOID20": "060971533012021", "GEOIDFQ20": "1000000US060971533012021", "NAME20": "Block2021", "MTFCC20": "G5040", "UR20": "R", "UACE20": null, "FUNCSTAT20": "S", "ALAND20": 28479, "AWATER20": 0, "HOUSING20": 0, "POP20": 0, "DISTRICT": "Secondary", "block_of_residence": "060971533012021", "students": 0, "residents": 0, "INTPTLAT20": 38.369102503954366, "INTPTLON20": -122.76032730434562 }, "geometry": { "type": "Polygon", "coordinates": [ [ [ -122.760578, 38.368678 ], [ -122.761759, 38.368645 ], [ -122.76238, 38.369484 ], [ -122.758589, 38.369534 ], [ -122.758575, 38.368678 ], [ -122.760578, 38.368678 ] ] ] } },
{ "type": "Feature", "properties": { "STATEFP20": "06", "COUNTYFP20": "097", "TRACTCE20": "153301", "BLOCKCE20": "2022", "GEOID20": "060971533012022", "GEOIDFQ20": "1000000US060971533012022", "NAME20": "Block2022", "MTFCC20": "G5040", "UR20": "R", "UACE20": null, "FUNCSTAT20": "S", "ALAND20": 698121, "AWATER20": 0, "HOUSING20": 37, "POP20": 73, "DISTRICT": "Secondary", "block_of_residence": "060971533012022", "students": 2, "residents": 3, "INTPTLAT20": 38.379036062119937, "INTPTLON20": -122.76623818197145 }, "geometry": { "type": "Polygon", "coordinates": [ [ [ -122.76569, 38.386285 ], [ -122.76499, 38.386318 ], [ -122.764777, 38.386329 ], [ -122.763916, 38.386376 ], [ -122.763859, 38.384383 ], [ -122.763845, 38.383705 ], [ -122.76383, 38.382963 ], [ -122.763805, 38.381756 ], [ -122.763775, 38.381101 ], [ -122.763755, 38.380279 ], [ -122.763711, 38.378254 ], [ -122.763682, 38.377305 ], [ -122.763653, 38.376051 ], [ -122.763644, 38.375692 ], [ -122.763616, 38.374499 ], [ -122.763606, 38.374086 ], [ -122.76358, 38.373022 ], [ -122.763578, 38.372929 ], [ -122.763576, 38.372852 ], [ -122.763569, 38.372651 ], [ -122.763566, 38.372559 ], [ -122.763562, 38.372454 ], [ -122.763561, 38.372443 ], [ -122.763557, 38.372141 ], [ -122.763556, 38.372095 ], [ -122.763554, 38.37198 ], [ -122.763566798642984, 38.371979009628816 ], [ -122.763567, 38.371985 ], [ -122.763735, 38.371972 ], [ -122.764582, 38.371958 ], [ -122.766213, 38.371932 ], [ -122.76763, 38.371912 ], [ -122.767846, 38.37191 ], [ -122.768634365534723, 38.371904094640193 ], [ -122.76865, 38.372122 ], [ -122.768651, 38.372215 ], [ -122.768671, 38.373168 ], [ -122.768678, 38.373486 ], [ -122.768679, 38.373512 ], [ -122.768686, 38.373722 ], [ -122.768714, 38.374599 ], [ -122.768717, 38.374686 ], [ -122.768718, 38.375019 ], [ -122.768724, 38.375266 ], [ -122.768747, 38.376201 ], [ -122.768801, 38.377782 ], [ -122.768804, 38.37794 ], [ -122.768818, 38.378479 ], [ -122.768811, 38.379055 ], [ -122.768797, 38.380088 ], [ -122.768789, 38.380682 ], [ -122.768766, 38.381855 ], [ -122.768745, 38.383189 ], [ -122.768729, 38.384223 ], [ -122.768721, 38.384641 ], [ -122.768709, 38.385287 ], [ -122.768712, 38.385368 ], [ -122.768721, 38.385422 ], [ -122.768737, 38.385479 ], [ -122.768755, 38.385526 ], [ -122.76881, 38.385625 ], [ -122.768845, 38.385671 ], [ -122.76898, 38.38581 ], [ -122.769054, 38.385887 ], [ -122.769289, 38.386093 ], [ -122.769097, 38.3861 ], [ -122.768214, 38.38615 ], [ -122.768096, 38.386157 ], [ -122.76569, 38.386285 ] ] ] } },
{ "type": "Feature", "properties": { "STATEFP20": "06", "COUNTYFP20": "097", "TRACTCE20": "153301", "BLOCKCE20": "2027", "GEOID20": "060971533012027", "GEOIDFQ20": "1000000US060971533012027", "NAME20": "Block2027", "MTFCC20": "G5040", "UR20": "R", "UACE20": null, "FUNCSTAT20": "S", "ALAND20": 239246, "AWATER20": 0, "HOUSING20": 23, "POP20": 83, "DISTRICT": "Secondary", "block_of_residence": "060971533012027", "students": 4, "residents": 4, "INTPTLAT20": 38.372884614388404, "INTPTLON20": -122.74324042843018 }, "geometry": { "type": "Polygon", "coordinates": [ [ [ -122.743011, 38.376252 ], [ -122.742631, 38.376256 ], [ -122.742165, 38.376259 ], [ -122.74142, 38.376265 ], [ -122.741397, 38.375523 ], [ -122.741415, 38.374913 ], [ -122.741448, 38.373849 ], [ -122.741429, 38.372099 ], [ -122.741424, 38.371662 ], [ -122.741395, 38.370892 ], [ -122.741394, 38.370858 ], [ -122.74139, 38.369995 ], [ -122.74138, 38.369507 ], [ -122.741864, 38.3695 ], [ -122.743272, 38.36948 ], [ -122.743316, 38.369478 ], [ -122.743801, 38.369467 ], [ -122.744034, 38.369461 ], [ -122.744104, 38.36946 ], [ -122.744735, 38.369449 ], [ -122.744969, 38.369446 ], [ -122.745004, 38.370799 ], [ -122.74504, 38.372127 ], [ -122.745069, 38.372839 ], [ -122.745109, 38.37437 ], [ -122.745119, 38.374857 ], [ -122.745147, 38.376211 ], [ -122.744401, 38.376223 ], [ -122.743921, 38.376232 ], [ -122.743011, 38.376252 ] ] ] } },
{ "type": "Feature", "properties": { "STATEFP20": "06", "COUNTYFP20": "097", "TRACTCE20": "153301", "BLOCKCE20": "2028", "GEOID20": "060971533012028", "GEOIDFQ20": "1000000US060971533012028", "NAME20": "Block2028", "MTFCC20": "G5040", "UR20": "R", "UACE20": null, "FUNCSTAT20": "S", "ALAND20": 214582, "AWATER20": 0, "HOUSING20": 22, "POP20": 32, "DISTRICT": "Secondary", "block_of_residence": "060971533012028", "students": 0, "residents": 0, "INTPTLAT20": 38.36637013950385, "INTPTLON20": -122.74310460046726 }, "geometry": { "type": "Polygon", "coordinates": [ [ [ -122.744034, 38.369461 ], [ -122.743801, 38.369467 ], [ -122.743316, 38.369478 ], [ -122.743272, 38.36948 ], [ -122.741864, 38.3695 ], [ -122.74138, 38.369507 ], [ -122.741379, 38.368838 ], [ -122.741363, 38.368256 ], [ -122.74132, 38.366648 ], [ -122.741314, 38.365595 ], [ -122.741321, 38.364746 ], [ -122.741321, 38.364505 ], [ -122.741323, 38.363559 ], [ -122.741337, 38.363255 ], [ -122.742028, 38.363238 ], [ -122.742625, 38.363232 ], [ -122.744104, 38.363206 ], [ -122.744796, 38.363194 ], [ -122.744804, 38.363762 ], [ -122.744828, 38.365468 ], [ -122.744837, 38.366037 ], [ -122.744881, 38.366505 ], [ -122.744895, 38.366846 ], [ -122.744907, 38.367131 ], [ -122.744926, 38.367869 ], [ -122.744936, 38.368211 ], [ -122.744942, 38.368458 ], [ -122.744962, 38.369199 ], [ -122.744969, 38.369446 ], [ -122.744735, 38.369449 ], [ -122.744104, 38.36946 ], [ -122.744034, 38.369461 ] ] ] } },
{ "type": "Feature", "properties": { "STATEFP20": "06", "COUNTYFP20": "097", "TRACTCE20": "153301", "BLOCKCE20": "2029", "GEOID20": "060971533012029", "GEOIDFQ20": "1000000US060971533012029", "NAME20": "Block2029", "MTFCC20": "G5040", "UR20": "R", "UACE20": null, "FUNCSTAT20": "S", "ALAND20": 61053, "AWATER20": 0, "HOUSING20": 0, "POP20": 0, "DISTRICT": "Secondary", "block_of_residence": "060971533012029", "students": 0, "residents": 0, "INTPTLAT20": 38.362310556592725, "INTPTLON20": -122.7430526973436 }, "geometry": { "type": "Polygon", "coordinates": [ [ [ -122.742028, 38.363238 ], [ -122.741337, 38.363255 ], [ -122.741341, 38.362551 ], [ -122.741347, 38.361328 ], [ -122.741543, 38.361417 ], [ -122.741544909638989, 38.361416964070763 ], [ -122.741556, 38.361422 ], [ -122.744732202906036, 38.361362240773168 ], [ -122.744767, 38.362261 ], [ -122.744778, 38.362543 ], [ -122.744796, 38.363194 ], [ -122.744104, 38.363206 ], [ -122.742625, 38.363232 ], [ -122.742028, 38.363238 ] ] ] } },
{ "type": "Feature", "properties": { "STATEFP20": "06", "COUNTYFP20": "097", "TRACTCE20": "153302", "BLOCKCE20": "2000", "GEOID20": "060971533022000", "GEOIDFQ20": "1000000US060971533022000", "NAME20": "Block2000", "MTFCC20": "G5040", "UR20": "U", "UACE20": "79498", "FUNCSTAT20": "S", "ALAND20": 477344, "AWATER20": 0, "HOUSING20": 176, "POP20": 529, "DISTRICT": "Secondary", "block_of_residence": "060971533022000", "students": 8, "residents": 15, "INTPTLAT20": 38.410811891689008, "INTPTLON20": -122.75011807853132 }, "geometry": { "type": "Polygon", "coordinates": [ [ [ -122.750745339134994, 38.4034969701233 ], [ -122.750740349608662, 38.406724416520881 ], [ -122.750727, 38.406726 ], [ -122.750732, 38.403492 ], [ -122.750745384126773, 38.403492 ], [ -122.750745339134994, 38.4034969701233 ] ] ] } },
{ "type": "Feature", "properties": { "STATEFP20": "06", "COUNTYFP20": "097", "TRACTCE20": "153302", "BLOCKCE20": "2003", "GEOID20": "060971533022003", "GEOIDFQ20": "1000000US060971533022003", "NAME20": "Block2003", "MTFCC20": "G5040", "UR20": "U", "UACE20": "79498", "FUNCSTAT20": "S", "ALAND20": 24365, "AWATER20": 0, "HOUSING20": 14, "POP20": 48, "DISTRICT": "Secondary", "block_of_residence": "060971533022003", "students": 0, "residents": 0, "INTPTLAT20": 38.406915250906188, "INTPTLON20": -122.75355246764248 }, "geometry": { "type": "Polygon", "coordinates": [ [ [ -122.750740339475996, 38.406730970776799 ], [ -122.750731448682245, 38.407135 ], [ -122.750718, 38.407135 ], [ -122.750727, 38.406726 ], [ -122.750740349608662, 38.406724416520881 ], [ -122.750740339475996, 38.406730970776799 ] ] ] } },
{ "type": "Feature", "properties": { "STATEFP20": "06", "COUNTYFP20": "097", "TRACTCE20": "153302", "BLOCKCE20": "2008", "GEOID20": "060971533022008", "GEOIDFQ20": "1000000US060971533022008", "NAME20": "Block2008", "MTFCC20": "G5040", "UR20": "U", "UACE20": "79498", "FUNCSTAT20": "S", "ALAND20": 17631, "AWATER20": 0, "HOUSING20": 52, "POP20": 183, "DISTRICT": "Secondary", "block_of_residence": "060971533022008", "students": 10, "residents": 13, "INTPTLAT20": 38.41285181079882, "INTPTLON20": -122.74195762023749 }, "geometry": { "type": "Polygon", "coordinates": [ [ [ -122.741585338519002, 38.412084971826502 ], [ -122.741531339364997, 38.412087971997103 ], [ -122.741367339288004, 38.412112971478699 ], [ -122.741352978160307, 38.412113376823172 ], [ -122.741354, 38.412108 ], [ -122.741518, 38.412083 ], [ -122.741572, 38.41208 ], [ -122.742059, 38.412054 ], [ -122.742059584723108, 38.412059652323393 ], [ -122.741585338519002, 38.412084971826502 ] ] ] } },
{ "type": "Feature", "properties": { "STATEFP20": "06", "COUNTYFP20": "097", "TRACTCE20": "153302", "BLOCKCE20": "2009", "GEOID20": "060971533022009", "GEOIDFQ20": "1000000US060971533022009", "NAME20": "Block2009", "MTFCC20": "G5040", "UR20": "U", "UACE20": "79498", "FUNCSTAT20": "S", "ALAND20": 362947, "AWATER20": 0, "HOUSING20": 29, "POP20": 121, "DISTRICT": "Secondary", "block_of_residence": "060971533022009", "students": 0, "residents": 0, "INTPTLAT20": 38.411244423692935, "INTPTLON20": -122.75288033900777 }, "geometry": { "type": "Polygon", "coordinates": [ [ [ -122.750739339787998, 38.408747970488299 ], [ -122.750738340422998, 38.408960970348502 ], [ -122.750730340328005, 38.409810970381898 ], [ -122.750724340161995, 38.411467971265601 ], [ -122.750289339784999, 38.411503970793198 ], [ -122.749785340694999, 38.4115359712195 ], [ -122.749681339925004, 38.411541970706097 ], [ -122.748773340431001, 38.411648970878304 ], [ -122.748384339796999, 38.411677970758497 ], [ -122.747800339934997, 38.411718970910101 ], [ -122.747643339429999, 38.411728971222502 ], [ -122.747293339817006, 38.411753971135397 ], [ -122.747195340179005, 38.411769971015602 ], [ -122.747182682553003, 38.41177082937164 ], [ -122.747182, 38.411765 ], [ -122.74728, 38.411749 ], [ -122.74763, 38.411724 ], [ -122.747787, 38.411714 ], [ -122.748371, 38.411673 ], [ -122.74876, 38.411644 ], [ -122.749668, 38.411537 ], [ -122.749772, 38.411531 ], [ -122.750276, 38.411499 ], [ -122.750711, 38.411463 ], [ -122.750717, 38.409806 ], [ -122.750725, 38.408956 ], [ -122.750726, 38.408743 ], [ -122.750739327358218, 38.4087429251272 ], [ -122.750739339787998, 38.408747970488299 ] ] ] } },
{ "type": "Feature", "properties": { "STATEFP20": "06", "COUNTYFP20": "097", "TRACTCE20": "153302", "BLOCKCE20": "2017", "GEOID20": "060971533022017", "GEOIDFQ20": "1000000US060971533022017", "NAME20": "Block2017", "MTFCC20": "G5040", "UR20": "U", "UACE20": "79498", "FUNCSTAT20": "S", "ALAND20": 18138, "AWATER20": 0, "HOUSING20": 28, "POP20": 108, "DISTRICT": "Secondary", "block_of_residence": "060971533022017", "students": 1, "residents": 2, "INTPTLAT20": 38.412122246457415, "INTPTLON20": -122.74461108180336 }, "geometry": { "type": "Polygon", "coordinates": [ [ [ -122.742078338995, 38.412116972013102 ], [ -122.742077735339237, 38.412111136376254 ], [ -122.747182, 38.411765 ], [ -122.747182682553003, 38.41177082937164 ], [ -122.742078338995, 38.412116972013102 ] ] ] } },
{ "type": "Feature", "properties": { "STATEFP20": "06", "COUNTYFP20": "097", "TRACTCE20": "153302", "BLOCKCE20": "2018", "GEOID20": "060971533022018", "GEOIDFQ20": "1000000US060971533022018", "NAME20": "Block2018", "MTFCC20": "G5040", "UR20": "U", "UACE20": "79498", "FUNCSTAT20": "S", "ALAND20": 40032, "AWATER20": 0, "HOUSING20": 14, "POP20": 54, "DISTRICT": "Secondary", "block_of_residence": "060971533022018", "students": 1, "residents": 1, "INTPTLAT20": 38.411435969834422, "INTPTLON20": -122.74507401219128 }, "geometry": { "type": "Polygon", "coordinates": [ [ [ -122.742072339234994, 38.412058971373497 ], [ -122.742059584723108, 38.412059652323393 ], [ -122.742059, 38.412054 ], [ -122.742193, 38.412044 ], [ -122.742232, 38.412038 ], [ -122.742291, 38.41203 ], [ -122.742448, 38.411992 ], [ -122.742555, 38.411952 ], [ -122.742598, 38.411937 ], [ -122.742736, 38.411867 ], [ -122.742773, 38.411844 ], [ -122.74279, 38.411832 ], [ -122.742855, 38.411787 ], [ -122.742919, 38.411737 ], [ -122.742943, 38.411714 ], [ -122.742978, 38.41168 ], [ -122.7431, 38.411546 ], [ -122.74314, 38.411504 ], [ -122.743228, 38.411408 ], [ -122.743245, 38.411386 ], [ -122.743273, 38.411351 ], [ -122.743378, 38.411244 ], [ -122.7435, 38.411149 ], [ -122.743566, 38.411106 ], [ -122.743606, 38.411084 ], [ -122.743701, 38.411034 ], [ -122.743749, 38.411015 ], [ -122.743823, 38.410986 ], [ -122.743866, 38.410973 ], [ -122.743996, 38.410944 ], [ -122.744131, 38.41093 ], [ -122.744623, 38.410908 ], [ -122.744669, 38.410906 ], [ -122.745563, 38.410874 ], [ -122.746758, 38.410832 ], [ -122.74709, 38.410827 ], [ -122.747184, 38.410822 ], [ -122.747182, 38.411697 ], [ -122.747182, 38.411765 ], [ -122.742077735339237, 38.412111136376254 ], [ -122.742072339234994, 38.412058971373497 ] ] ] } },
{ "type": "Feature", "properties": { "STATEFP20": "06", "COUNTYFP20": "097", "TRACTCE20": "153302", "BLOCKCE20": "2019", "GEOID20": "060971533022019", "GEOIDFQ20": "1000000US060971533022019", "NAME20": "Block2019", "MTFCC20": "G5040", "UR20": "U", "UACE20": "79498", "FUNCSTAT20": "S", "ALAND20": 217632, "AWATER20": 0, "HOUSING20": 119, "POP20": 343, "DISTRICT": "Secondary", "block_of_residence": "060971533022019", "students": 8, "residents": 15, "INTPTLAT20": 38.410105214789006, "INTPTLON20": -122.74587377979095 }, "geometry": { "type": "Polygon", "coordinates": [ [ [ -122.749772, 38.411531 ], [ -122.749668, 38.411537 ], [ -122.74876, 38.411644 ], [ -122.748371, 38.411673 ], [ -122.747787, 38.411714 ], [ -122.74763, 38.411724 ], [ -122.74728, 38.411749 ], [ -122.747182, 38.411765 ], [ -122.747182, 38.411697 ], [ -122.747184, 38.410822 ], [ -122.74709, 38.410827 ], [ -122.746758, 38.410832 ], [ -122.745563, 38.410874 ], [ -122.744669, 38.410906 ], [ -122.744623, 38.410908 ], [ -122.744131, 38.41093 ], [ -122.743996, 38.410944 ], [ -122.743866, 38.410973 ], [ -122.743823, 38.410986 ], [ -122.743749, 38.411015 ], [ -122.743701, 38.411034 ], [ -122.743606, 38.411084 ], [ -122.743566, 38.411106 ], [ -122.7435, 38.411149 ], [ -122.743378, 38.411244 ], [ -122.743273, 38.411351 ], [ -122.743245, 38.411386 ], [ -122.743228, 38.411408 ], [ -122.74314, 38.411504 ], [ -122.7431, 38.411546 ], [ -122.742978, 38.41168 ], [ -122.742943, 38.411714 ], [ -122.742919, 38.411737 ], [ -122.742855, 38.411787 ], [ -122.74279, 38.411832 ], [ -122.742773, 38.411844 ], [ -122.742736, 38.411867 ], [ -122.742598, 38.411937 ], [ -122.742555, 38.411952 ], [ -122.742448, 38.411992 ], [ -122.742291, 38.41203 ], [ -122.742232, 38.412038 ], [ -122.742193, 38.412044 ], [ -122.742059, 38.412054 ], [ -122.741572, 38.41208 ], [ -122.741518, 38.412083 ], [ -122.741354, 38.412108 ], [ -122.741367, 38.411996 ], [ -122.741369, 38.411927 ], [ -122.741376, 38.411769 ], [ -122.741372, 38.411649 ], [ -122.741383, 38.411383 ], [ -122.741391, 38.411202 ], [ -122.741396, 38.411094 ], [ -122.741397, 38.411073 ], [ -122.741393, 38.410882 ], [ -122.741396, 38.41077 ], [ -122.741399, 38.410662 ], [ -122.741411, 38.410164 ], [ -122.741421, 38.409776 ], [ -122.74143, 38.409243 ], [ -122.741441, 38.40867 ], [ -122.741445, 38.408483 ], [ -122.741443, 38.408172 ], [ -122.741442, 38.408162 ], [ -122.741442, 38.408123 ], [ -122.741441, 38.408112 ], [ -122.741441, 38.408081 ], [ -122.741441, 38.408071 ], [ -122.74144, 38.408021 ], [ -122.743122, 38.408038 ], [ -122.743537, 38.408051 ], [ -122.743876, 38.408071 ], [ -122.743887, 38.408581 ], [ -122.743884, 38.408936 ], [ -122.744968, 38.40893 ], [ -122.745017, 38.408946 ], [ -122.745218, 38.40893 ], [ -122.746737, 38.408936 ], [ -122.746986, 38.408925 ], [ -122.747511, 38.408936 ], [ -122.7476, 38.408942 ], [ -122.748869, 38.408936 ], [ -122.748954, 38.408942 ], [ -122.750174, 38.408953 ], [ -122.750274, 38.408934 ], [ -122.750725, 38.408956 ], [ -122.750717, 38.409806 ], [ -122.750711, 38.411463 ], [ -122.750276, 38.411499 ], [ -122.749772, 38.411531 ] ], [ [ -122.744992, 38.409801 ], [ -122.745004, 38.409819 ], [ -122.74502, 38.409832 ], [ -122.745044, 38.409844 ], [ -122.745093, 38.409851 ], [ -122.746761, 38.409854 ], [ -122.746807, 38.409839 ], [ -122.746862, 38.409827 ], [ -122.746877, 38.409806 ], [ -122.746882, 38.409765 ], [ -122.746883, 38.409236 ], [ -122.744983, 38.409234 ], [ -122.744983, 38.409773 ], [ -122.744992, 38.409801 ] ], [ [ -122.742006, 38.409769 ], [ -122.742017, 38.409808 ], [ -122.74204, 38.409828 ], [ -122.742075, 38.409841 ], [ -122.742124, 38.409851 ], [ -122.744114, 38.409857 ], [ -122.744148, 38.409852 ], [ -122.744208, 38.409823 ], [ -122.74422, 38.409797 ], [ -122.744225, 38.409761 ], [ -122.74422, 38.409244 ], [ -122.741993, 38.409249 ], [ -122.742006, 38.409769 ] ] ] } },
{ "type": "Feature", "properties": { "STATEFP20": "06", "COUNTYFP20": "097", "TRACTCE20": "153302", "BLOCKCE20": "2020", "GEOID20": "060971533022020", "GEOIDFQ20": "1000000US060971533022020", "NAME20": "Block2020", "MTFCC20": "G5040", "UR20": "U", "UACE20": "79498", "FUNCSTAT20": "S", "ALAND20": 11329, "AWATER20": 0, "HOUSING20": 23, "POP20": 70, "DISTRICT": "Secondary", "block_of_residence": "060971533022020", "students": 4, "residents": 6, "INTPTLAT20": 38.409542634373089, "INTPTLON20": -122.74593273390397 }, "geometry": { "type": "Polygon", "coordinates": [ [ [ -122.746807, 38.409839 ], [ -122.746761, 38.409854 ], [ -122.745093, 38.409851 ], [ -122.745044, 38.409844 ], [ -122.74502, 38.409832 ], [ -122.745004, 38.409819 ], [ -122.744992, 38.409801 ], [ -122.744983, 38.409773 ], [ -122.744983, 38.409234 ], [ -122.746883, 38.409236 ], [ -122.746882, 38.409765 ], [ -122.746877, 38.409806 ], [ -122.746862, 38.409827 ], [ -122.746807, 38.409839 ] ] ] } },
{ "type": "Feature", "properties": { "STATEFP20": "06", "COUNTYFP20": "097", "TRACTCE20": "153302", "BLOCKCE20": "2021", "GEOID20": "060971533022021", "GEOIDFQ20": "1000000US060971533022021", "NAME20": "Block2021", "MTFCC20": "G5040", "UR20": "U", "UACE20": "79498", "FUNCSTAT20": "S", "ALAND20": 13047, "AWATER20": 0, "HOUSING20": 28, "POP20": 95, "DISTRICT": "Secondary", "block_of_residence": "060971533022021", "students": 0, "residents": 0, "INTPTLAT20": 38.409549095211752, "INTPTLON20": -122.74311520912116 }, "geometry": { "type": "Polygon", "coordinates": [ [ [ -122.744114, 38.409857 ], [ -122.742124, 38.409851 ], [ -122.742075, 38.409841 ], [ -122.74204, 38.409828 ], [ -122.742017, 38.409808 ], [ -122.742006, 38.409769 ], [ -122.741993, 38.409249 ], [ -122.74422, 38.409244 ], [ -122.744225, 38.409761 ], [ -122.74422, 38.409797 ], [ -122.744208, 38.409823 ], [ -122.744148, 38.409852 ], [ -122.744114, 38.409857 ] ] ] } },
{ "type": "Feature", "properties": { "STATEFP20": "06", "COUNTYFP20": "097", "TRACTCE20": "153302", "BLOCKCE20": "2022", "GEOID20": "060971533022022", "GEOIDFQ20": "1000000US060971533022022", "NAME20": "Block2022", "MTFCC20": "G5040", "UR20": "U", "UACE20": "79498", "FUNCSTAT20": "S", "ALAND20": 141177, "AWATER20": 0, "HOUSING20": 25, "POP20": 53, "DISTRICT": "Secondary", "block_of_residence": "060971533022022", "students": 0, "residents": 0, "INTPTLAT20": 38.407966969041567, "INTPTLON20": -122.746590423779 }, "geometry": { "type": "Polygon", "coordinates": [ [ [ -122.748954, 38.408942 ], [ -122.748869, 38.408936 ], [ -122.7476, 38.408942 ], [ -122.747511, 38.408936 ], [ -122.746986, 38.408925 ], [ -122.746737, 38.408936 ], [ -122.745218, 38.40893 ], [ -122.745017, 38.408946 ], [ -122.744968, 38.40893 ], [ -122.743884, 38.408936 ], [ -122.743887, 38.408581 ], [ -122.743876, 38.408071 ], [ -122.743537, 38.408051 ], [ -122.743122, 38.408038 ], [ -122.74144, 38.408021 ], [ -122.741435, 38.407903 ], [ -122.741428, 38.407716 ], [ -122.741407, 38.407402 ], [ -122.741406, 38.407379 ], [ -122.741392, 38.407236 ], [ -122.74139, 38.407215 ], [ -122.741384, 38.407152 ], [ -122.741382, 38.407132 ], [ -122.741408, 38.407131 ], [ -122.741485, 38.40713 ], [ -122.741512, 38.40713 ], [ -122.742059, 38.407122 ], [ -122.742443, 38.407125 ], [ -122.742809, 38.407121 ], [ -122.743263, 38.407126 ], [ -122.743585, 38.407131 ], [ -122.744331, 38.407135 ], [ -122.745638, 38.407135 ], [ -122.745874, 38.407139 ], [ -122.746113, 38.407138 ], [ -122.746765, 38.407138 ], [ -122.7481, 38.40714 ], [ -122.748519, 38.407139 ], [ -122.750272, 38.407137 ], [ -122.750486, 38.407136 ], [ -122.750718, 38.407135 ], [ -122.750724, 38.407931 ], [ -122.750726, 38.408743 ], [ -122.750725, 38.408956 ], [ -122.750274, 38.408934 ], [ -122.750174, 38.408953 ], [ -122.748954, 38.408942 ] ] ] } },
{ "type": "Feature", "properties": { "STATEFP20": "06", "COUNTYFP20": "097", "TRACTCE20": "153302", "BLOCKCE20": "2023", "GEOID20": "060971533022023", "GEOIDFQ20": "1000000US060971533022023", "NAME20": "Block2023", "MTFCC20": "G5040", "UR20": "U", "UACE20": "79498", "FUNCSTAT20": "S", "ALAND20": 37765, "AWATER20": 0, "HOUSING20": 22, "POP20": 59, "DISTRICT": "Secondary", "block_of_residence": "060971533022023", "students": 0, "residents": 3, "INTPTLAT20": 38.407981216014093, "INTPTLON20": -122.75328022631849 }, "geometry": { "type": "Polygon", "coordinates": [ [ [ -122.750731339292997, 38.407139971035498 ], [ -122.750737339340006, 38.407935970816098 ], [ -122.750739327358218, 38.4087429251272 ], [ -122.750726, 38.408743 ], [ -122.750724, 38.407931 ], [ -122.750718, 38.407135 ], [ -122.750731448682245, 38.407135 ], [ -122.750731339292997, 38.407139971035498 ] ] ] } },
{ "type": "Feature", "properties": { "STATEFP20": "06", "COUNTYFP20": "097", "TRACTCE20": "153302", "BLOCKCE20": "2025", "GEOID20": "060971533022025", "GEOIDFQ20": "1000000US060971533022025", "NAME20": "Block2025", "MTFCC20": "G5040", "UR20": "U", "UACE20": "79498", "FUNCSTAT20": "S", "ALAND20": 328566, "AWATER20": 0, "HOUSING20": 44, "POP20": 123, "DISTRICT": "Secondary", "block_of_residence": "060971533022025", "students": 0, "residents": 2, "INTPTLAT20": 38.405314674868812, "INTPTLON20": -122.74608254481193 }, "geometry": { "type": "Polygon", "coordinates": [ [ [ -122.750272, 38.407137 ], [ -122.748519, 38.407139 ], [ -122.7481, 38.40714 ], [ -122.746765, 38.407138 ], [ -122.746113, 38.407138 ], [ -122.745874, 38.407139 ], [ -122.745638, 38.407135 ], [ -122.744331, 38.407135 ], [ -122.743585, 38.407131 ], [ -122.743263, 38.407126 ], [ -122.742809, 38.407121 ], [ -122.742443, 38.407125 ], [ -122.742059, 38.407122 ], [ -122.741512, 38.40713 ], [ -122.741485, 38.40713 ], [ -122.741408, 38.407131 ], [ -122.741382, 38.407132 ], [ -122.741381, 38.407106 ], [ -122.741379, 38.40703 ], [ -122.741379, 38.407005 ], [ -122.741375, 38.406832 ], [ -122.741379, 38.406671 ], [ -122.741383, 38.406543 ], [ -122.74141, 38.406084 ], [ -122.741441, 38.405712 ], [ -122.741441, 38.405674 ], [ -122.741449, 38.405341 ], [ -122.741451, 38.405194 ], [ -122.741457, 38.404753 ], [ -122.741459, 38.404606 ], [ -122.741458, 38.404442 ], [ -122.741457, 38.404237 ], [ -122.741459, 38.403953 ], [ -122.741461, 38.403791 ], [ -122.741461, 38.403732 ], [ -122.741462, 38.403664 ], [ -122.741458, 38.403555 ], [ -122.741457, 38.403497 ], [ -122.741512, 38.403495 ], [ -122.741679, 38.403491 ], [ -122.741735, 38.403491 ], [ -122.742003, 38.403485 ], [ -122.743091, 38.403486 ], [ -122.745373, 38.403489 ], [ -122.747161, 38.40349 ], [ -122.748518, 38.403491 ], [ -122.748888, 38.403491 ], [ -122.749998, 38.403491 ], [ -122.750223, 38.403491 ], [ -122.750369, 38.403491 ], [ -122.750406, 38.403491 ], [ -122.750518, 38.403491 ], [ -122.750556, 38.403492 ], [ -122.750732, 38.403492 ], [ -122.750727, 38.406726 ], [ -122.750718, 38.407135 ], [ -122.750486, 38.407136 ], [ -122.750272, 38.407137 ] ] ] } }
]
}
