{
"type": "FeatureCollection",
"name": "srcs_districts",
"features": [
{ "type": "Feature", "properties": { "Name": "Bellevue Union" }, "geometry": { "type": "Polygon", "coordinates": [ [ [ -122.780187342884005, 38.395101967454799 ], [ -122.778113342870995, 38.3965459679766 ], [ -122.777986341995998, 38.396610967376297 ], [ -122.776785342728999, 38.3974379676512 ], [ -122.774280342138994, 38.398026968200703 ], [ -122.773602342209998, 38.398185967711903 ], [ -122.760662340512994, 38.401209969393598 ], [ -122.756029339481003, 38.401658970202597 ], [ -122.751697339516994, 38.401625970398399 ], [ -122.750762339632004, 38.401618970135402 ], [ -122.750745339134994, 38.4034969701233 ], [ -122.750740339475996, 38.406730970776799 ], [ -122.750731339292997, 38.407139971035498 ], [ -122.750737339340006, 38.407935970816098 ], [ -122.750739339787998, 38.408747970488299 ], [ -122.750738340422998, 38.408960970348502 ], [ -122.750730340328005, 38.409810970381898 ], [ -122.750724340161995, 38.411467971265601 ], [ -122.750289339784999, 38.411503970793198 ], [ -122.749785340694999, 38.4115359712195 ], [ -122.749681339925004, 38.411541970706097 ], [ -122.748773340431001, 38.411648970878304 ], [ -122.748384339796999, 38.411677970758497 ], [ -122.747800339934997, 38.411718970910101 ], [ -122.747643339429999, 38.411728971222502 ], [ -122.747293339817006, 38.411753971135397 ], [ -122.747195340179005, 38.411769971015602 ], [ -122.742078338995, 38.412116972013102 ], [ -122.742072339234994, 38.412058971373497 ], [ -122.741585338519002, 38.412084971826502 ], [ -122.741531339364997, 38.412087971997103 ], [ -122.741367339288004, 38.412112971478699 ], [ -122.741119338375, 38.412119971332899 ], [ -122.740978339128006, 38.412128971701399 ], [ -122.739939339117001, 38.412203972126498 ], [ -122.739814338436005, 38.412208971522503 ], [ -122.739747338357006, 38.412212972214199 ], [ -122.739612338417999, 38.412224972199603 ], [ -122.739428339247993, 38.412248971815103 ], [ -122.739212338263997, 38.412285972276599 ], [ -122.739081338996002, 38.412314972167302 ], [ -122.738793338140994, 38.412390971710998 ], [ -122.738022338617, 38.412597971702901 ], [ -122.736907338338, 38.412896971877203 ], [ -122.736501337971006, 38.413006972198502 ], [ -122.736279338681001, 38.413067972036302 ], [ -122.736098338380003, 38.413116972465801 ], [ -122.736030338180001, 38.413133972094897 ], [ -122.735283338285001, 38.413325972646398 ], [ -122.735034338328006, 38.413390972544804 ], [ -122.734732338380994, 38.413465972417598 ], [ -122.734235338443, 38.413589972796203 ], [ -122.733830337811995, 38.4136999728535 ], [ -122.733531337878006, 38.413782972649997 ], [ -122.733248337706996, 38.413855972910497 ], [ -122.732461337748006, 38.414062972090598 ], [ -122.732401338127005, 38.414079972278898 ], [ -122.732327338288997, 38.4141019724796 ], [ -122.732117337663993, 38.4141479724777 ], [ -122.732122337354994, 38.414267972882399 ], [ -122.732125337563005, 38.414317972638003 ], [ -122.730672337627993, 38.414853972287801 ], [ -122.730683337189006, 38.414925972619898 ], [ -122.730146337123003, 38.414998972640298 ], [ -122.730160337403007, 38.415117973208297 ], [ -122.729629337210994, 38.415168972531497 ], [ -122.729683338154999, 38.415589973120198 ], [ -122.729241337510999, 38.415623972682702 ], [ -122.729032337145995, 38.4156409730276 ], [ -122.728890338021003, 38.4156479729848 ], [ -122.728691337067005, 38.415658972719001 ], [ -122.728559337438995, 38.415661972897198 ], [ -122.728324337610999, 38.415659973343502 ], [ -122.728267337095005, 38.415653972685597 ], [ -122.728103337651007, 38.415639972957798 ], [ -122.727892337648001, 38.415604972611398 ], [ -122.727819337409997, 38.415588972652699 ], [ -122.727700336900995, 38.415555973323102 ], [ -122.727747336955005, 38.415914973194603 ], [ -122.727191337747001, 38.415952972658502 ], [ -122.727213336974003, 38.416142972656999 ], [ -122.727234337387998, 38.416325972808899 ], [ -122.726920337238994, 38.416350973402601 ], [ -122.726767337701006, 38.416363973474503 ], [ -122.725980337695006, 38.416442973074197 ], [ -122.725667336654993, 38.416474972943703 ], [ -122.725460337201, 38.416494973666197 ], [ -122.725294337571, 38.4165119729686 ], [ -122.725301337030004, 38.416557973167301 ], [ -122.725285336821003, 38.416615972985099 ], [ -122.725349337427005, 38.417064973188801 ], [ -122.723773337267005, 38.417315973786998 ], [ -122.723782336566998, 38.417389973544502 ], [ -122.723455336859004, 38.417475973916702 ], [ -122.723079336625005, 38.417578973821698 ], [ -122.723087337492998, 38.417662973083701 ], [ -122.722886337437998, 38.417680973872301 ], [ -122.722772336814998, 38.417667973780297 ], [ -122.722597337232997, 38.417657973536201 ], [ -122.722628336778996, 38.417840973948799 ], [ -122.722426337029006, 38.417857973232998 ], [ -122.722261336738001, 38.417941973905897 ], [ -122.722058336664006, 38.417955973940401 ], [ -122.722080336397994, 38.4181189740384 ], [ -122.721806336821004, 38.4181229736907 ], [ -122.721690336373001, 38.418097973453001 ], [ -122.721524336551994, 38.418098973396198 ], [ -122.721180336584993, 38.418241974119702 ], [ -122.721180336990003, 38.418308973429603 ], [ -122.721182336667994, 38.418509974050501 ], [ -122.721183337317001, 38.418577974089501 ], [ -122.721183336256004, 38.418647973902999 ], [ -122.721185337208993, 38.418857974107503 ], [ -122.721186336364994, 38.4189289737512 ], [ -122.721072337281001, 38.418928973704297 ], [ -122.720733336227994, 38.418930973554197 ], [ -122.720620337254999, 38.418932973669001 ], [ -122.720420337131998, 38.4189319738989 ], [ -122.719819336494993, 38.4189289735221 ], [ -122.719620336793, 38.418927974206298 ], [ -122.719507336738999, 38.418920973708197 ], [ -122.719442336271001, 38.418916974033102 ], [ -122.719393336264005, 38.418914973878501 ], [ -122.719063336793994, 38.418895973771903 ], [ -122.718910336484001, 38.4188869741619 ], [ -122.718733336379003, 38.418876973689301 ], [ -122.718604336495005, 38.418880974407003 ], [ -122.718358336888997, 38.418890974228397 ], [ -122.718243336385001, 38.418913973605299 ], [ -122.718224336022999, 38.4189199736322 ], [ -122.718104336143, 38.418964974161 ], [ -122.718055335840006, 38.4190239736064 ], [ -122.717972336862999, 38.419125973864404 ], [ -122.717961336048006, 38.419436973665199 ], [ -122.717884335869002, 38.419453973650199 ], [ -122.717435336261005, 38.419443974464102 ], [ -122.717360336306996, 38.4194769744947 ], [ -122.716078336031003, 38.419918974131001 ], [ -122.715823336602, 38.420027973900297 ], [ -122.715563335612003, 38.420101974542803 ], [ -122.715495336036994, 38.420125973951301 ], [ -122.715410336279007, 38.4201559747383 ], [ -122.715047336241, 38.420276974725901 ], [ -122.714865336236002, 38.4203429743838 ], [ -122.714875335624996, 38.4204389741654 ], [ -122.714259336292997, 38.420728974571503 ], [ -122.714156335843001, 38.420824974107497 ], [ -122.714102336485993, 38.420855974868601 ], [ -122.713717335677003, 38.4209289743116 ], [ -122.713504335465004, 38.420910974865897 ], [ -122.713501336262993, 38.421203974149201 ], [ -122.713411335930004, 38.421176974442503 ], [ -122.713378335613001, 38.4211499743408 ], [ -122.713333335645999, 38.421127974790899 ], [ -122.713282335654995, 38.421111974994503 ], [ -122.713105335978995, 38.421111974598901 ], [ -122.71296833593, 38.421126974451198 ], [ -122.712883336253, 38.421136974545703 ], [ -122.712705335587998, 38.421169975002996 ], [ -122.712553335899003, 38.421208974649197 ], [ -122.712388336155996, 38.421261975005301 ], [ -122.712346335765005, 38.421276974324499 ], [ -122.712188335969003, 38.421334974918601 ], [ -122.712093335369005, 38.421370974643303 ], [ -122.712018336330999, 38.421396974979103 ], [ -122.711277336091001, 38.421651974505203 ], [ -122.711134335847007, 38.421699975150602 ], [ -122.710332335971003, 38.421971975164602 ], [ -122.709467336035004, 38.422279975085203 ], [ -122.708837335408006, 38.422502974902102 ], [ -122.708486334849994, 38.422618975334998 ], [ -122.708270335357, 38.422690974627599 ], [ -122.707754335670998, 38.422852975488397 ], [ -122.707601335, 38.422916974920497 ], [ -122.707359335185998, 38.423000974747403 ], [ -122.706632335362997, 38.423253975517 ], [ -122.706391334645005, 38.423338975131301 ], [ -122.706121335217006, 38.4234369756417 ], [ -122.705129334706996, 38.423799975723597 ], [ -122.701342335185998, 38.425182975599697 ], [ -122.700081334252005, 38.425644976239603 ], [ -122.700013334671993, 38.425658976330297 ], [ -122.699962334179006, 38.425669975866199 ], [ -122.699814334541998, 38.425714975980299 ], [ -122.699748334028001, 38.425735976102501 ], [ -122.699711334737003, 38.425746975880202 ], [ -122.699565334696999, 38.425799975705999 ], [ -122.699595334717003, 38.424216975533596 ], [ -122.699595333725995, 38.424173975705401 ], [ -122.699596334562003, 38.424044975394203 ], [ -122.699597334710006, 38.424002975548099 ], [ -122.699596334673998, 38.423842975999101 ], [ -122.699595334609, 38.423682975555302 ], [ -122.699205333774003, 38.423681975389101 ], [ -122.699205334154996, 38.423610976145099 ], [ -122.698810334000996, 38.423612976149599 ], [ -122.698808333936, 38.4235419756996 ], [ -122.698415333943004, 38.423540976094003 ], [ -122.698414334057006, 38.423588975903598 ], [ -122.697984334458994, 38.423584975489597 ], [ -122.697608333804993, 38.423549975873101 ], [ -122.697611333371, 38.423702975845302 ], [ -122.697612333744004, 38.423782975656202 ], [ -122.695665333719006, 38.423784976404697 ], [ -122.695260334115005, 38.423780976391797 ], [ -122.695181333356999, 38.423643976551602 ], [ -122.695110333231, 38.423549976188802 ], [ -122.694801333607003, 38.423706975983997 ], [ -122.694156333742001, 38.423748976568703 ], [ -122.693841333809999, 38.423709976300998 ], [ -122.693726333531004, 38.423657976012699 ], [ -122.693046333161007, 38.423649976511697 ], [ -122.693036333169005, 38.423767976266198 ], [ -122.692977333718005, 38.423768976269997 ], [ -122.692202333224003, 38.423783976321602 ], [ -122.691805332889999, 38.423781976084904 ], [ -122.691363333423993, 38.4237799761394 ], [ -122.689852332277994, 38.423730976377897 ], [ -122.685750332593997, 38.4237409769528 ], [ -122.685074331668005, 38.423746976531497 ], [ -122.684852332370994, 38.423739977245397 ], [ -122.682834331403001, 38.4237419774473 ], [ -122.682619331674005, 38.423754976634797 ], [ -122.682332331275006, 38.423753976817103 ], [ -122.682331331260002, 38.423729977544099 ], [ -122.682276332097999, 38.423678977084698 ], [ -122.682216331242998, 38.423670977462599 ], [ -122.682043331743003, 38.423667977199301 ], [ -122.681934331831997, 38.423671976974198 ], [ -122.681582331325998, 38.423671977162499 ], [ -122.681278330968993, 38.423664976891899 ], [ -122.681207331896999, 38.423654977257698 ], [ -122.681120331537997, 38.423633977079199 ], [ -122.681070331071993, 38.4236139773407 ], [ -122.681023331568994, 38.4235819767582 ], [ -122.680963331835997, 38.423491977560197 ], [ -122.680914331311996, 38.423379977098399 ], [ -122.680861331889005, 38.423279977084398 ], [ -122.680694331043995, 38.4230259772213 ], [ -122.680660331173996, 38.422967977433402 ], [ -122.680593331484999, 38.422890977465698 ], [ -122.680469331789993, 38.422774977353399 ], [ -122.680375330973007, 38.422717977395997 ], [ -122.680202331277002, 38.422635976981702 ], [ -122.680136331254005, 38.422593977042503 ], [ -122.679962331498004, 38.422465976866597 ], [ -122.679828331202003, 38.422311977109899 ], [ -122.679664331490002, 38.422168977573399 ], [ -122.679560331385005, 38.4220649775448 ], [ -122.679445331091998, 38.421931977529297 ], [ -122.679370330590004, 38.421771977470499 ], [ -122.679320330793004, 38.421683976878803 ], [ -122.679261330863, 38.421611977154903 ], [ -122.679176331272998, 38.421525977456099 ], [ -122.679111331269993, 38.421452976778198 ], [ -122.679027330569994, 38.421367977177802 ], [ -122.678852330474996, 38.421199976986699 ], [ -122.678769330376994, 38.421096976758697 ], [ -122.678707330335996, 38.421004977148897 ], [ -122.678603331131995, 38.420791977259597 ], [ -122.678403330563, 38.420478977528902 ], [ -122.678365330698, 38.420404977475599 ], [ -122.678326331060006, 38.420291976900501 ], [ -122.678333330111997, 38.420206977286902 ], [ -122.678377330138005, 38.420101976833799 ], [ -122.678404330308993, 38.420004976688197 ], [ -122.678407330422999, 38.419912976826197 ], [ -122.678368330077006, 38.419817977066401 ], [ -122.678320330918993, 38.419751976935999 ], [ -122.678248330797999, 38.419675976725699 ], [ -122.678171330300003, 38.419609976852101 ], [ -122.678099330001999, 38.419537976836303 ], [ -122.678042329991001, 38.419457976733 ], [ -122.677984330797997, 38.419364977399397 ], [ -122.677952330021995, 38.419246977195797 ], [ -122.677919330074999, 38.419077977460503 ], [ -122.677888330621997, 38.418976976680099 ], [ -122.677789330866005, 38.418739977241003 ], [ -122.677729330041998, 38.4186479770242 ], [ -122.677644330880995, 38.418576976733299 ], [ -122.677566329944995, 38.418547976667703 ], [ -122.677475330529006, 38.418533976966998 ], [ -122.677411330802997, 38.4185309774061 ], [ -122.677334329925998, 38.418513977439503 ], [ -122.677351330261999, 38.418192977094897 ], [ -122.677337330274995, 38.417577976656602 ], [ -122.677312329459994, 38.415618977039799 ], [ -122.677312329800998, 38.415102976744002 ], [ -122.677311329199, 38.412693976425999 ], [ -122.677312329369997, 38.412543976252998 ], [ -122.676858329416007, 38.412585976727897 ], [ -122.675993329684005, 38.412665976438902 ], [ -122.675883329840005, 38.412686977045396 ], [ -122.675879329691995, 38.4123539764214 ], [ -122.675861328671004, 38.4109479762201 ], [ -122.675847328559001, 38.408926976004999 ], [ -122.675830328264993, 38.407215976248402 ], [ -122.675769328689995, 38.406337975831299 ], [ -122.675818328578004, 38.406027975927003 ], [ -122.675805328907998, 38.404722976262804 ], [ -122.675823328836003, 38.403975976366503 ], [ -122.675799328026997, 38.403701976040203 ], [ -122.675777328422996, 38.401787975412397 ], [ -122.675768328510003, 38.401266976030698 ], [ -122.675763327742999, 38.400864976036601 ], [ -122.675755327640005, 38.400079975529998 ], [ -122.675707327162996, 38.397009975693202 ], [ -122.675707327035994, 38.396501975050597 ], [ -122.675730326849006, 38.3922109747921 ], [ -122.675741327029996, 38.389898974783399 ], [ -122.675745326997003, 38.3897639747399 ], [ -122.674436325645999, 38.388676974671199 ], [ -122.674232326554005, 38.388509974578199 ], [ -122.673299325767005, 38.387694975272296 ], [ -122.666352324840005, 38.387640975886598 ], [ -122.656994323058996, 38.387545976214597 ], [ -122.656981322331006, 38.380527975450597 ], [ -122.656981322956, 38.380000975883497 ], [ -122.652908321159003, 38.376748975944601 ], [ -122.652380321295993, 38.3763429760481 ], [ -122.652367320888004, 38.373018975272799 ], [ -122.652376320784001, 38.372684975556801 ], [ -122.652380320898999, 38.372570975743102 ], [ -122.647829320289006, 38.3726409759783 ], [ -122.647825320124994, 38.3706899756057 ], [ -122.647824320232999, 38.370228975217401 ], [ -122.647823319951002, 38.368845975400902 ], [ -122.647823319791001, 38.368385975544001 ], [ -122.647823320217995, 38.368370975451697 ], [ -122.647839319534995, 38.366159974679597 ], [ -122.647844319422006, 38.365529975176599 ], [ -122.647642319927996, 38.365529974712103 ], [ -122.647746319080994, 38.365456975524097 ], [ -122.646678319014001, 38.365459975610698 ], [ -122.643832319132002, 38.365420975724803 ], [ -122.640450317781003, 38.365369975834703 ], [ -122.639805318081997, 38.365357975893701 ], [ -122.639701318451003, 38.365355975983299 ], [ -122.638692317896997, 38.365350975825002 ], [ -122.638699318196998, 38.365139975500099 ], [ -122.638659317065006, 38.358241975634797 ], [ -122.638659317587994, 38.358173975175902 ], [ -122.640723317543006, 38.3581669753192 ], [ -122.642230318030002, 38.358166974855699 ], [ -122.642918317286004, 38.358166975175202 ], [ -122.642848317337993, 38.358096974867003 ], [ -122.641833317807993, 38.357061974759198 ], [ -122.640696317673999, 38.356011974563899 ], [ -122.640181317599001, 38.3554619746402 ], [ -122.639382317233, 38.354673975062703 ], [ -122.638806316610001, 38.354124975043803 ], [ -122.637986317053006, 38.353326975185503 ], [ -122.637903316039001, 38.353290974887202 ], [ -122.637888316025993, 38.353203974529301 ], [ -122.637872316623003, 38.3531439749597 ], [ -122.637856315917006, 38.353085975058299 ], [ -122.637806316633998, 38.352946974900902 ], [ -122.637773316929, 38.352872974952199 ], [ -122.636903315961007, 38.353115974564801 ], [ -122.636833316134997, 38.353138975005699 ], [ -122.636848316552999, 38.3522199748041 ], [ -122.636862315900004, 38.351751974699397 ], [ -122.636930315833993, 38.351749974524203 ], [ -122.637702316030001, 38.351762974780399 ], [ -122.637704316086001, 38.351527975167599 ], [ -122.637690316096993, 38.351219974753 ], [ -122.637689316169997, 38.351186974645699 ], [ -122.637676316367006, 38.351039974697102 ], [ -122.637652315663999, 38.350784974502503 ], [ -122.639074316652, 38.350783974178803 ], [ -122.639214316644001, 38.350783974873799 ], [ -122.641719316518007, 38.350795974375202 ], [ -122.642264316926997, 38.350792974206001 ], [ -122.643610316638004, 38.3507899744261 ], [ -122.646344317944994, 38.350770974279499 ], [ -122.647191317028998, 38.350757974033499 ], [ -122.649617317990007, 38.350735974132199 ], [ -122.649978317777993, 38.3507349736756 ], [ -122.650819317872006, 38.350732973322401 ], [ -122.653562318243004, 38.350697973909298 ], [ -122.657788319326002, 38.350690972823998 ], [ -122.663615319976998, 38.350570972643297 ], [ -122.666670319835006, 38.350507972820203 ], [ -122.666970320889007, 38.350501972220798 ], [ -122.666974320335001, 38.351251972163901 ], [ -122.666977320387005, 38.351595972926198 ], [ -122.666979320745, 38.352727972464997 ], [ -122.666990321273005, 38.3535049726541 ], [ -122.667001320967003, 38.354255972899999 ], [ -122.667308320447006, 38.354252972349499 ], [ -122.668398320980998, 38.354243972316297 ], [ -122.670165321244994, 38.354214972359003 ], [ -122.670745321571005, 38.354201972512797 ], [ -122.671926321401997, 38.354177972683203 ], [ -122.673059321797993, 38.354176971848901 ], [ -122.673420321414, 38.3541769725962 ], [ -122.675019322002996, 38.354151972077702 ], [ -122.676348322538004, 38.354133971676497 ], [ -122.676498322832998, 38.354131971584799 ], [ -122.678256322595004, 38.354106971890097 ], [ -122.680247322731006, 38.354077971309501 ], [ -122.680668322738995, 38.354072971616397 ], [ -122.681091322789996, 38.3540679719301 ], [ -122.681984323381002, 38.354057971418598 ], [ -122.684037323533005, 38.354037970998498 ], [ -122.685724323113007, 38.354009971091401 ], [ -122.685727323818995, 38.354219971295798 ], [ -122.685730323662995, 38.354411970902298 ], [ -122.685739323838007, 38.3548489711131 ], [ -122.685743323796004, 38.3550419717211 ], [ -122.685743323500006, 38.3550599714534 ], [ -122.685747323716001, 38.355489971612499 ], [ -122.685759323453993, 38.356781971951598 ], [ -122.685764323876995, 38.357212971406597 ], [ -122.685766324575994, 38.357470971651601 ], [ -122.685768324277007, 38.357646971945599 ], [ -122.685769324714997, 38.358248971980103 ], [ -122.685773323874997, 38.3585079717379 ], [ -122.685781324420006, 38.359035971389702 ], [ -122.685792324024007, 38.359654972187002 ], [ -122.685782324719995, 38.360621971725003 ], [ -122.685777323986002, 38.361150971742397 ], [ -122.685775324055001, 38.361278971806797 ], [ -122.685775324307002, 38.361299971951098 ], [ -122.685779324335996, 38.361662971832097 ], [ -122.685781324318995, 38.3617919718519 ], [ -122.685786324923001, 38.362055972052197 ], [ -122.685802324755997, 38.362848971952303 ], [ -122.685804325206007, 38.362914972419901 ], [ -122.685804325050995, 38.363113972183697 ], [ -122.685804324729006, 38.363285971884601 ], [ -122.685804324941003, 38.363801971888002 ], [ -122.685804325202994, 38.363974972329999 ], [ -122.685803324557, 38.3641209724681 ], [ -122.685803325313998, 38.364561972208101 ], [ -122.685803325365001, 38.364709972268798 ], [ -122.685802325447, 38.364768972252698 ], [ -122.685800324699002, 38.3649469723184 ], [ -122.685800324935997, 38.365006972389899 ], [ -122.683970324721997, 38.3650259725243 ], [ -122.681037324371999, 38.3650589727024 ], [ -122.678481324296996, 38.3650859727192 ], [ -122.677212323190005, 38.3650999728305 ], [ -122.676652323810004, 38.365096972420602 ], [ -122.676600323692, 38.365095972593402 ], [ -122.676447324137996, 38.3650949727175 ], [ -122.676396324058004, 38.365094972965402 ], [ -122.676422324358995, 38.367794972659098 ], [ -122.676444324054998, 38.370029973645202 ], [ -122.676453324739001, 38.371297973588597 ], [ -122.676461324650006, 38.3723719731504 ], [ -122.676525324085006, 38.372420973711598 ], [ -122.676739324997996, 38.3724199735708 ], [ -122.682080325474999, 38.372283972661499 ], [ -122.685748325956993, 38.372193972634904 ], [ -122.685816326289, 38.3722049728839 ], [ -122.688119325787, 38.3721809728194 ], [ -122.688662326783998, 38.372176972419602 ], [ -122.689792326916006, 38.372121972690003 ], [ -122.689915326768997, 38.372122972756699 ], [ -122.690030326172007, 38.3721099723086 ], [ -122.690673326530998, 38.3721119721463 ], [ -122.690844326108007, 38.372122972750702 ], [ -122.691918326481996, 38.372124972456596 ], [ -122.693398327395997, 38.372127971771697 ], [ -122.694326327549007, 38.3721169717329 ], [ -122.695043327115002, 38.372123971942202 ], [ -122.696043327116996, 38.372133971776996 ], [ -122.696636327329998, 38.372116972191101 ], [ -122.697159327277006, 38.372132972100403 ], [ -122.697590327482004, 38.372130971672298 ], [ -122.698262327625002, 38.372127971570301 ], [ -122.698799328297994, 38.3721059716257 ], [ -122.699246327837997, 38.372121971998503 ], [ -122.699481328424, 38.372120971453803 ], [ -122.699591327975, 38.372073971941298 ], [ -122.699538327971993, 38.370875971781999 ], [ -122.699610327292007, 38.369434971324303 ], [ -122.701510328313006, 38.369428971724098 ], [ -122.712027329269006, 38.369388970100601 ], [ -122.712306329170005, 38.369347970238003 ], [ -122.712505329032993, 38.369307970561998 ], [ -122.712752329503004, 38.369258970726101 ], [ -122.712684329984995, 38.369089970492098 ], [ -122.712643329914002, 38.368964970579597 ], [ -122.712595328912997, 38.368814970732501 ], [ -122.712504329408006, 38.368513970367097 ], [ -122.712455329834995, 38.368306970269202 ], [ -122.712408328806006, 38.368029970331399 ], [ -122.712343328735003, 38.367421970786602 ], [ -122.712334329380994, 38.367180970118604 ], [ -122.712340328893006, 38.366970970571401 ], [ -122.712371329158003, 38.366662969983899 ], [ -122.712397328888997, 38.366418970091601 ], [ -122.712472329419995, 38.365890970047097 ], [ -122.712479329073005, 38.365835969836297 ], [ -122.712502329054999, 38.365672969832502 ], [ -122.712511328841003, 38.3656189704258 ], [ -122.712517328592, 38.365569970146304 ], [ -122.712537328644004, 38.365425969785299 ], [ -122.712545328532002, 38.365377970309403 ], [ -122.712554328908993, 38.365310970210402 ], [ -122.712582329116998, 38.365111970551702 ], [ -122.712592328804007, 38.365045970342003 ], [ -122.712722328794001, 38.364127970518403 ], [ -122.712842328473002, 38.363291970155103 ], [ -122.712859328464006, 38.363178970247503 ], [ -122.712997328892001, 38.362280970035201 ], [ -122.713129329040001, 38.361375969759401 ], [ -122.713263328850999, 38.3604589695206 ], [ -122.713267328460006, 38.360415970040002 ], [ -122.713276328782996, 38.360285969849798 ], [ -122.713285328129999, 38.360243969438102 ], [ -122.713304328882003, 38.359807969578 ], [ -122.713304328155999, 38.359627969820401 ], [ -122.713305327914995, 38.359516970096003 ], [ -122.713286328069003, 38.358708969980498 ], [ -122.713304328342005, 38.357913969683899 ], [ -122.713304327700001, 38.3578959698158 ], [ -122.713303328132, 38.357780969785303 ], [ -122.713552327854003, 38.357747969586299 ], [ -122.713916328612001, 38.357745969693902 ], [ -122.715009328758995, 38.357742969318402 ], [ -122.715276328616, 38.357742969550003 ], [ -122.715373329030001, 38.357731969146599 ], [ -122.715452328707002, 38.357722969180301 ], [ -122.715759328603994, 38.357721969591601 ], [ -122.716922328682003, 38.3577209688343 ], [ -122.717310328972005, 38.357720969031298 ], [ -122.717877328962999, 38.357719969180899 ], [ -122.718092329197006, 38.357719969347102 ], [ -122.719159328868997, 38.357718969329603 ], [ -122.720439329569999, 38.357722968648801 ], [ -122.721222329567993, 38.357725968745299 ], [ -122.721391329479999, 38.357726969348903 ], [ -122.721436329393995, 38.357725969309499 ], [ -122.721518329551003, 38.357724968480802 ], [ -122.725567329540993, 38.357795968590302 ], [ -122.731264331385006, 38.357813967962599 ], [ -122.731237331496004, 38.361113968513799 ], [ -122.734416331629006, 38.361123968043898 ], [ -122.735709332341997, 38.361127967774301 ], [ -122.735931331977, 38.360919968114302 ], [ -122.736115332493995, 38.360909968151297 ], [ -122.736564332122995, 38.361220968343801 ], [ -122.736770332438994, 38.361562967978898 ], [ -122.736912331742005, 38.361666967844798 ], [ -122.737181332280002, 38.361627967700201 ], [ -122.737575332039, 38.3611999676274 ], [ -122.738602332550002, 38.361214968109998 ], [ -122.741136332343004, 38.361231968128799 ], [ -122.741360333353995, 38.361332967919402 ], [ -122.741556332559, 38.3614219678038 ], [ -122.744745332940994, 38.361361967584301 ], [ -122.749341333627001, 38.361285967166303 ], [ -122.758684335108995, 38.361117966128603 ], [ -122.758921334909004, 38.360957966431101 ], [ -122.759431335521995, 38.3610819661017 ], [ -122.760394336174997, 38.361397965863397 ], [ -122.761213335392, 38.361765965888203 ], [ -122.761467336090007, 38.3619669658436 ], [ -122.761742336146995, 38.362079966222304 ], [ -122.761808336358001, 38.3621229658497 ], [ -122.761916336365999, 38.362194966170598 ], [ -122.763429336315994, 38.363353966513301 ], [ -122.763414336628003, 38.363782966131602 ], [ -122.763410336611003, 38.364273966289801 ], [ -122.763401336274995, 38.365746966714802 ], [ -122.763399336909004, 38.366238966081703 ], [ -122.763429336190995, 38.366293966512103 ], [ -122.763447336973002, 38.366372966421203 ], [ -122.763460337072004, 38.366705966052997 ], [ -122.763459336210005, 38.366730966564802 ], [ -122.763457337321, 38.3671979667998 ], [ -122.763472336901998, 38.367467966415802 ], [ -122.763473336434998, 38.367910966226098 ], [ -122.763481336344995, 38.368238966792603 ], [ -122.763482337005001, 38.368278966201501 ], [ -122.763498337374998, 38.368741966416103 ], [ -122.763500336765006, 38.368809966959802 ], [ -122.763506336985003, 38.369156966595703 ], [ -122.763507336757002, 38.369204966714904 ], [ -122.763505337311003, 38.369541966374697 ], [ -122.763512337064, 38.369817966570899 ], [ -122.763524337674994, 38.370405966338403 ], [ -122.763533337778995, 38.370821966990498 ], [ -122.763535337022006, 38.370881966874599 ], [ -122.763536336830995, 38.370934967210196 ], [ -122.763543337098, 38.371183966716004 ], [ -122.763546337375999, 38.371276966998003 ], [ -122.763550337756001, 38.371390966667697 ], [ -122.763553336851999, 38.371508967101398 ], [ -122.763563337510007, 38.371865966632903 ], [ -122.763567336798999, 38.371984966543302 ], [ -122.763735337029999, 38.371971966765898 ], [ -122.764582337606001, 38.371957967108202 ], [ -122.766213337796998, 38.3719319666044 ], [ -122.767630338404004, 38.371911966365197 ], [ -122.767846338040997, 38.371909966947001 ], [ -122.768647338213995, 38.371903966174898 ], [ -122.768663338392997, 38.3721269664114 ], [ -122.768664337645006, 38.372219966713097 ], [ -122.768684338455998, 38.373172966648902 ], [ -122.768691338549004, 38.3734909667753 ], [ -122.768692338172997, 38.3735169663844 ], [ -122.768699338928002, 38.373726966931699 ], [ -122.768727338782995, 38.374603966895499 ], [ -122.768730337907002, 38.374690966298402 ], [ -122.768731338525001, 38.375023967023402 ], [ -122.768737338554999, 38.375270966603303 ], [ -122.768760338975994, 38.3762059663988 ], [ -122.768814339035004, 38.3777869673537 ], [ -122.768817339123999, 38.377944966987698 ], [ -122.768831338382, 38.378483966616301 ], [ -122.768824339518005, 38.379059966646302 ], [ -122.768810339533999, 38.380092966910603 ], [ -122.768802339676995, 38.380686966880802 ], [ -122.768779339629006, 38.381859967528499 ], [ -122.768758339564002, 38.383193967264503 ], [ -122.768742339751995, 38.384227967073301 ], [ -122.768734339245, 38.384645967862802 ], [ -122.768722339641997, 38.385291967395297 ], [ -122.768725339506005, 38.385372967749703 ], [ -122.768734339448997, 38.385426967392199 ], [ -122.768750340283006, 38.385483967213702 ], [ -122.768768340283003, 38.3855309675507 ], [ -122.768823339931998, 38.385629967513097 ], [ -122.768858340109006, 38.385675967887501 ], [ -122.768993339632999, 38.385814967657701 ], [ -122.769067340082998, 38.385891967715203 ], [ -122.769302340414001, 38.3860979672247 ], [ -122.769419339609996, 38.386180967511102 ], [ -122.769744339826005, 38.386448967442298 ], [ -122.771053340118002, 38.387529967362802 ], [ -122.771262340958998, 38.3877019678077 ], [ -122.771490340133994, 38.387889967166203 ], [ -122.772045340751006, 38.388348967095297 ], [ -122.772222340140004, 38.388494967847997 ], [ -122.772370340685001, 38.388616967694901 ], [ -122.773293340422001, 38.389376967656602 ], [ -122.773712341217006, 38.389726967892202 ], [ -122.774012341241004, 38.389976967686501 ], [ -122.774267340978994, 38.390187967130899 ], [ -122.775292341511999, 38.391034967894797 ], [ -122.776732341970998, 38.3922239676941 ], [ -122.778369342784998, 38.393575967714099 ], [ -122.778938342911999, 38.394045967648601 ], [ -122.779393342907994, 38.394424967144602 ], [ -122.779667343089997, 38.394652967463998 ], [ -122.780190342205998, 38.395083967356697 ], [ -122.780187342884005, 38.395101967454799 ] ] ] } },
{ "type": "Feature", "properties": { "Name": "Bennett Valley Union Elementary" }, "geometry": { "type": "Polygon", "coordinates": [ [ [ -122.685747332573996, 38.424516977116497 ], [ -122.685739332381999, 38.425207976516504 ], [ -122.685714332871001, 38.4281009767763 ], [ -122.685734332612995, 38.428207977506403 ], [ -122.685725333253998, 38.429410976854001 ], [ -122.685725332928996, 38.429568976949398 ], [ -122.685735333794995, 38.432446977700998 ], [ -122.685605332660998, 38.432430977849002 ], [ -122.685208333519995, 38.4323839779697 ], [ -122.684923333542997, 38.432350977304502 ], [ -122.684139332997006, 38.432255977582898 ], [ -122.684123333076997, 38.432253977800599 ], [ -122.684020332903998, 38.432240977217603 ], [ -122.683624332421999, 38.432194977745802 ], [ -122.683575333381, 38.432188977882802 ], [ -122.683430332708994, 38.4321709779393 ], [ -122.683382332405003, 38.432165977265797 ], [ -122.683408332446007, 38.432293977833901 ], [ -122.683489333313005, 38.432679977387302 ], [ -122.683516332465999, 38.432808978110302 ], [ -122.683520333329, 38.432895977620497 ], [ -122.683532333016998, 38.433159977564102 ], [ -122.683537332704006, 38.433247978144699 ], [ -122.683335333323001, 38.433252977632399 ], [ -122.682728333384006, 38.433269978000602 ], [ -122.682527332695003, 38.433275978109499 ], [ -122.682519332889001, 38.4331169776178 ], [ -122.682496333079996, 38.432639977379402 ], [ -122.681604332611997, 38.432702978208297 ], [ -122.681625332994003, 38.432869977860399 ], [ -122.681633332987005, 38.433062977626598 ], [ -122.681627332947002, 38.433116978274498 ], [ -122.681621332654004, 38.433181978135998 ], [ -122.681622332570996, 38.433285977748902 ], [ -122.681657332962004, 38.433597978331001 ], [ -122.681756333219994, 38.434459977998699 ], [ -122.681757333152007, 38.434533977744302 ], [ -122.681765333179001, 38.434848977741503 ], [ -122.681760333144993, 38.434917978216397 ], [ -122.681738332665006, 38.435311978508999 ], [ -122.681719333488005, 38.435625978482598 ], [ -122.681772333200001, 38.436184978386301 ], [ -122.681783332771005, 38.436253978402597 ], [ -122.681814332979002, 38.4364499785909 ], [ -122.681636333314998, 38.436307977950101 ], [ -122.681610332616998, 38.435893978514102 ], [ -122.681203333458001, 38.435664978248099 ], [ -122.680743332510005, 38.435602978433302 ], [ -122.680241332166005, 38.435200977955901 ], [ -122.679440332225994, 38.435065978489199 ], [ -122.678913332313996, 38.434859978449403 ], [ -122.677868332615006, 38.434704978185103 ], [ -122.677574331722994, 38.434560978700397 ], [ -122.677524332394, 38.434187977948497 ], [ -122.677516332574996, 38.434112978724698 ], [ -122.677414331980998, 38.434097978537601 ], [ -122.677196331624003, 38.434067978466103 ], [ -122.676741331982001, 38.434173978064798 ], [ -122.676452331557002, 38.434136978183403 ], [ -122.676124331783996, 38.434094978100099 ], [ -122.675922331514997, 38.4341869786413 ], [ -122.67552833197, 38.434224978840803 ], [ -122.675345331450998, 38.434283978642299 ], [ -122.675047331485004, 38.434155978216602 ], [ -122.674763331652002, 38.434032978707002 ], [ -122.674292331377998, 38.433843978571602 ], [ -122.674201331719999, 38.433702978676898 ], [ -122.674190331139997, 38.433632978344001 ], [ -122.673969331270996, 38.433203978764901 ], [ -122.672099330720002, 38.433275978278097 ], [ -122.671827331242994, 38.432943978864401 ], [ -122.671467331071, 38.432485978677498 ], [ -122.670841330908004, 38.432705979090997 ], [ -122.670177330770997, 38.4321279784673 ], [ -122.669857330778996, 38.432115979062097 ], [ -122.669474330897998, 38.432358978638298 ], [ -122.669059330619007, 38.432583979239197 ], [ -122.668923330642997, 38.432675978891901 ], [ -122.668318330966997, 38.432354979111402 ], [ -122.668001330791, 38.432216978846 ], [ -122.667920330756004, 38.432180979279899 ], [ -122.667257330346004, 38.431914979094998 ], [ -122.666931330332005, 38.431763978839101 ], [ -122.666941330144994, 38.432353978782402 ], [ -122.666972330419995, 38.4328949793397 ], [ -122.666965330937998, 38.4332659788328 ], [ -122.666918330526997, 38.434214978730303 ], [ -122.666968331310997, 38.435083979046603 ], [ -122.666986330594995, 38.436279979032101 ], [ -122.666990331294997, 38.436872979087603 ], [ -122.666998330818004, 38.437258979343099 ], [ -122.665207330488002, 38.437896979124403 ], [ -122.664745330284006, 38.438014979943397 ], [ -122.664013330546993, 38.438314979752498 ], [ -122.662641330743, 38.438806979900797 ], [ -122.660363329982005, 38.4396569802093 ], [ -122.659770330433005, 38.439853979872701 ], [ -122.659659330394007, 38.439896979733703 ], [ -122.659283329952999, 38.440041980090001 ], [ -122.657895329523001, 38.440472980060598 ], [ -122.657257329968004, 38.440740980706302 ], [ -122.656630329899997, 38.440957980046697 ], [ -122.655771330288005, 38.441260980448099 ], [ -122.655177329235002, 38.441467980193202 ], [ -122.653902330117006, 38.441918980809497 ], [ -122.653557329088002, 38.442033980892397 ], [ -122.652187329716995, 38.442500980876297 ], [ -122.651394329414998, 38.442806981051703 ], [ -122.651359329287999, 38.442700981205498 ], [ -122.651298328921001, 38.442582981299402 ], [ -122.651260329501, 38.4425269806747 ], [ -122.651169328972998, 38.442421980668101 ], [ -122.651061329284005, 38.442326981095 ], [ -122.650940328692002, 38.442245980859802 ], [ -122.650638328851997, 38.442125980649699 ], [ -122.650277329408993, 38.442055981226403 ], [ -122.650003329487006, 38.442011981336499 ], [ -122.649866329267994, 38.441846980891803 ], [ -122.649741328909997, 38.4418209809144 ], [ -122.649793328764005, 38.441707981335199 ], [ -122.649799328990994, 38.441489981341 ], [ -122.649750329029999, 38.441479980948898 ], [ -122.649705328601996, 38.441460980701002 ], [ -122.649553328384002, 38.441401981178899 ], [ -122.649409329288005, 38.441250981160302 ], [ -122.648759328392003, 38.440472981041999 ], [ -122.648619328753995, 38.440310980706499 ], [ -122.648515328643995, 38.440194981184 ], [ -122.648279328583001, 38.439937981265601 ], [ -122.648223328816002, 38.4398999807321 ], [ -122.648044328146995, 38.439697980564702 ], [ -122.647665328545997, 38.439360981375401 ], [ -122.647669328142996, 38.4390979806711 ], [ -122.646393327948005, 38.439319980888001 ], [ -122.646216328337005, 38.439084981140702 ], [ -122.644883327233998, 38.437310980768402 ], [ -122.643904326908, 38.435986981442099 ], [ -122.643981326906996, 38.435256981027301 ], [ -122.643644326919997, 38.434885981320598 ], [ -122.643894326652998, 38.433780980383602 ], [ -122.643366327386005, 38.433354980461303 ], [ -122.642431326874998, 38.432491980557998 ], [ -122.640458325900994, 38.429282981017401 ], [ -122.639293325696997, 38.428415981062201 ], [ -122.639225325883999, 38.4283469803323 ], [ -122.639173325873998, 38.428350980584497 ], [ -122.639116326210996, 38.428367980742699 ], [ -122.638986325383996, 38.428339980837102 ], [ -122.638944325995993, 38.428299980528401 ], [ -122.638902325885994, 38.428270981081504 ], [ -122.638772326045995, 38.428263981015398 ], [ -122.638720325559007, 38.428243980600897 ], [ -122.638668325802001, 38.428214980755399 ], [ -122.638668326222998, 38.428178980472801 ], [ -122.638693325188996, 38.428153980518601 ], [ -122.638662326208006, 38.428129981106302 ], [ -122.638610325925995, 38.428108980810599 ], [ -122.638536325483997, 38.428011980447003 ], [ -122.638510326079995, 38.427933980765701 ], [ -122.638540325701996, 38.4278239803809 ], [ -122.638549325621995, 38.427696980619899 ], [ -122.638590325116994, 38.427647980893902 ], [ -122.638610325835998, 38.427524980524701 ], [ -122.638618325314994, 38.427275980752597 ], [ -122.638651325056998, 38.426948980896299 ], [ -122.638624325657005, 38.426732980334599 ], [ -122.638585325885003, 38.426504981057597 ], [ -122.638506325159995, 38.426361980652104 ], [ -122.638396325046003, 38.426301980804404 ], [ -122.638219325807, 38.426179980928602 ], [ -122.638062324938005, 38.426098980980797 ], [ -122.637978325693993, 38.425931980940902 ], [ -122.637831325079006, 38.425810980596601 ], [ -122.637554325539995, 38.425729980790699 ], [ -122.637133324849998, 38.425617980495097 ], [ -122.636889325076993, 38.425605980809998 ], [ -122.636352325193997, 38.425608980812299 ], [ -122.635934324540003, 38.4256839810974 ], [ -122.635584325061004, 38.425758980690901 ], [ -122.635010325, 38.425186980748897 ], [ -122.634132324115996, 38.424199980796303 ], [ -122.633350323808997, 38.4232799809893 ], [ -122.630989323604993, 38.420661980669301 ], [ -122.630622323129003, 38.420216980828499 ], [ -122.629974322788996, 38.419430980940298 ], [ -122.629156323302993, 38.4185119808526 ], [ -122.627438322794006, 38.416602980437702 ], [ -122.626622322434002, 38.415568981019597 ], [ -122.626108322584997, 38.414916980694102 ], [ -122.625498321810994, 38.414284980647501 ], [ -122.625458322184997, 38.414226980742598 ], [ -122.625271322348993, 38.414075980423497 ], [ -122.624691322016005, 38.413417980853097 ], [ -122.624148321904997, 38.413174980241401 ], [ -122.622619321433007, 38.412426980935997 ], [ -122.620300320683995, 38.411469980780097 ], [ -122.618697320091002, 38.410849980854699 ], [ -122.616087320581002, 38.409629981193 ], [ -122.611031319334003, 38.407293981587799 ], [ -122.610529318464003, 38.4070799809204 ], [ -122.610591318546994, 38.406997981372399 ], [ -122.606078317455996, 38.404959981103197 ], [ -122.603306317502003, 38.403693981727997 ], [ -122.603267317662002, 38.403790981140098 ], [ -122.600628316666004, 38.402617981949597 ], [ -122.598831316925001, 38.401801981659503 ], [ -122.592000314616996, 38.398595981893202 ], [ -122.592048314522003, 38.3976829820039 ], [ -122.592622313966999, 38.387397981219401 ], [ -122.592575313330002, 38.387428980957999 ], [ -122.592528311959001, 38.3720269797114 ], [ -122.597709312250998, 38.371931979429 ], [ -122.597767313304004, 38.371968979104899 ], [ -122.599150312716006, 38.371944979117998 ], [ -122.601762313265993, 38.371963978770999 ], [ -122.601815312715999, 38.369596978966499 ], [ -122.601859312819002, 38.362748978672101 ], [ -122.601870312241005, 38.362549978068998 ], [ -122.601816312138993, 38.357938978283798 ], [ -122.601812311754003, 38.357466977567299 ], [ -122.609782313124995, 38.357382977143899 ], [ -122.618051313961999, 38.357568976376399 ], [ -122.618128314146006, 38.357574976536 ], [ -122.620227313819996, 38.357747976351803 ], [ -122.620315313467003, 38.3512879762079 ], [ -122.620272313073002, 38.3508399756453 ], [ -122.633268315520993, 38.350787975205201 ], [ -122.637652315663999, 38.350784974502503 ], [ -122.637676316367006, 38.351039974697102 ], [ -122.637689316169997, 38.351186974645699 ], [ -122.637690316096993, 38.351219974753 ], [ -122.637704316086001, 38.351527975167599 ], [ -122.637702316030001, 38.351762974780399 ], [ -122.636930315833993, 38.351749974524203 ], [ -122.636862315900004, 38.351751974699397 ], [ -122.636848316552999, 38.3522199748041 ], [ -122.636833316134997, 38.353138975005699 ], [ -122.636903315961007, 38.353115974564801 ], [ -122.637773316929, 38.352872974952199 ], [ -122.637806316633998, 38.352946974900902 ], [ -122.637856315917006, 38.353085975058299 ], [ -122.637872316623003, 38.3531439749597 ], [ -122.637888316025993, 38.353203974529301 ], [ -122.637903316039001, 38.353290974887202 ], [ -122.637986317053006, 38.353326975185503 ], [ -122.638806316610001, 38.354124975043803 ], [ -122.639382317233, 38.354673975062703 ], [ -122.640181317599001, 38.3554619746402 ], [ -122.640696317673999, 38.356011974563899 ], [ -122.641833317807993, 38.357061974759198 ], [ -122.642848317337993, 38.358096974867003 ], [ -122.642918317286004, 38.358166975175202 ], [ -122.642230318030002, 38.358166974855699 ], [ -122.640723317543006, 38.3581669753192 ], [ -122.638659317587994, 38.358173975175902 ], [ -122.638659317065006, 38.358241975634797 ], [ -122.638699318196998, 38.365139975500099 ], [ -122.638692317896997, 38.365350975825002 ], [ -122.639701318451003, 38.365355975983299 ], [ -122.639805318081997, 38.365357975893701 ], [ -122.640450317781003, 38.365369975834703 ], [ -122.643832319132002, 38.365420975724803 ], [ -122.646678319014001, 38.365459975610698 ], [ -122.647746319080994, 38.365456975524097 ], [ -122.647642319927996, 38.365529974712103 ], [ -122.647844319422006, 38.365529975176599 ], [ -122.647839319534995, 38.366159974679597 ], [ -122.647823320217995, 38.368370975451697 ], [ -122.647823319791001, 38.368385975544001 ], [ -122.647823319951002, 38.368845975400902 ], [ -122.647824320232999, 38.370228975217401 ], [ -122.647825320124994, 38.3706899756057 ], [ -122.647829320289006, 38.3726409759783 ], [ -122.652380320898999, 38.372570975743102 ], [ -122.652376320784001, 38.372684975556801 ], [ -122.652367320888004, 38.373018975272799 ], [ -122.652380321295993, 38.3763429760481 ], [ -122.652908321159003, 38.376748975944601 ], [ -122.656981322956, 38.380000975883497 ], [ -122.656981322331006, 38.380527975450597 ], [ -122.656994323058996, 38.387545976214597 ], [ -122.666352324840005, 38.387640975886598 ], [ -122.673299325767005, 38.387694975272296 ], [ -122.674232326554005, 38.388509974578199 ], [ -122.674436325645999, 38.388676974671199 ], [ -122.675745326997003, 38.3897639747399 ], [ -122.675741327029996, 38.389898974783399 ], [ -122.675730326849006, 38.3922109747921 ], [ -122.675707327035994, 38.396501975050597 ], [ -122.675707327162996, 38.397009975693202 ], [ -122.675755327640005, 38.400079975529998 ], [ -122.675763327742999, 38.400864976036601 ], [ -122.675768328510003, 38.401266976030698 ], [ -122.675777328422996, 38.401787975412397 ], [ -122.675799328026997, 38.403701976040203 ], [ -122.675823328836003, 38.403975976366503 ], [ -122.675805328907998, 38.404722976262804 ], [ -122.675818328578004, 38.406027975927003 ], [ -122.675769328689995, 38.406337975831299 ], [ -122.675830328264993, 38.407215976248402 ], [ -122.675847328559001, 38.408926976004999 ], [ -122.675861328671004, 38.4109479762201 ], [ -122.675879329691995, 38.4123539764214 ], [ -122.675883329840005, 38.412686977045396 ], [ -122.675993329684005, 38.412665976438902 ], [ -122.676858329416007, 38.412585976727897 ], [ -122.677312329369997, 38.412543976252998 ], [ -122.677311329199, 38.412693976425999 ], [ -122.677312329800998, 38.415102976744002 ], [ -122.677312329459994, 38.415618977039799 ], [ -122.677337330274995, 38.417577976656602 ], [ -122.677351330261999, 38.418192977094897 ], [ -122.677334329925998, 38.418513977439503 ], [ -122.677411330802997, 38.4185309774061 ], [ -122.677475330529006, 38.418533976966998 ], [ -122.677566329944995, 38.418547976667703 ], [ -122.677644330880995, 38.418576976733299 ], [ -122.677729330041998, 38.4186479770242 ], [ -122.677789330866005, 38.418739977241003 ], [ -122.677888330621997, 38.418976976680099 ], [ -122.677919330074999, 38.419077977460503 ], [ -122.677952330021995, 38.419246977195797 ], [ -122.677984330797997, 38.419364977399397 ], [ -122.678042329991001, 38.419457976733 ], [ -122.678099330001999, 38.419537976836303 ], [ -122.678171330300003, 38.419609976852101 ], [ -122.678248330797999, 38.419675976725699 ], [ -122.678320330918993, 38.419751976935999 ], [ -122.678368330077006, 38.419817977066401 ], [ -122.678407330422999, 38.419912976826197 ], [ -122.678404330308993, 38.420004976688197 ], [ -122.678377330138005, 38.420101976833799 ], [ -122.678333330111997, 38.420206977286902 ], [ -122.678326331060006, 38.420291976900501 ], [ -122.678365330698, 38.420404977475599 ], [ -122.678403330563, 38.420478977528902 ], [ -122.678603331131995, 38.420791977259597 ], [ -122.678707330335996, 38.421004977148897 ], [ -122.678769330376994, 38.421096976758697 ], [ -122.678852330474996, 38.421199976986699 ], [ -122.679027330569994, 38.421367977177802 ], [ -122.679111331269993, 38.421452976778198 ], [ -122.679176331272998, 38.421525977456099 ], [ -122.679261330863, 38.421611977154903 ], [ -122.679320330793004, 38.421683976878803 ], [ -122.679370330590004, 38.421771977470499 ], [ -122.679445331091998, 38.421931977529297 ], [ -122.679560331385005, 38.4220649775448 ], [ -122.679664331490002, 38.422168977573399 ], [ -122.679828331202003, 38.422311977109899 ], [ -122.679962331498004, 38.422465976866597 ], [ -122.680136331254005, 38.422593977042503 ], [ -122.680202331277002, 38.422635976981702 ], [ -122.680375330973007, 38.422717977395997 ], [ -122.680469331789993, 38.422774977353399 ], [ -122.680593331484999, 38.422890977465698 ], [ -122.680660331173996, 38.422967977433402 ], [ -122.680694331043995, 38.4230259772213 ], [ -122.680861331889005, 38.423279977084398 ], [ -122.680914331311996, 38.423379977098399 ], [ -122.680963331835997, 38.423491977560197 ], [ -122.681023331568994, 38.4235819767582 ], [ -122.681070331071993, 38.4236139773407 ], [ -122.681120331537997, 38.423633977079199 ], [ -122.681207331896999, 38.423654977257698 ], [ -122.681278330968993, 38.423664976891899 ], [ -122.681582331325998, 38.423671977162499 ], [ -122.681934331831997, 38.423671976974198 ], [ -122.682043331743003, 38.423667977199301 ], [ -122.682216331242998, 38.423670977462599 ], [ -122.682276332097999, 38.423678977084698 ], [ -122.682331331260002, 38.423729977544099 ], [ -122.682332331275006, 38.423753976817103 ], [ -122.682619331674005, 38.423754976634797 ], [ -122.682834331403001, 38.4237419774473 ], [ -122.684852332370994, 38.423739977245397 ], [ -122.685074331668005, 38.423746976531497 ], [ -122.685750332593997, 38.4237409769528 ], [ -122.685747332573996, 38.424516977116497 ] ] ] } },
{ "type": "Feature", "properties": { "Name": "Kenwood" }, "geometry": { "type": "Polygon", "coordinates": [ [ [ -122.610529318464003, 38.4070799809204 ], [ -122.608631318443003, 38.409557981553597 ], [ -122.608627319519996, 38.4097049812504 ], [ -122.604734318972007, 38.414727981871103 ], [ -122.604780319455998, 38.414799982393497 ], [ -122.600646319348002, 38.420348982856403 ], [ -122.599901318948, 38.421344982917198 ], [ -122.599570318706995, 38.421233983027498 ], [ -122.599361319405006, 38.421606982909303 ], [ -122.598598318499, 38.421766983158903 ], [ -122.598367318448993, 38.4221169833652 ], [ -122.597914318912004, 38.4222459835633 ], [ -122.597915319297002, 38.422359983798998 ], [ -122.597890319344003, 38.422472983495197 ], [ -122.597822318821002, 38.422617983124901 ], [ -122.597796319235002, 38.422690983606003 ], [ -122.597772319117993, 38.422785983024198 ], [ -122.597756319164006, 38.422930983211799 ], [ -122.597760319016999, 38.423026983408299 ], [ -122.597661319135, 38.423036983498903 ], [ -122.597596319413, 38.423052983127299 ], [ -122.597542319091005, 38.423066983298902 ], [ -122.597431319381997, 38.423169983222799 ], [ -122.597404319023994, 38.423249983167302 ], [ -122.597367319243006, 38.423326983514798 ], [ -122.597296319343997, 38.423431983422397 ], [ -122.597294318601001, 38.4234519832277 ], [ -122.597276319116006, 38.423587983852002 ], [ -122.597204319574999, 38.423770983931902 ], [ -122.597085318946995, 38.423947983770603 ], [ -122.596927318797, 38.4243079832682 ], [ -122.596899318924997, 38.424422983870699 ], [ -122.597028319288995, 38.424661983228702 ], [ -122.596402318528007, 38.425385984187002 ], [ -122.594720319537998, 38.427907983882697 ], [ -122.593976319508002, 38.428869984022903 ], [ -122.592948318872999, 38.430305984796 ], [ -122.592657319132996, 38.430731984593201 ], [ -122.592219318858994, 38.431330984959203 ], [ -122.591983319142003, 38.431631984853603 ], [ -122.590147319192994, 38.4342559847546 ], [ -122.587769319469999, 38.4388229858139 ], [ -122.587572319971997, 38.439195985249498 ], [ -122.587334319622997, 38.4391939857381 ], [ -122.587157319241001, 38.439142985569603 ], [ -122.587000319211, 38.439183985879602 ], [ -122.586785319041994, 38.439441985962198 ], [ -122.586140319422, 38.440424985638302 ], [ -122.585033319887998, 38.442016985591501 ], [ -122.584742319146997, 38.442452985969297 ], [ -122.584243319053002, 38.443223986496903 ], [ -122.583893318985005, 38.443806985878503 ], [ -122.583368319936994, 38.444678986522803 ], [ -122.581686319564, 38.4471789866449 ], [ -122.579635319809, 38.450337986569899 ], [ -122.579550319657002, 38.450469986798304 ], [ -122.579780319411995, 38.4505689873614 ], [ -122.583860321057003, 38.452192986867303 ], [ -122.584155320001997, 38.452299986976101 ], [ -122.583973320640993, 38.4534689869717 ], [ -122.583557320335998, 38.453470987375397 ], [ -122.582225320454995, 38.453466987177698 ], [ -122.580541320612994, 38.453461986751698 ], [ -122.580382319582995, 38.453469986903897 ], [ -122.580307319894999, 38.453472987296699 ], [ -122.579327320009995, 38.453521986941197 ], [ -122.577382319178, 38.453618987361402 ], [ -122.574758318901999, 38.453618987902097 ], [ -122.573898319014006, 38.453531987602403 ], [ -122.573846318619005, 38.453588987490797 ], [ -122.573878319421993, 38.453643987244099 ], [ -122.573910318925002, 38.453674987778498 ], [ -122.573972318849997, 38.4537089878826 ], [ -122.574045318927006, 38.453724987363501 ], [ -122.574068319386996, 38.4537259878539 ], [ -122.574217318712002, 38.453758987400697 ], [ -122.574360319782997, 38.453804987963501 ], [ -122.574493319143997, 38.453861987901803 ], [ -122.574613319671002, 38.453926987735997 ], [ -122.574794319724006, 38.454055987723898 ], [ -122.574933319270997, 38.454168987825398 ], [ -122.575005319561001, 38.454244987264502 ], [ -122.575095319935997, 38.454367987959202 ], [ -122.575128319062003, 38.454426987922197 ], [ -122.575137318908006, 38.454441987861301 ], [ -122.575156319716996, 38.454557987727398 ], [ -122.575151319701007, 38.4546759873772 ], [ -122.575122320068999, 38.454801987492701 ], [ -122.575132320015996, 38.454818987364803 ], [ -122.575157319137006, 38.454841987889601 ], [ -122.575210319316994, 38.454922987928697 ], [ -122.575202319189998, 38.455113987891202 ], [ -122.575215319652997, 38.455358987856499 ], [ -122.575231319284995, 38.455441987451799 ], [ -122.575316319598002, 38.455521988057498 ], [ -122.575428319306994, 38.455616987515398 ], [ -122.575477320057004, 38.455684987734799 ], [ -122.575502319633998, 38.455759987786102 ], [ -122.575505319469997, 38.455820987534501 ], [ -122.575476319676994, 38.455929988141797 ], [ -122.575425319201997, 38.456031988080902 ], [ -122.575381320123, 38.456094988073097 ], [ -122.575321319980006, 38.456158987690401 ], [ -122.575274319406006, 38.456252987486202 ], [ -122.575255319725002, 38.456317988133897 ], [ -122.575249319885998, 38.456392988102699 ], [ -122.575248320168001, 38.456418987601197 ], [ -122.575259320154004, 38.456488988084402 ], [ -122.575239319961995, 38.456560988081797 ], [ -122.575213320296001, 38.456604987757899 ], [ -122.575156319548, 38.456662987469599 ], [ -122.575082320247006, 38.456705987504499 ], [ -122.574995319639996, 38.456732987457599 ], [ -122.574932320138004, 38.456739988175002 ], [ -122.574752320163995, 38.456774987616299 ], [ -122.574639319171993, 38.456768988218897 ], [ -122.574645319717007, 38.457380988218503 ], [ -122.574700320741997, 38.463312988441999 ], [ -122.574723320060002, 38.463733988140604 ], [ -122.571710320107996, 38.4635279883205 ], [ -122.566862319753, 38.463167989172 ], [ -122.566149319158001, 38.463114988845199 ], [ -122.564706319126998, 38.463023988861302 ], [ -122.561767317971004, 38.462773989557803 ], [ -122.561456319238005, 38.4651219897479 ], [ -122.561454318163996, 38.465144989236002 ], [ -122.561214318812006, 38.467589990105203 ], [ -122.557154317846994, 38.466861989827997 ], [ -122.552734317461997, 38.466574990323899 ], [ -122.551103316831004, 38.466502990596901 ], [ -122.545021316168004, 38.466246991022999 ], [ -122.539994315363998, 38.466035991381503 ], [ -122.529839313764995, 38.466188992361197 ], [ -122.529644314674002, 38.4695519922305 ], [ -122.529638314845997, 38.469597991972599 ], [ -122.529618315093998, 38.469574992757899 ], [ -122.529527314088, 38.469556992310203 ], [ -122.529512314268999, 38.469554992443101 ], [ -122.529224314687994, 38.4695289921466 ], [ -122.529048314136006, 38.469572991927002 ], [ -122.528872314487003, 38.469602992310101 ], [ -122.528581313952998, 38.469608992224799 ], [ -122.528399314249995, 38.469604992527103 ], [ -122.528302314135004, 38.469604992578901 ], [ -122.528241314598006, 38.469614992860699 ], [ -122.528114314730999, 38.4696389927403 ], [ -122.528042313990994, 38.469686992489102 ], [ -122.527951314526007, 38.469720992554301 ], [ -122.527861314461006, 38.469763992425897 ], [ -122.527703314224993, 38.469798992664202 ], [ -122.527594314786, 38.469812992843799 ], [ -122.527443314788002, 38.469832992358398 ], [ -122.527346313696, 38.469866992331603 ], [ -122.527237314350998, 38.469909992917202 ], [ -122.527158314599006, 38.469929992611398 ], [ -122.527055314072001, 38.469953992778201 ], [ -122.526971314728002, 38.469958992635597 ], [ -122.526880314688995, 38.469949992949402 ], [ -122.526823314585002, 38.4699319925897 ], [ -122.526776313664996, 38.469916992336998 ], [ -122.526703314244998, 38.4698409927623 ], [ -122.526605314112004, 38.469774992629397 ], [ -122.526490313886001, 38.469708992199102 ], [ -122.526368314514997, 38.469675992985003 ], [ -122.526277314473006, 38.4696809928625 ], [ -122.526168314436006, 38.469690992536201 ], [ -122.526072313578993, 38.4697439930234 ], [ -122.526030314511004, 38.4698009929254 ], [ -122.525957314444994, 38.469872992367399 ], [ -122.525903313485998, 38.469925992659803 ], [ -122.525849314241, 38.469992992898497 ], [ -122.525813313507001, 38.470011992606203 ], [ -122.525710313611, 38.470035992503099 ], [ -122.525534314007999, 38.470070992416296 ], [ -122.525431313897997, 38.470084993100897 ], [ -122.525417313733001, 38.470090992803797 ], [ -122.525385313624994, 38.470093992888998 ], [ -122.525220313446994, 38.470147992912104 ], [ -122.525153314228007, 38.470172992552101 ], [ -122.525026314176998, 38.470215992696097 ], [ -122.524926313929996, 38.470250992845401 ], [ -122.524817314078007, 38.470265993014301 ], [ -122.524329314265003, 38.4705329928168 ], [ -122.524199313679006, 38.470472992672597 ], [ -122.524135313510001, 38.470477992373198 ], [ -122.523946314342993, 38.470471992958899 ], [ -122.523766313790006, 38.470421992982203 ], [ -122.523584313596004, 38.470345992699698 ], [ -122.523092313595001, 38.470219992872401 ], [ -122.522650313178005, 38.470189993020803 ], [ -122.522025313423001, 38.470761993050502 ], [ -122.521344313450001, 38.471034993254897 ], [ -122.521005313795996, 38.471113993324103 ], [ -122.520925313820001, 38.4711359931594 ], [ -122.520776313260001, 38.471183992948497 ], [ -122.520540312959, 38.471294993331298 ], [ -122.520446312931, 38.471320993253102 ], [ -122.520247313061006, 38.471399992852398 ], [ -122.520160313117998, 38.471409992819503 ], [ -122.520116312881001, 38.471362993029203 ], [ -122.520074313178, 38.4713209928548 ], [ -122.520049313174994, 38.471282993038301 ], [ -122.519982312915005, 38.471258992975997 ], [ -122.519928313779999, 38.471230993560297 ], [ -122.519849313335001, 38.471206993355302 ], [ -122.519776313687004, 38.471183992934101 ], [ -122.519721313068999, 38.471154992896601 ], [ -122.519672312911993, 38.471131993512103 ], [ -122.519514313216007, 38.471060993560798 ], [ -122.519301313133994, 38.470965993114497 ], [ -122.519222312945004, 38.4708909934009 ], [ -122.519197312687993, 38.470875993465697 ], [ -122.519148313478993, 38.470823993185299 ], [ -122.519112313346, 38.4707909928361 ], [ -122.519069313385003, 38.470742993642702 ], [ -122.519032313394007, 38.470690993493797 ], [ -122.518996312626001, 38.470652993197099 ], [ -122.518995312602001, 38.470614993511198 ], [ -122.518977313191996, 38.470557993516898 ], [ -122.518934313279004, 38.4705059932582 ], [ -122.518879313262005, 38.4705199934955 ], [ -122.518843312532994, 38.470562993626601 ], [ -122.518777312840996, 38.470581993423302 ], [ -122.518759312773, 38.470587992878599 ], [ -122.518680312764999, 38.4705969936158 ], [ -122.518595313516997, 38.470616992946297 ], [ -122.518438313242996, 38.470636993637598 ], [ -122.518341313467999, 38.470646993620598 ], [ -122.518256312779002, 38.470660993006099 ], [ -122.518147312455, 38.470656993525999 ], [ -122.518080313173996, 38.470647993100897 ], [ -122.518019312630997, 38.470628992940398 ], [ -122.517955313293996, 38.470585993274298 ], [ -122.517853312515001, 38.470557993714799 ], [ -122.517772313397003, 38.470540992849301 ], [ -122.517656312694001, 38.470529993383501 ], [ -122.517533312528002, 38.4705449932069 ], [ -122.517467313270998, 38.470535993221297 ], [ -122.517394312342006, 38.470521993269301 ], [ -122.517315312693, 38.470521993056899 ], [ -122.517260312676996, 38.470512993428102 ], [ -122.517196313002998, 38.470493993207299 ], [ -122.516979312577007, 38.470457993079499 ], [ -122.516834312930001, 38.470468993789403 ], [ -122.516799312380002, 38.470476993682603 ], [ -122.516672312441997, 38.470520993746398 ], [ -122.516551312461004, 38.470582993071702 ], [ -122.516467312589, 38.4706169934637 ], [ -122.516444313264003, 38.470634993493199 ], [ -122.516394312417006, 38.470673993458703 ], [ -122.516316313030998, 38.470726993841502 ], [ -122.516177313236994, 38.470822993603001 ], [ -122.516106312391997, 38.470849993652898 ], [ -122.516072312451996, 38.4708919937788 ], [ -122.516014312750002, 38.470902993611197 ], [ -122.515919312185005, 38.4708809931698 ], [ -122.515850312590999, 38.470819993777098 ], [ -122.515813312351, 38.470795993533599 ], [ -122.515709312279, 38.470724993567103 ], [ -122.515539312176998, 38.4705919938379 ], [ -122.515447311971997, 38.470492993334297 ], [ -122.515404312925, 38.470439993850199 ], [ -122.515313312206004, 38.470349993202198 ], [ -122.515257312510997, 38.470278993174901 ], [ -122.515233312373994, 38.470235993302303 ], [ -122.515208312509003, 38.470188993406403 ], [ -122.515166312310996, 38.470145993613698 ], [ -122.515146312927996, 38.470121993181301 ], [ -122.515109312083993, 38.470101993768701 ], [ -122.515056312363996, 38.470088993716899 ], [ -122.514983311948001, 38.470065993176902 ], [ -122.514941312375996, 38.470060993073503 ], [ -122.514874312019998, 38.470041993768596 ], [ -122.514772312887999, 38.470029993891501 ], [ -122.514746312316007, 38.470013993366798 ], [ -122.514661312428004, 38.469999993880897 ], [ -122.514594312257998, 38.4699769934019 ], [ -122.514521312374001, 38.469943993632697 ], [ -122.514479312806998, 38.469919993486201 ], [ -122.514411312359002, 38.4698539933229 ], [ -122.514338311805005, 38.469810993618097 ], [ -122.514320312528994, 38.469782993642198 ], [ -122.514259312777, 38.469715993796598 ], [ -122.514204312101995, 38.469663993126503 ], [ -122.514173312677997, 38.469611993689703 ], [ -122.514149312225996, 38.469549993749602 ], [ -122.514112312440005, 38.469511993046503 ], [ -122.514057312036996, 38.469478993091997 ], [ -122.514026311940995, 38.469435993675198 ], [ -122.514008312751997, 38.469411993774202 ], [ -122.513990312136002, 38.4693599930823 ], [ -122.513989311982002, 38.469316993499397 ], [ -122.513977312115003, 38.469259993199103 ], [ -122.513976311590994, 38.469192993824102 ], [ -122.513970312462007, 38.469111993138398 ], [ -122.513969311999006, 38.469078993405603 ], [ -122.513951311767997, 38.469054993521603 ], [ -122.513908311994001, 38.469011993415698 ], [ -122.513865312459998, 38.468945993296302 ], [ -122.513798311914996, 38.468902993631602 ], [ -122.513738312282996, 38.468893993798098 ], [ -122.513677311614003, 38.468903993926503 ], [ -122.513598312598006, 38.468903993108398 ], [ -122.513513312224006, 38.468896993287402 ], [ -122.513489312548998, 38.468894993164099 ], [ -122.513475311565998, 38.468889993640602 ], [ -122.513398312147999, 38.468861993507197 ], [ -122.513331312489001, 38.468847993287604 ], [ -122.513252311849996, 38.468833993223498 ], [ -122.513215311763005, 38.468795993174098 ], [ -122.513185312038999, 38.468743993431602 ], [ -122.513148311674001, 38.468700993450497 ], [ -122.513123311889998, 38.468667993127298 ], [ -122.513069312021997, 38.468629993632099 ], [ -122.512977311563006, 38.468562993230698 ], [ -122.512807311428006, 38.468458993227202 ], [ -122.512673311878004, 38.468397993201599 ], [ -122.512636311454997, 38.468388993601899 ], [ -122.512594312191993, 38.468388993519802 ], [ -122.512558311689006, 38.468388993846901 ], [ -122.512479311372999, 38.468369993367503 ], [ -122.512380312172994, 38.468355993477402 ], [ -122.512306311874994, 38.468329993850197 ], [ -122.512278311437996, 38.468308993965799 ], [ -122.512199312179007, 38.468242993519503 ], [ -122.512162312274, 38.468185993299301 ], [ -122.512125311343993, 38.468137993121999 ], [ -122.512095312260996, 38.468102993382303 ], [ -122.512086312270995, 38.4680659932731 ], [ -122.512086311459001, 38.468019993331403 ], [ -122.512071312021007, 38.467985993099902 ], [ -122.512034311614997, 38.467951993736698 ], [ -122.511976311905002, 38.467865993632699 ], [ -122.511939311571993, 38.467831993341903 ], [ -122.511859311446003, 38.467797993699499 ], [ -122.511796311175999, 38.467781993651798 ], [ -122.511765311592001, 38.467753993449797 ], [ -122.511728311685999, 38.467715993876197 ], [ -122.511691311269999, 38.467667993570302 ], [ -122.511648311079, 38.467610993678903 ], [ -122.511606311494006, 38.4675869934918 ], [ -122.511557311052997, 38.467582993502297 ], [ -122.511491311553996, 38.467568993118697 ], [ -122.511430311902004, 38.467549993314201 ], [ -122.511326311494003, 38.467521993943897 ], [ -122.511253311873006, 38.467474993248302 ], [ -122.511168311231998, 38.4673839939665 ], [ -122.511155311772995, 38.467326993522001 ], [ -122.511150311528993, 38.467255993472499 ], [ -122.511120311846994, 38.4672409931865 ], [ -122.511076311422002, 38.467183993187298 ], [ -122.511052311007006, 38.467160993146202 ], [ -122.510769311513002, 38.467187993328899 ], [ -122.510742311171001, 38.467204993650697 ], [ -122.510694310996996, 38.467228994024701 ], [ -122.510633311762007, 38.467262993273899 ], [ -122.510573310943997, 38.467291993442302 ], [ -122.510514311739996, 38.467296993710697 ], [ -122.510404311756005, 38.467353993398099 ], [ -122.510270311368004, 38.467366993329399 ], [ -122.510136310801002, 38.467360993262197 ], [ -122.509923311316996, 38.467367993595303 ], [ -122.509773310841993, 38.467349993785703 ], [ -122.509718311154003, 38.4673299938637 ], [ -122.509682311801996, 38.467290993818601 ], [ -122.509615311668995, 38.467242993809002 ], [ -122.509566311460006, 38.467214993253002 ], [ -122.509444310738999, 38.467172993425898 ], [ -122.509347310951995, 38.467110993275803 ], [ -122.509183311124005, 38.4670549938458 ], [ -122.509104310715998, 38.467025994090903 ], [ -122.509031311670995, 38.466992993818899 ], [ -122.508945311393006, 38.466950993313702 ], [ -122.508854310952003, 38.466888993373601 ], [ -122.508726311526004, 38.466817993471601 ], [ -122.508611310535002, 38.466751993615397 ], [ -122.508495311087003, 38.466680993762402 ], [ -122.508415311470998, 38.466609993816697 ], [ -122.508336311376993, 38.466547993801903 ], [ -122.508306311080005, 38.466514993712202 ], [ -122.508275311391003, 38.4664629938122 ], [ -122.508232311054002, 38.466395993869902 ], [ -122.508214311469999, 38.4663629940638 ], [ -122.508201310602999, 38.466314993410798 ], [ -122.508189311148001, 38.466267993381699 ], [ -122.508188311292997, 38.466200994091302 ], [ -122.508200310730004, 38.466163993650397 ], [ -122.508146310963994, 38.466138993988103 ], [ -122.508133310676001, 38.466148993534603 ], [ -122.508035310649007, 38.4661649940996 ], [ -122.507929311265997, 38.466145993771498 ], [ -122.507798311063993, 38.466141993322502 ], [ -122.507763310307993, 38.466126993376797 ], [ -122.507684310301997, 38.466107993441398 ], [ -122.507593310307001, 38.466074994048697 ], [ -122.507502311013994, 38.466050993691198 ], [ -122.507410310693999, 38.465975993539701 ], [ -122.507355310883995, 38.465913993711801 ], [ -122.507307310556001, 38.465856993494597 ], [ -122.507276311270999, 38.465823994088701 ], [ -122.507209310560995, 38.465780993639001 ], [ -122.507166310892003, 38.465742993887901 ], [ -122.507087310497994, 38.465680994013901 ], [ -122.506990310456004, 38.465647993522303 ], [ -122.506929310684001, 38.465624994106797 ], [ -122.506862310797004, 38.465600993286401 ], [ -122.506807310892995, 38.465567993774599 ], [ -122.506771310730997, 38.465544993365597 ], [ -122.506752310253006, 38.465491993790202 ], [ -122.506727310086006, 38.465425993405098 ], [ -122.506709310564005, 38.4653729937693 ], [ -122.506690310688995, 38.4653159940694 ], [ -122.506587310556995, 38.465225994008499 ], [ -122.506459310918999, 38.465168993555999 ], [ -122.506374311016003, 38.4651409938866 ], [ -122.506276310841997, 38.465088993958602 ], [ -122.506143310094998, 38.465027994163897 ], [ -122.506082310390994, 38.464984993814298 ], [ -122.505959310438001, 38.464856993321 ], [ -122.50588631027, 38.464775993606402 ], [ -122.505831310041003, 38.464699994137298 ], [ -122.505818310069003, 38.464609993517499 ], [ -122.505842310559004, 38.4645619933587 ], [ -122.505857310430997, 38.464530993689898 ], [ -122.505835309968006, 38.464497993707703 ], [ -122.506105310128007, 38.464113993519199 ], [ -122.506720310785994, 38.464062993521097 ], [ -122.506841310774007, 38.464122993310099 ], [ -122.506864310858006, 38.4641189932372 ], [ -122.507003310461997, 38.464108993504802 ], [ -122.507046310411994, 38.464131993555498 ], [ -122.507086310597003, 38.464168993624 ], [ -122.507119310274007, 38.464169993921601 ], [ -122.507155310966994, 38.464169993367399 ], [ -122.507192310844999, 38.464183993597899 ], [ -122.507246310233995, 38.4642119939531 ], [ -122.507375310281006, 38.464330993779598 ], [ -122.507498310504999, 38.4644459936275 ], [ -122.507666311091, 38.464528993219602 ], [ -122.507883310433996, 38.464508993699098 ], [ -122.507927310092001, 38.4644859935336 ], [ -122.508030310202003, 38.464360993698399 ], [ -122.508108310606005, 38.464284993348102 ], [ -122.508150310472999, 38.464231993740398 ], [ -122.508222310213, 38.4641269930692 ], [ -122.508240310695001, 38.464088993413696 ], [ -122.508258310360006, 38.464031993941099 ], [ -122.508275310092998, 38.4639549930816 ], [ -122.508311310170996, 38.463906993615403 ], [ -122.508372310590005, 38.463839993045099 ], [ -122.508425311099998, 38.463753993015899 ], [ -122.508461310173999, 38.463691993600698 ], [ -122.508503310083, 38.463610993117697 ], [ -122.508517310301002, 38.463577993538301 ], [ -122.508539310486, 38.463556993863598 ], [ -122.508583311202003, 38.463510993488001 ], [ -122.508677310907999, 38.463406992985099 ], [ -122.508749311231995, 38.463337993830898 ], [ -122.508774311091997, 38.463315993255897 ], [ -122.508861310246004, 38.4632949936288 ], [ -122.508916311207003, 38.463263993146803 ], [ -122.508924310249995, 38.463256993214898 ], [ -122.508962310574006, 38.463250993200901 ], [ -122.509034310361002, 38.463217993042697 ], [ -122.509094310855005, 38.463140993228599 ], [ -122.509104310750999, 38.4631249931384 ], [ -122.509089310264002, 38.463078993217799 ], [ -122.5091183105, 38.463021992975897 ], [ -122.509161310267999, 38.462981993066997 ], [ -122.509255310255995, 38.462895993019103 ], [ -122.509371311199004, 38.462791993351303 ], [ -122.509436311165004, 38.462734993609999 ], [ -122.509472310692004, 38.462671993166801 ], [ -122.509508310691004, 38.462590993571297 ], [ -122.509526310709006, 38.4625779932664 ], [ -122.509538310124995, 38.462533993179797 ], [ -122.509550310392996, 38.462486993669103 ], [ -122.509591311077003, 38.462455992817397 ], [ -122.509608310702006, 38.462424993437502 ], [ -122.509637311185998, 38.462338993409503 ], [ -122.509680311164004, 38.462269993653102 ], [ -122.509716310862004, 38.4622129928403 ], [ -122.509745311043005, 38.462166992959901 ], [ -122.509759311096005, 38.462080992941701 ], [ -122.509766310822002, 38.462034993533301 ], [ -122.509774311038996, 38.461985992847197 ], [ -122.509741310991004, 38.461960993561597 ], [ -122.509692310668996, 38.461946993080602 ], [ -122.509661310382995, 38.461898992818 ], [ -122.509637310714993, 38.461827993069697 ], [ -122.509618310378997, 38.461760993132899 ], [ -122.509575310881004, 38.461694993541499 ], [ -122.509521311007006, 38.461625993405697 ], [ -122.509422310500995, 38.4612909929591 ], [ -122.509390310613995, 38.461203993237497 ], [ -122.509295310547003, 38.4611119928216 ], [ -122.509010310289, 38.460938993196102 ], [ -122.508701310324, 38.460686992830297 ], [ -122.508597309977006, 38.460457993547799 ], [ -122.508559310497006, 38.4603209931051 ], [ -122.508558310772003, 38.4602499928789 ], [ -122.508558310536003, 38.460158992991197 ], [ -122.508581310264006, 38.460068993488001 ], [ -122.508587310345007, 38.459977993277299 ], [ -122.508586310235003, 38.459915993072102 ], [ -122.508616309654002, 38.459805993578598 ], [ -122.508615309625, 38.4597539931829 ], [ -122.508609310476004, 38.459653992691798 ], [ -122.508596310507997, 38.4596009931361 ], [ -122.508584310326995, 38.459557993340198 ], [ -122.508583310538995, 38.459481993220699 ], [ -122.508589310537005, 38.459429993354703 ], [ -122.508600309776995, 38.459357992720001 ], [ -122.508607310681995, 38.459337992709401 ], [ -122.508582309846005, 38.459188993134703 ], [ -122.508697310466999, 38.459149992899398 ], [ -122.508708309574999, 38.459133992806301 ], [ -122.508774310544993, 38.459104993152501 ], [ -122.508841310047004, 38.459080993341203 ], [ -122.508901309652998, 38.4590329932605 ], [ -122.508973310632996, 38.458969992727802 ], [ -122.509022310584001, 38.458907993286999 ], [ -122.509082310070994, 38.458840993297699 ], [ -122.509100309866, 38.458797992725003 ], [ -122.509166310501001, 38.458749993039099 ], [ -122.509250309703006, 38.458687993271703 ], [ -122.509317309747999, 38.458615992831 ], [ -122.509389310475001, 38.458553992745699 ], [ -122.509443310221997, 38.458505992742602 ], [ -122.509485310676993, 38.458481993155402 ], [ -122.509534309608995, 38.458447993345402 ], [ -122.509594310550995, 38.458399992878697 ], [ -122.509660309620998, 38.458380992573801 ], [ -122.509709310752996, 38.458365993363699 ], [ -122.509721310236998, 38.458337992791101 ], [ -122.509751309764994, 38.458284993353999 ], [ -122.509769310405005, 38.458232992648703 ], [ -122.509786310034997, 38.458189992934102 ], [ -122.509792309972994, 38.458127993192399 ], [ -122.509792309722997, 38.458084992755602 ], [ -122.509791309910995, 38.458027992460003 ], [ -122.509787310589005, 38.457983992458303 ], [ -122.509758310360994, 38.457938992462701 ], [ -122.509729310325, 38.4578989932618 ], [ -122.509685310216, 38.457847992689999 ], [ -122.509670309712007, 38.457790993290999 ], [ -122.509655310613994, 38.4576989927318 ], [ -122.509654310393998, 38.457647993054998 ], [ -122.509649310103001, 38.457574992612201 ], [ -122.509631310524995, 38.457481992452003 ], [ -122.509580310356, 38.457424992586098 ], [ -122.509496309707998, 38.457408992873098 ], [ -122.509381309833998, 38.4574239932872 ], [ -122.509198310260999, 38.457448992917598 ], [ -122.509106310453006, 38.457471992814597 ], [ -122.509048309844005, 38.457501992905797 ], [ -122.508981309538996, 38.457525992872498 ], [ -122.508878310526001, 38.457549993004598 ], [ -122.508782310496997, 38.457569992578499 ], [ -122.508703309504, 38.457612992878303 ], [ -122.508661309372002, 38.457641992991199 ], [ -122.508613310114001, 38.457665992592197 ], [ -122.508534310252998, 38.457679993138797 ], [ -122.508461309755006, 38.457684993325103 ], [ -122.508364309859999, 38.457709993414099 ], [ -122.508322309777995, 38.457709992890301 ], [ -122.508231309839005, 38.4577099930504 ], [ -122.508197309883002, 38.457698993368503 ], [ -122.508167310415999, 38.457701993372098 ], [ -122.507915310219005, 38.457659992578499 ], [ -122.507654309219006, 38.457610993095699 ], [ -122.507204309556997, 38.457470993275898 ], [ -122.507154309835002, 38.457459993079397 ], [ -122.507107309150001, 38.457438992956597 ], [ -122.507010309831998, 38.457357993335201 ], [ -122.506931309273, 38.4572959927455 ], [ -122.506870310162995, 38.457253992764002 ], [ -122.50679730908, 38.457225993164201 ], [ -122.506700309793999, 38.457215993505699 ], [ -122.506603309740001, 38.457211993485402 ], [ -122.506536309189997, 38.457207993192597 ], [ -122.506398309643998, 38.457207992805998 ], [ -122.506075309045002, 38.457204992859602 ], [ -122.505957309715996, 38.457184993505599 ], [ -122.505823309516003, 38.457122993067102 ], [ -122.505180309226006, 38.457067993583898 ], [ -122.50508030892, 38.457070992826502 ], [ -122.504928309831996, 38.457080993600698 ], [ -122.504777308749993, 38.457100993095999 ], [ -122.504692309760998, 38.457100993153297 ], [ -122.504565309284999, 38.457115992848202 ], [ -122.504492309002003, 38.457139993126198 ], [ -122.504383309759007, 38.4571739929263 ], [ -122.504280309682997, 38.457216993427302 ], [ -122.504172308722005, 38.4572509930506 ], [ -122.504069309326994, 38.457284993360503 ], [ -122.504020308633002, 38.457284993275501 ], [ -122.503947309498002, 38.457275993520703 ], [ -122.50388030917, 38.457226993590197 ], [ -122.503874308861, 38.4571869936198 ], [ -122.503874308647994, 38.457129993372298 ], [ -122.503852309395995, 38.457066992838499 ], [ -122.503822308828006, 38.457015993635501 ], [ -122.503764309019999, 38.456986993089203 ], [ -122.503712309676999, 38.456935993244798 ], [ -122.503625309575995, 38.456890993549301 ], [ -122.503545309179003, 38.456879993180301 ], [ -122.503477308632, 38.456867993722298 ], [ -122.503447309544995, 38.456839993381003 ], [ -122.503356308833006, 38.456791993260303 ], [ -122.503258309561005, 38.456711993249201 ], [ -122.503209308915999, 38.456635993727197 ], [ -122.503179308672003, 38.456592993665701 ], [ -122.503121309495, 38.456566993108503 ], [ -122.503026309221994, 38.456543993149801 ], [ -122.502975308998003, 38.4565099931989 ], [ -122.502931308919003, 38.456441993715401 ], [ -122.502906309439993, 38.456407993528501 ], [ -122.502631309345006, 38.456285993651598 ], [ -122.502503308902007, 38.456252993669203 ], [ -122.502418308895997, 38.4562239935101 ], [ -122.502339309373994, 38.456195993066103 ], [ -122.502230308242005, 38.456181993437397 ], [ -122.502140308785002, 38.456160993271801 ], [ -122.502042308200004, 38.456125993186099 ], [ -122.501878308879, 38.456097993321499 ], [ -122.501756309198001, 38.456055993469199 ], [ -122.501653308567001, 38.456017993670201 ], [ -122.501519308601999, 38.455989993429199 ], [ -122.501458308677996, 38.455955993715499 ], [ -122.501399308629999, 38.455938993255501 ], [ -122.501217308175995, 38.455899993757797 ], [ -122.501108308713995, 38.455894993080598 ], [ -122.501028308052, 38.455900993051699 ], [ -122.500977308453997, 38.455917993681098 ], [ -122.500883308179993, 38.4559419933912 ], [ -122.500810308237007, 38.455969993325503 ], [ -122.500737308737996, 38.455970993257601 ], [ -122.500665308630005, 38.455964993683097 ], [ -122.500584308301995, 38.455948993283499 ], [ -122.500505308851004, 38.455965993371301 ], [ -122.500446308286001, 38.455965993526902 ], [ -122.500395308750996, 38.4559549932629 ], [ -122.500300308533994, 38.455920993419802 ], [ -122.500277308047004, 38.455891993560002 ], [ -122.500258308539998, 38.455885993586499 ], [ -122.500215308519003, 38.455852993321102 ], [ -122.500202307907003, 38.4558309930852 ], [ -122.500184308323995, 38.455799993669999 ], [ -122.500136308386999, 38.455780993171203 ], [ -122.500087308223002, 38.455785993190901 ], [ -122.500028308441998, 38.455803993090399 ], [ -122.499879307990994, 38.455865993317602 ], [ -122.499776308153997, 38.455891993387503 ], [ -122.499713308018997, 38.4558919931034 ], [ -122.499675307855995, 38.455859993446801 ], [ -122.499645307961003, 38.455797993699001 ], [ -122.499577307986996, 38.455716993429903 ], [ -122.499535308288998, 38.455697993712903 ], [ -122.499468308174997, 38.455669993487398 ], [ -122.499431308865994, 38.4556409931564 ], [ -122.499322308714994, 38.455598993882099 ], [ -122.499272307723999, 38.4555969931844 ], [ -122.499041308223994, 38.455559993409103 ], [ -122.498852307950997, 38.455516993732999 ], [ -122.498741308514994, 38.455486993248499 ], [ -122.498599308075001, 38.455499993902201 ], [ -122.498338308691004, 38.455581993926401 ], [ -122.498285307911999, 38.455569993852599 ], [ -122.498212307778999, 38.455546993545603 ], [ -122.498145308502004, 38.4555229935726 ], [ -122.498030308294005, 38.455470993190097 ], [ -122.497951308595006, 38.455423993790298 ], [ -122.497898308117001, 38.455429993493802 ], [ -122.497835308559999, 38.455433993215898 ], [ -122.497785307944994, 38.455428993407097 ], [ -122.497488308477003, 38.455504993337797 ], [ -122.497330307568006, 38.455504993644603 ], [ -122.497169307403993, 38.455510993291497 ], [ -122.497139307542994, 38.455550993863199 ], [ -122.497103307618005, 38.455579993718104 ], [ -122.497024307960999, 38.4556229934473 ], [ -122.496982307674998, 38.4556619936942 ], [ -122.496940308369005, 38.455685993351302 ], [ -122.496886308431002, 38.455718993370297 ], [ -122.496831308146994, 38.455723993614299 ], [ -122.496765308106006, 38.455730993844703 ], [ -122.49647330837, 38.4557819938411 ], [ -122.496300307723004, 38.455844993694001 ], [ -122.496267308227999, 38.455857993975997 ], [ -122.496220308027006, 38.4558889935347 ], [ -122.496153308356, 38.4559079936326 ], [ -122.496138307492004, 38.455908993618102 ], [ -122.496081307482001, 38.455912993617403 ], [ -122.496059307829995, 38.455912993426999 ], [ -122.496008308065996, 38.455913993392301 ], [ -122.495893307914997, 38.455927993773102 ], [ -122.495766308000995, 38.455942994114899 ], [ -122.495329307771001, 38.4560639937948 ], [ -122.495293307636004, 38.456059993511303 ], [ -122.495136307251997, 38.456050993702497 ], [ -122.494906307638999, 38.456079994262502 ], [ -122.494748307543006, 38.456094993499299 ], [ -122.494657307159002, 38.456133993552299 ], [ -122.494622307398004, 38.4561569939248 ], [ -122.494585307769995, 38.456181993753802 ], [ -122.494555307099006, 38.456224993960802 ], [ -122.494507307605005, 38.456243994303001 ], [ -122.494446307467996, 38.456267993705502 ], [ -122.494386308093993, 38.456291994024099 ], [ -122.494330307351007, 38.456295994168499 ], [ -122.494277308104003, 38.456321993567897 ], [ -122.494271307602006, 38.456340993823403 ], [ -122.494247307161004, 38.456368993785702 ], [ -122.494198308096003, 38.456392993810503 ], [ -122.494144308128995, 38.456431994051698 ], [ -122.494054307672997, 38.456503994182903 ], [ -122.493975307097003, 38.456565994318801 ], [ -122.493933307486998, 38.456589993810901 ], [ -122.493891307148999, 38.456623993965799 ], [ -122.493836307899997, 38.456656994304403 ], [ -122.493798307925005, 38.456676993942096 ], [ -122.493773307124997, 38.456732994340697 ], [ -122.493744307821004, 38.456784994343202 ], [ -122.493723307542993, 38.456818994077103 ], [ -122.493665307597993, 38.456858993616102 ], [ -122.493636307808998, 38.456853994414502 ], [ -122.493621307417001, 38.456801994072499 ], [ -122.493613307022997, 38.456750994014499 ], [ -122.493608308088, 38.456700993932301 ], [ -122.493588307934999, 38.456676993828303 ], [ -122.493551307562996, 38.4565769936222 ], [ -122.493553307491993, 38.456527993851502 ], [ -122.493560307964003, 38.4564879943863 ], [ -122.493524307946998, 38.4564589941671 ], [ -122.493480307731005, 38.4564479942063 ], [ -122.493391307786993, 38.456408994021999 ], [ -122.493368307748, 38.456358993570703 ], [ -122.493337307440996, 38.456291994212897 ], [ -122.493306307946, 38.456253994317898 ], [ -122.493245307351003, 38.456220993941699 ], [ -122.493172307589006, 38.456177993780102 ], [ -122.493057307887, 38.456130993981297 ], [ -122.492984307794003, 38.456107994136403 ], [ -122.492959307204003, 38.456108993871403 ], [ -122.492889307682006, 38.456087993775398 ], [ -122.492736307520005, 38.456088993611203 ], [ -122.492699307037, 38.456067994158502 ], [ -122.492662307181007, 38.455999994377997 ], [ -122.492654307124994, 38.455924993772904 ], [ -122.492654307487001, 38.455867993704402 ], [ -122.492616307280002, 38.455719993983202 ], [ -122.492616307443001, 38.455598994393597 ], [ -122.492622307149006, 38.455507993653903 ], [ -122.492622307046005, 38.455421994124002 ], [ -122.492606307290004, 38.455312993544901 ], [ -122.492591306841007, 38.455215994206803 ], [ -122.492591307251004, 38.455158994145599 ], [ -122.492590307358, 38.454981994237301 ], [ -122.492589307027004, 38.454906994195099 ], [ -122.492523306715995, 38.454838993952002 ], [ -122.492472307241002, 38.454810993862402 ], [ -122.492377307159998, 38.454719994157998 ], [ -122.492333306662999, 38.454661993525299 ], [ -122.492311306841003, 38.4546229943399 ], [ -122.492245307603, 38.4545939940596 ], [ -122.492201306900995, 38.454584994164598 ], [ -122.492137306610999, 38.454586993968597 ], [ -122.491949307602994, 38.4545929943705 ], [ -122.491842306932995, 38.454616994048699 ], [ -122.491804306920002, 38.454643994330802 ], [ -122.491761306973999, 38.454667993890702 ], [ -122.491707307000993, 38.454687994219697 ], [ -122.491610306663006, 38.454706993754698 ], [ -122.491537307211999, 38.454716994411001 ], [ -122.491289306631003, 38.454708994179299 ], [ -122.491224307265, 38.454703993923502 ], [ -122.491052307420006, 38.4546909937553 ], [ -122.490992307267007, 38.454690993719197 ], [ -122.490882306661007, 38.454686994401897 ], [ -122.490798306673994, 38.454695993816102 ], [ -122.490780306749997, 38.454709993778998 ], [ -122.490389306794, 38.454735993884299 ], [ -122.490153307021998, 38.454736994211103 ], [ -122.490014306687996, 38.454712994459499 ], [ -122.489997307177006, 38.454699994532099 ], [ -122.489912306399006, 38.454661993888401 ], [ -122.489851306350999, 38.454633994429997 ], [ -122.489785306908999, 38.454609994504303 ], [ -122.489730306800993, 38.454581993793198 ], [ -122.489657306816994, 38.454557994001497 ], [ -122.489602306825006, 38.454529994131804 ], [ -122.489554307039995, 38.454515993878999 ], [ -122.489468307069004, 38.4544829944873 ], [ -122.489426306636005, 38.454449994220397 ], [ -122.489371306975002, 38.454449993892503 ], [ -122.489276306633002, 38.454440993907603 ], [ -122.489177306792996, 38.454431994314803 ], [ -122.489026306138996, 38.454422994500703 ], [ -122.488960306506996, 38.454406994294999 ], [ -122.488892306485994, 38.454384994178497 ], [ -122.488831306191003, 38.454380993791901 ], [ -122.488655307008003, 38.454390994061498 ], [ -122.48848630594, 38.454405993865699 ], [ -122.488353306224994, 38.454425994637099 ], [ -122.488283306371002, 38.454434993876902 ], [ -122.488153306626998, 38.454437994663401 ], [ -122.488093306657007, 38.454413994526298 ], [ -122.488097306035002, 38.454359994407703 ], [ -122.488097306081002, 38.454306994510802 ], [ -122.488097306051003, 38.4542359938198 ], [ -122.488096305902999, 38.454173993865403 ], [ -122.488090306839993, 38.4541069943445 ], [ -122.488071306934003, 38.454025994430303 ], [ -122.488040306014994, 38.453925994365797 ], [ -122.488009306804003, 38.453887994099198 ], [ -122.487985306501002, 38.453864994269203 ], [ -122.487948306377007, 38.453826994213799 ], [ -122.487893306632003, 38.453769994160602 ], [ -122.487857306194002, 38.453731994202698 ], [ -122.487778306186001, 38.453674994006803 ], [ -122.487698306531001, 38.453622994407297 ], [ -122.487552306604002, 38.4535329938535 ], [ -122.487431306182998, 38.4534759938444 ], [ -122.487279306695996, 38.4534149943687 ], [ -122.487024306506996, 38.453338994153803 ], [ -122.486926306056006, 38.453305994241099 ], [ -122.486823305848006, 38.453287994127002 ], [ -122.486768306035998, 38.453268993855403 ], [ -122.486738305586996, 38.453259994654097 ], [ -122.486647305529004, 38.453211993987303 ], [ -122.486604306114998, 38.453183994308901 ], [ -122.486562305579994, 38.4531649947088 ], [ -122.486482306579006, 38.4531219942672 ], [ -122.486428305608001, 38.453103994690998 ], [ -122.486349306332002, 38.453060994298603 ], [ -122.486202306371993, 38.452937994366501 ], [ -122.486147305572999, 38.452889994431999 ], [ -122.486121306059999, 38.452874994124997 ], [ -122.486092306540996, 38.452858994526501 ], [ -122.486056305711003, 38.452837994162898 ], [ -122.485983306069002, 38.452818993879902 ], [ -122.485910305833002, 38.452795994392297 ], [ -122.485805306288, 38.452791993860501 ], [ -122.485789306238999, 38.452791994427798 ], [ -122.485577306311995, 38.452772994184301 ], [ -122.485328306268997, 38.452797994703602 ], [ -122.485168306071998, 38.452815994122403 ], [ -122.485014306004004, 38.452881994135097 ], [ -122.484952305335, 38.452907994483702 ], [ -122.484783306119994, 38.452931994461103 ], [ -122.484727305296005, 38.452943994842599 ], [ -122.484693306227001, 38.452976993953897 ], [ -122.484639305352005, 38.452986994093699 ], [ -122.484590306198001, 38.452991994125597 ], [ -122.484525305299002, 38.452977994004101 ], [ -122.484285305369994, 38.452988994745901 ], [ -122.484025305859006, 38.452983994455401 ], [ -122.483967306072998, 38.452981994363903 ], [ -122.483941305258, 38.452970994594303 ], [ -122.483838305649002, 38.452947994786001 ], [ -122.483747305734994, 38.452942994772698 ], [ -122.483680305491006, 38.452942994586003 ], [ -122.483553305805998, 38.452953994668697 ], [ -122.483452305764004, 38.452967994378099 ], [ -122.483347305218004, 38.452982994091002 ], [ -122.483238305057, 38.452987994258798 ], [ -122.483183305962996, 38.452982994863 ], [ -122.483126305531002, 38.452996994819202 ], [ -122.483024305162004, 38.452996994223 ], [ -122.482929305830993, 38.452991994756403 ], [ -122.482849305534998, 38.452974994692198 ], [ -122.482791305109004, 38.452957994462402 ], [ -122.482630304946994, 38.452912994416501 ], [ -122.482601304905003, 38.452895994213897 ], [ -122.482579305599998, 38.452861994137699 ], [ -122.482579304880005, 38.452807994559301 ], [ -122.482558304896003, 38.452761994445098 ], [ -122.482484305845006, 38.452599994582698 ], [ -122.482404305152002, 38.452457994099298 ], [ -122.482361305043995, 38.452366994355202 ], [ -122.482288304782003, 38.452309994377103 ], [ -122.482257305805007, 38.452271994516103 ], [ -122.482136304920004, 38.452205994825398 ], [ -122.482056305282001, 38.452144994389698 ], [ -122.481971305602002, 38.452072994467599 ], [ -122.481892305467994, 38.451987994594603 ], [ -122.481831304888004, 38.451916994761099 ], [ -122.481782305701003, 38.4518639949248 ], [ -122.481635305146995, 38.4517269943941 ], [ -122.481507305376994, 38.451660994714501 ], [ -122.481422304901002, 38.451636994363703 ], [ -122.481335304652006, 38.451616994577499 ], [ -122.481301305138999, 38.451608994949801 ], [ -122.481161304699995, 38.451580994876501 ], [ -122.481028305430996, 38.451571994570998 ], [ -122.480965305591994, 38.451545994499902 ], [ -122.480926305203994, 38.451540994196698 ], [ -122.480868304671006, 38.451529994533303 ], [ -122.480780305543007, 38.451501994922999 ], [ -122.480715304727994, 38.451478994671099 ], [ -122.480656305278998, 38.451461994160397 ], [ -122.480540305039, 38.451433994884702 ], [ -122.480474305292006, 38.451428994157197 ], [ -122.480387305291998, 38.451405994319799 ], [ -122.480300305274, 38.451394994620202 ], [ -122.480205304444993, 38.451372994834799 ], [ -122.480132304576003, 38.451355994271701 ], [ -122.480015304443995, 38.451332995075603 ], [ -122.479943304293997, 38.451316994378303 ], [ -122.479906304937998, 38.451304994651501 ], [ -122.479848304472995, 38.451276994450403 ], [ -122.479840304492001, 38.4512199949815 ], [ -122.479869305107997, 38.451190994597603 ], [ -122.479898304874993, 38.451151994509701 ], [ -122.479897304567004, 38.451142994411498 ], [ -122.479915304298004, 38.451085994275402 ], [ -122.479927304723006, 38.451018994219901 ], [ -122.479939304683995, 38.450932994536601 ], [ -122.479992304641996, 38.450755994258003 ], [ -122.480022304445001, 38.450684994694498 ], [ -122.480064304346996, 38.4506129947926 ], [ -122.480093305164004, 38.450536994253099 ], [ -122.480117304496005, 38.450483994339798 ], [ -122.480153304826004, 38.450426994688797 ], [ -122.480183304440004, 38.450330994903801 ], [ -122.480195304296998, 38.450287994327297 ], [ -122.480212305238993, 38.450178994893299 ], [ -122.480212305243001, 38.450165994905902 ], [ -122.480226304851996, 38.4501309948201 ], [ -122.480247304814995, 38.450084994670497 ], [ -122.480240304443996, 38.450056994771302 ], [ -122.480212304386995, 38.449999994465202 ], [ -122.480217305162, 38.449930994443598 ], [ -122.480198304509997, 38.4498879946348 ], [ -122.480186304466002, 38.449849994120598 ], [ -122.480149305113997, 38.449816994369201 ], [ -122.480125304774006, 38.4497499941589 ], [ -122.480106304455006, 38.449682994843101 ], [ -122.480063304810002, 38.449625994508601 ], [ -122.480020304537007, 38.449573994929501 ], [ -122.479965305118995, 38.449464994256601 ], [ -122.479958304609994, 38.449378994765198 ], [ -122.479988304407001, 38.449273994219503 ], [ -122.480042304953997, 38.449177994292299 ], [ -122.480084304838996, 38.449115994096502 ], [ -122.480126304224001, 38.449048994039998 ], [ -122.480192304685005, 38.448981994636398 ], [ -122.480222304698003, 38.448910994123104 ], [ -122.480258304456001, 38.448843994740201 ], [ -122.480318304956995, 38.448799994790299 ], [ -122.480433305109997, 38.448766994145103 ], [ -122.480645304644995, 38.448712994084801 ], [ -122.480742305221, 38.4486799944833 ], [ -122.480826304719002, 38.448654994501901 ], [ -122.480935304569996, 38.448616994280499 ], [ -122.481014305035998, 38.448601993896602 ], [ -122.481093304762993, 38.448567994741097 ], [ -122.481125305272997, 38.448555994605798 ], [ -122.481137305236004, 38.448544994451602 ], [ -122.481240304953999, 38.448513994167001 ], [ -122.481371304890999, 38.448461993898903 ], [ -122.481487305081998, 38.448420994069501 ], [ -122.481581304472002, 38.448380993862301 ], [ -122.481654305161001, 38.4483119943106 ], [ -122.481731305205003, 38.448245993863303 ], [ -122.481922305245007, 38.448155994634597 ], [ -122.482131304738004, 38.447880994309699 ], [ -122.482240304640996, 38.447778994524803 ], [ -122.482326304959003, 38.447673994261798 ], [ -122.482389304239007, 38.447542993897798 ], [ -122.482450304661, 38.447375994364698 ], [ -122.482433305103996, 38.447151994263301 ], [ -122.482432304263995, 38.446984993858997 ], [ -122.482413304434999, 38.446894994299498 ], [ -122.482457305142006, 38.446836994505396 ], [ -122.482499304559994, 38.446740994231597 ], [ -122.482571304694005, 38.446654993895301 ], [ -122.482685304488001, 38.446535994422597 ], [ -122.482787304766006, 38.446401994279803 ], [ -122.482854305014001, 38.446319993947199 ], [ -122.482890304733004, 38.446253994429298 ], [ -122.482907304902994, 38.446214994406098 ], [ -122.482937304676, 38.446143994082902 ], [ -122.482977304429994, 38.44608699418 ], [ -122.483093304433993, 38.446016994286303 ], [ -122.483115304376, 38.445988993611202 ], [ -122.483100304800999, 38.445948994241597 ], [ -122.483039304490006, 38.4459139939555 ], [ -122.483014304503996, 38.445828994332501 ], [ -122.483014304722005, 38.445766993766 ], [ -122.483025304120005, 38.445670993910603 ], [ -122.483030304978001, 38.445570993934901 ], [ -122.483030304169006, 38.4455189940048 ], [ -122.483030305010999, 38.445470994106401 ], [ -122.483047304302005, 38.4454089934828 ], [ -122.483065304326999, 38.4453569936082 ], [ -122.483071304798997, 38.445303993885197 ], [ -122.483071305107003, 38.445251993934001 ], [ -122.483082304584002, 38.445193994244299 ], [ -122.483076304619999, 38.4451419942773 ], [ -122.483064304880997, 38.445093993448197 ], [ -122.483051305024006, 38.445003994036703 ], [ -122.483032304383997, 38.444927993494503 ], [ -122.483019304625003, 38.444746994187398 ], [ -122.483006304290996, 38.4446799935847 ], [ -122.482988304402994, 38.444612994001098 ], [ -122.483005304265006, 38.444574993764199 ], [ -122.483020304278, 38.444547993615799 ], [ -122.483029304739006, 38.444498993528498 ], [ -122.483053304646006, 38.444445993894597 ], [ -122.483065304310998, 38.444421993559502 ], [ -122.483089304177, 38.444359993999299 ], [ -122.483107304816997, 38.444278993868402 ], [ -122.48311830435, 38.4442409936023 ], [ -122.483130304369993, 38.444183993847801 ], [ -122.483148303920004, 38.444130994183602 ], [ -122.483184304226995, 38.444097993969798 ], [ -122.483196304816005, 38.444063993891497 ], [ -122.483202304578995, 38.444015994039901 ], [ -122.483226304807005, 38.443958993399903 ], [ -122.483250304693001, 38.443925994047 ], [ -122.483268304882003, 38.443896993836503 ], [ -122.483310304382996, 38.4438399941249 ], [ -122.483340304175996, 38.443796994153203 ], [ -122.483370304429002, 38.443757993328497 ], [ -122.483423304799999, 38.443614993386703 ], [ -122.483465304023994, 38.443557993624097 ], [ -122.483543304557998, 38.443418993837398 ], [ -122.483579304345, 38.443385993510198 ], [ -122.483628304628994, 38.443341993793403 ], [ -122.483700304593, 38.443279994031101 ], [ -122.483749304032997, 38.443230993525198 ], [ -122.483933304187005, 38.443198993933002 ], [ -122.483960304639993, 38.443202993430397 ], [ -122.484069304057002, 38.443163994040503 ], [ -122.484123304608005, 38.443144993214098 ], [ -122.484286304687004, 38.443000993629198 ], [ -122.484358304737, 38.4428579932734 ], [ -122.484369304858006, 38.442781993609103 ], [ -122.484381304948002, 38.442709993252002 ], [ -122.484387304834001, 38.442628993924899 ], [ -122.484422304838006, 38.442566993845901 ], [ -122.484459304115006, 38.442523993686002 ], [ -122.484458305020993, 38.442470993795602 ], [ -122.484452304710999, 38.442413993158297 ], [ -122.48443330405, 38.442342993611298 ], [ -122.484439304294995, 38.442280993908398 ], [ -122.484449303885, 38.442166993949499 ], [ -122.484437304869004, 38.442094993773303 ], [ -122.484449304562006, 38.4420609935827 ], [ -122.484485304466006, 38.442027993869303 ], [ -122.484528303917003, 38.442003993260002 ], [ -122.484673304262998, 38.441945993306902 ], [ -122.484794304581001, 38.441873993675998 ], [ -122.484818304559994, 38.441827993109499 ], [ -122.484817304618005, 38.441770993176497 ], [ -122.484809304750002, 38.441679993076598 ], [ -122.484816304803999, 38.441599993657697 ], [ -122.484816304551003, 38.441559993920002 ], [ -122.484851304878006, 38.441444993077901 ], [ -122.484909303883995, 38.441318993216399 ], [ -122.484936304751002, 38.441253993390099 ], [ -122.484935303821999, 38.4412439935615 ], [ -122.484939304711006, 38.4412349932729 ], [ -122.484947304078005, 38.441215993853703 ], [ -122.485017304940001, 38.441232993566302 ], [ -122.485062304554006, 38.441243993814801 ], [ -122.485153304609, 38.4412379930302 ], [ -122.485189304632996, 38.441239992983803 ], [ -122.485229303975004, 38.4412449937536 ], [ -122.485272304619997, 38.441276993747898 ], [ -122.485323304187006, 38.441316993152398 ], [ -122.485367305004999, 38.441345992972003 ], [ -122.485447304562001, 38.441367993660201 ], [ -122.485520304546995, 38.4413959930082 ], [ -122.485615304855997, 38.441418993549703 ], [ -122.485724304100003, 38.441463993080703 ], [ -122.485757305036998, 38.441459993708598 ], [ -122.485819304912994, 38.441446993701703 ], [ -122.485819304594003, 38.441388993211703 ], [ -122.485790304576, 38.441306993051597 ], [ -122.485796304752995, 38.441244993269201 ], [ -122.485813305068007, 38.441173993193203 ], [ -122.485855304370006, 38.441101992988102 ], [ -122.485861304652005, 38.4410689934478 ], [ -122.485860304886998, 38.440996993042397 ], [ -122.485836305020001, 38.440939993726602 ], [ -122.485799303947999, 38.440849993332399 ], [ -122.485768303865996, 38.440758993000202 ], [ -122.485743303922007, 38.440682993010498 ], [ -122.485718304711995, 38.440596993291102 ], [ -122.485658304268, 38.440573992951698 ], [ -122.485621304247999, 38.4405449932528 ], [ -122.485603303901996, 38.440497993511201 ], [ -122.485590304274993, 38.4404309931897 ], [ -122.485589304811, 38.440358993689401 ], [ -122.485625304199999, 38.440273993694099 ], [ -122.485667303878003, 38.440177993165797 ], [ -122.485697304336995, 38.440120993689902 ], [ -122.485703304083003, 38.440091993338399 ], [ -122.485733304354, 38.440005993616701 ], [ -122.485720304818997, 38.439953992878003 ], [ -122.485726304821, 38.439876993551003 ], [ -122.485762304605004, 38.439810993135403 ], [ -122.485828304490994, 38.4397439932034 ], [ -122.485882304279002, 38.439695993117901 ], [ -122.485930303884999, 38.4396669936691 ], [ -122.485984304167999, 38.439608992915602 ], [ -122.486014303833002, 38.439556993228599 ], [ -122.486032303941002, 38.439484993471801 ], [ -122.486035304612003, 38.439437992862601 ], [ -122.486080304102003, 38.439384993485298 ], [ -122.486218304193997, 38.439221992829303 ], [ -122.486263303838996, 38.4391579929759 ], [ -122.486341304114006, 38.439121993173003 ], [ -122.486399304067007, 38.4390869933262 ], [ -122.486399304374004, 38.439041992821998 ], [ -122.486340304004997, 38.438989992731798 ], [ -122.486260304376003, 38.438892993067 ], [ -122.486208304130997, 38.438790993446503 ], [ -122.486161304484995, 38.4387169930746 ], [ -122.486135304558005, 38.438621993444997 ], [ -122.486092303752997, 38.4385409932461 ], [ -122.486007304566996, 38.438436993358401 ], [ -122.485964304549, 38.438379993485199 ], [ -122.485945304107005, 38.438312993376698 ], [ -122.485938304319006, 38.438287993205201 ], [ -122.485927303902002, 38.438250993243898 ], [ -122.485926304310993, 38.438207993103397 ], [ -122.485999304323997, 38.438135993205499 ], [ -122.486026303665, 38.4381159927459 ], [ -122.486107303796999, 38.438054993295196 ], [ -122.486168304374999, 38.438011992891802 ], [ -122.486233303790002, 38.437949993357101 ], [ -122.486397303904994, 38.437852992734101 ], [ -122.486518304550998, 38.43779099276 ], [ -122.486644304109006, 38.437708992976702 ], [ -122.486662304237996, 38.437675993072098 ], [ -122.486698304249998, 38.437608992568599 ], [ -122.486740303795997, 38.437560993318499 ], [ -122.486758304087999, 38.437522992641 ], [ -122.486800304156006, 38.437484993067301 ], [ -122.486843304499999, 38.437445992902198 ], [ -122.486891303860006, 38.437412992987099 ], [ -122.486997304710002, 38.437362992700798 ], [ -122.487079303968997, 38.437334993011902 ], [ -122.487114304252003, 38.437325992728702 ], [ -122.487169304073007, 38.437320993064503 ], [ -122.487242304426999, 38.437324992692503 ], [ -122.487284304008, 38.437348992596803 ], [ -122.487315304532999, 38.437364992858299 ], [ -122.487670304538, 38.437424993269197 ], [ -122.487721304613999, 38.437419992894903 ], [ -122.487752304889995, 38.437427992922899 ], [ -122.487800304022997, 38.437413993175198 ], [ -122.487830304754993, 38.437384992688202 ], [ -122.487830304393995, 38.437346992531403 ], [ -122.487817304296001, 38.437260992834503 ], [ -122.487805303756005, 38.437193992891103 ], [ -122.487810304841005, 38.4371439930745 ], [ -122.487826304612, 38.437135992946999 ], [ -122.487884304806002, 38.437095992493099 ], [ -122.487891303810997, 38.437083993101901 ], [ -122.487935304817995, 38.437049992488198 ], [ -122.487934304652001, 38.436997992441498 ], [ -122.487919304461997, 38.436952992974497 ], [ -122.487919303845999, 38.436889992647302 ], [ -122.487914304729998, 38.436829992905999 ], [ -122.487935304266998, 38.436783993163097 ], [ -122.487941304176999, 38.436725992449198 ], [ -122.487959304631005, 38.4366689928477 ], [ -122.487970304217995, 38.436625993160398 ], [ -122.487982304270005, 38.436582992673401 ], [ -122.488000304283005, 38.4365359927857 ], [ -122.488000304607993, 38.436501992682899 ], [ -122.488012304278001, 38.436468992811399 ], [ -122.488048303954002, 38.436444992805399 ], [ -122.488108304354995, 38.4364159928531 ], [ -122.488187304527003, 38.436395993067997 ], [ -122.488278304128997, 38.4363719926776 ], [ -122.488308303783, 38.436357992553702 ], [ -122.488380303827995, 38.436314993090399 ], [ -122.488417304104004, 38.436280992454897 ], [ -122.488416304406996, 38.436232992467197 ], [ -122.488430303770997, 38.436182992722401 ], [ -122.488607304837998, 38.436045992415501 ], [ -122.488724304743002, 38.435933992989199 ], [ -122.488745304746004, 38.435927992834202 ], [ -122.488778304391005, 38.435907992355197 ], [ -122.488953304549, 38.435849992837099 ], [ -122.489021303976998, 38.435839992890898 ], [ -122.489086304189001, 38.435829992585603 ], [ -122.489147304105003, 38.435805992969698 ], [ -122.489225304412997, 38.435776992464 ], [ -122.489286304036995, 38.435762992495299 ], [ -122.489322304382, 38.435761992683297 ], [ -122.489365304836994, 38.435766992300202 ], [ -122.489413304619006, 38.435756992839501 ], [ -122.489467304426995, 38.435727992513499 ], [ -122.489516304958002, 38.435713993028699 ], [ -122.489558304379003, 38.435694993007502 ], [ -122.489570303920999, 38.435675992750703 ], [ -122.489588304345006, 38.435641992587797 ], [ -122.489624304654001, 38.435608993061798 ], [ -122.489648304376004, 38.435584992298999 ], [ -122.489696304907, 38.4355419923927 ], [ -122.489757304530002, 38.4355079927536 ], [ -122.489811303921002, 38.435488992891102 ], [ -122.489926304449995, 38.435406992995297 ], [ -122.489980304125993, 38.435368992512601 ], [ -122.489992304175004, 38.435352992475401 ], [ -122.490112304096996, 38.4352849926575 ], [ -122.490155304845004, 38.4352559927732 ], [ -122.490228304851996, 38.435214992749501 ], [ -122.490286304395994, 38.435168992363501 ], [ -122.490379304113006, 38.435119992144898 ], [ -122.490395304540002, 38.435117992200901 ], [ -122.490457303897998, 38.435108992480401 ], [ -122.490491304122997, 38.435097992421099 ], [ -122.490532304609005, 38.435047992102902 ], [ -122.490539303925004, 38.435024992137002 ], [ -122.490597304736994, 38.434995992525799 ], [ -122.490663304943993, 38.435012992114601 ], [ -122.490710304743999, 38.435012992653398 ], [ -122.490794304068004, 38.4350129928117 ], [ -122.490952303995996, 38.434994992220503 ], [ -122.491055304219998, 38.434993992214999 ], [ -122.491201304550998, 38.434987992268297 ], [ -122.491266304410999, 38.434970992236103 ], [ -122.491331304290995, 38.434929992666902 ], [ -122.491425304111999, 38.434820992502303 ], [ -122.491483304886003, 38.434769992539501 ], [ -122.491599304009, 38.434677992294198 ], [ -122.491671304286996, 38.4346029920696 ], [ -122.491670304305003, 38.434533991959597 ], [ -122.491653304447993, 38.4344969920067 ], [ -122.491684304315001, 38.434245992761603 ], [ -122.491806304785001, 38.433855992733001 ], [ -122.491816304964999, 38.433752992473401 ], [ -122.491835304898004, 38.433706992745201 ], [ -122.491907304275998, 38.433562992364301 ], [ -122.491949304911003, 38.433476991917502 ], [ -122.491997304989994, 38.433414992326 ], [ -122.492051304205006, 38.433333992648798 ], [ -122.492099304099, 38.433285991901499 ], [ -122.492159304675994, 38.433213992524799 ], [ -122.492219304151007, 38.433151991956201 ], [ -122.492256304742, 38.433113991822403 ], [ -122.492322304411005, 38.433055992609397 ], [ -122.492364304770007, 38.433012992057002 ], [ -122.492424304135994, 38.432969991925802 ], [ -122.492491303972997, 38.432911991786199 ], [ -122.492551303987, 38.432844992075601 ], [ -122.492623304475998, 38.432758991738602 ], [ -122.492659303989996, 38.432710992609699 ], [ -122.492731304353995, 38.432629992066197 ], [ -122.492803304055002, 38.432586992575999 ], [ -122.492864304589006, 38.432557992046902 ], [ -122.492906304241004, 38.432509992353502 ], [ -122.493002304672004, 38.432437992317098 ], [ -122.493081304610001, 38.4323939924355 ], [ -122.493135304359996, 38.4323749919267 ], [ -122.493284304412995, 38.4321999923514 ], [ -122.493438304091995, 38.432017991670698 ], [ -122.493442304956005, 38.431992991715802 ], [ -122.493447304466002, 38.431930992357202 ], [ -122.493465304653, 38.431806992330102 ], [ -122.493491304342996, 38.431736992377303 ], [ -122.493495304312006, 38.431725992224003 ], [ -122.493507304971999, 38.431712992083 ], [ -122.493562304188998, 38.4316539916775 ], [ -122.493614304397994, 38.431543991757501 ], [ -122.493626304173006, 38.431467992142203 ], [ -122.493656304249996, 38.431410992387498 ], [ -122.493692304804995, 38.4312909917087 ], [ -122.493727304087002, 38.431180991601003 ], [ -122.493751304076994, 38.431099991951697 ], [ -122.493781304449001, 38.431061991801002 ], [ -122.493823304957999, 38.431013991754199 ], [ -122.493847304053006, 38.430942991820501 ], [ -122.493877303898998, 38.430894991938501 ], [ -122.493900304293007, 38.430817992256401 ], [ -122.493946304868999, 38.430726991460602 ], [ -122.493960304360996, 38.430698991840003 ], [ -122.493966304522004, 38.4306229918258 ], [ -122.493959304681994, 38.430541992078901 ], [ -122.493960304626995, 38.430451991989798 ], [ -122.493826304372007, 38.430088992084301 ], [ -122.493768303782005, 38.430027992282099 ], [ -122.493658304807994, 38.429903991545601 ], [ -122.493579304324001, 38.429861991792997 ], [ -122.493524304613004, 38.4298239917564 ], [ -122.493481303723001, 38.429766991945201 ], [ -122.493469304334994, 38.429718992184 ], [ -122.493456304061993, 38.429651991840899 ], [ -122.493456304166003, 38.4296049917441 ], [ -122.493437303869001, 38.429546991842201 ], [ -122.493424304610997, 38.429461991633801 ], [ -122.493394304290007, 38.429385992082601 ], [ -122.493376304427002, 38.429344992282601 ], [ -122.493416303738002, 38.429280992012401 ], [ -122.493510304367007, 38.429182991410798 ], [ -122.493654303729997, 38.429039991547903 ], [ -122.493712304653997, 38.428981991899597 ], [ -122.493843303868999, 38.428906992118698 ], [ -122.493930304486994, 38.428801991314899 ], [ -122.494016304154997, 38.428745991883403 ], [ -122.494154304209005, 38.428653992092897 ], [ -122.494334304278993, 38.428527991689798 ], [ -122.494486304039995, 38.4284179915499 ], [ -122.494646303969006, 38.428302991777898 ], [ -122.494878303833005, 38.428210991614698 ], [ -122.495124304561998, 38.428088991622403 ], [ -122.495334304189996, 38.427962991164598 ], [ -122.495486304273001, 38.427858991166403 ], [ -122.495673304288005, 38.427721991316297 ], [ -122.495788303927995, 38.427682991932798 ], [ -122.495848304340001, 38.427625991106503 ], [ -122.495854304619002, 38.4275729916003 ], [ -122.495878304455005, 38.4275299916943 ], [ -122.496010304129996, 38.427466991519402 ], [ -122.496228304648994, 38.427385991198904 ], [ -122.496301304240006, 38.4273569911444 ], [ -122.496336304842004, 38.427284991297903 ], [ -122.496338304161, 38.4272689911218 ], [ -122.496376303900007, 38.427231991309903 ], [ -122.496405304695003, 38.427145991421099 ], [ -122.496426304064002, 38.427042991188799 ], [ -122.496483304378003, 38.426898991837398 ], [ -122.496512303993995, 38.426824991247898 ], [ -122.496511304210998, 38.4267559911763 ], [ -122.496518304744001, 38.426681991539901 ], [ -122.496502304874994, 38.426544991574602 ], [ -122.496495303973006, 38.426486991712999 ], [ -122.496472304682996, 38.426389991241301 ], [ -122.496443303804, 38.426320991039297 ], [ -122.496445304082002, 38.426311991184598 ], [ -122.496450304521005, 38.426269991116598 ], [ -122.496458304534997, 38.426207991738202 ], [ -122.496644304547999, 38.425927991260401 ], [ -122.497019304180995, 38.4254239913381 ], [ -122.497143304391997, 38.425291991352303 ], [ -122.497171304643999, 38.425235991303197 ], [ -122.497195303680002, 38.425187991279898 ], [ -122.497243303700998, 38.4251309911525 ], [ -122.497297303888004, 38.425096990893103 ], [ -122.497357303982, 38.4250489910075 ], [ -122.497460303932996, 38.4249679911293 ], [ -122.497550304081003, 38.424905991329801 ], [ -122.497610304087004, 38.424847991598199 ], [ -122.497683304160006, 38.424804990864999 ], [ -122.497731303928006, 38.4247809908668 ], [ -122.497822304598998, 38.424727990799099 ], [ -122.497900304542, 38.424693990889303 ], [ -122.497936304457994, 38.424665991331402 ], [ -122.497942304613005, 38.424631991358901 ], [ -122.497924304348004, 38.424579990940899 ], [ -122.497875303748998, 38.424541991323103 ], [ -122.497759304029003, 38.424460990766804 ], [ -122.497698304264006, 38.4243809913959 ], [ -122.497619304348007, 38.424304991571503 ], [ -122.497564304630998, 38.424242991254097 ], [ -122.497502304120005, 38.424156991233403 ], [ -122.497442304165006, 38.4241239909828 ], [ -122.497356303559002, 38.424047990811701 ], [ -122.497332304470007, 38.424014991557399 ], [ -122.497301303830994, 38.423962990682099 ], [ -122.497277304167994, 38.423909991101297 ], [ -122.497252304512003, 38.4238579912777 ], [ -122.497215304034995, 38.423786991460602 ], [ -122.497184303723998, 38.423738991519798 ], [ -122.497160303634999, 38.423705991357501 ], [ -122.497148303673995, 38.423667990808497 ], [ -122.497135304568999, 38.4236299911096 ], [ -122.497129303733004, 38.423600990688598 ], [ -122.497104304493007, 38.423505990805303 ], [ -122.497067304595006, 38.423453991476599 ], [ -122.497013303993, 38.423453991550502 ], [ -122.496855304093003, 38.423477991213097 ], [ -122.496777304044997, 38.423497990682598 ], [ -122.496589304067996, 38.423531991372101 ], [ -122.496462303458998, 38.4235659913519 ], [ -122.496396303527007, 38.423603990853699 ], [ -122.496323304174993, 38.4236139913871 ], [ -122.496214303876997, 38.423614991474402 ], [ -122.496093303872996, 38.423614991185701 ], [ -122.496014304420001, 38.4236009909079 ], [ -122.495953303651007, 38.423596991059902 ], [ -122.495814304068006, 38.423625990879202 ], [ -122.495760303704003, 38.423630991140499 ], [ -122.495657303936994, 38.4236309911796 ], [ -122.495590303670994, 38.4236159913753 ], [ -122.495523304136, 38.4235799914103 ], [ -122.495426304329996, 38.423517990989097 ], [ -122.495298303883999, 38.4234369912405 ], [ -122.495213304206004, 38.4234039914462 ], [ -122.495152303574002, 38.423375990817 ], [ -122.495073303712999, 38.423342991217702 ], [ -122.494994303637, 38.423300991656397 ], [ -122.494921304163, 38.423257991640703 ], [ -122.494799303562004, 38.4231539911043 ], [ -122.494707303211996, 38.423067990924402 ], [ -122.49462230396, 38.422972991107201 ], [ -122.494530303746998, 38.422844991499701 ], [ -122.494463303662997, 38.422773991121304 ], [ -122.494396302986999, 38.422724991511203 ], [ -122.506681305659995, 38.422707990041197 ], [ -122.507021305671998, 38.422685990446404 ], [ -122.507166305354005, 38.422713989859403 ], [ -122.507491305214003, 38.422709990512701 ], [ -122.508489305777005, 38.422708989800903 ], [ -122.510417306346994, 38.422822990242501 ], [ -122.510445305483998, 38.422127990215799 ], [ -122.509303305919005, 38.421688989876202 ], [ -122.507834304865, 38.421032990031001 ], [ -122.507130304851003, 38.420742990405003 ], [ -122.507274305527005, 38.420606990168302 ], [ -122.507430305029004, 38.420481990452402 ], [ -122.507533304964994, 38.420387989775797 ], [ -122.507591305760002, 38.420319989754198 ], [ -122.507667305013001, 38.420254989898403 ], [ -122.507727304810999, 38.420178990465999 ], [ -122.507761305675999, 38.420111989720297 ], [ -122.507782305299997, 38.420022989778502 ], [ -122.507810305716006, 38.419863990352702 ], [ -122.507854304796993, 38.419724990391302 ], [ -122.507967304911006, 38.419476989908702 ], [ -122.508118304678007, 38.419174990065301 ], [ -122.508161304699996, 38.4190629898578 ], [ -122.508181305158999, 38.418982989833097 ], [ -122.508180305069999, 38.418928990239401 ], [ -122.508130305633003, 38.418674989904503 ], [ -122.508124305064001, 38.418602989844302 ], [ -122.508143304510995, 38.418340989687103 ], [ -122.508129305034998, 38.418260989949403 ], [ -122.508094304658997, 38.418180989708098 ], [ -122.508037305475, 38.418085990261197 ], [ -122.508025305418997, 38.418047989834299 ], [ -122.508004305349004, 38.417937989521 ], [ -122.508014305445997, 38.417872989745597 ], [ -122.508012304730002, 38.417807989809198 ], [ -122.508007304714994, 38.417775989521601 ], [ -122.507997305261995, 38.417737989862403 ], [ -122.507993304642, 38.417723989408202 ], [ -122.507993305393001, 38.417660989809697 ], [ -122.508000304998006, 38.417546989553799 ], [ -122.508017304904001, 38.417457989823703 ], [ -122.508012304803998, 38.417241989769103 ], [ -122.508018304540997, 38.417190990053903 ], [ -122.508035304475001, 38.417141990155599 ], [ -122.508184304327997, 38.416940990187399 ], [ -122.508213305298995, 38.416912989657803 ], [ -122.508327304407999, 38.416828990004802 ], [ -122.508392305236001, 38.416786990051399 ], [ -122.508484304448004, 38.416739989393498 ], [ -122.508582305331998, 38.4167009892846 ], [ -122.508748305167003, 38.416646989506503 ], [ -122.508858305109996, 38.416597989554397 ], [ -122.508951305272006, 38.416538990022701 ], [ -122.509028304584007, 38.416476989458602 ], [ -122.509090305281006, 38.416415989651298 ], [ -122.509187305311002, 38.4163219896841 ], [ -122.509264304499993, 38.4162629892461 ], [ -122.509425305340002, 38.416175989358898 ], [ -122.509519305118999, 38.416112989235501 ], [ -122.509624304704005, 38.416027989168597 ], [ -122.509733305485, 38.415891989310502 ], [ -122.509769305302001, 38.4158389894517 ], [ -122.509810305353994, 38.4157959898345 ], [ -122.509859305017997, 38.415757989470499 ], [ -122.509954304440001, 38.415704989561803 ], [ -122.509996304826004, 38.4156719895308 ], [ -122.510092305531998, 38.415555989808801 ], [ -122.510142305179997, 38.415475989816102 ], [ -122.510210304511006, 38.415440989899501 ], [ -122.510298305489002, 38.415418989232997 ], [ -122.510365304545999, 38.415411989834503 ], [ -122.510431305002996, 38.415412989699902 ], [ -122.510549304815996, 38.415432989478703 ], [ -122.510633304967996, 38.415438989434897 ], [ -122.510736305603999, 38.415434989802499 ], [ -122.510835305621001, 38.4154109891562 ], [ -122.510924304658005, 38.415368989409302 ], [ -122.510976304661, 38.415331989009402 ], [ -122.511064305657996, 38.415280989256402 ], [ -122.511138304691997, 38.415227989305997 ], [ -122.511173305534996, 38.4151959892436 ], [ -122.511198305224994, 38.415172989112399 ], [ -122.511213305452998, 38.415159989577397 ], [ -122.511242304552994, 38.415115988928498 ], [ -122.511252304747998, 38.415086989525697 ], [ -122.511264304991002, 38.415054989664 ], [ -122.511269304861997, 38.414979989389202 ], [ -122.511290304580996, 38.414958989176398 ], [ -122.511324305461997, 38.414911989547399 ], [ -122.511358304821997, 38.414834988924802 ], [ -122.511362305557, 38.414802989751898 ], [ -122.511370304753996, 38.414745989110401 ], [ -122.511399305241, 38.414616989718098 ], [ -122.511485305343001, 38.414404988834399 ], [ -122.511513305546003, 38.414271989435797 ], [ -122.511517304932994, 38.414169989422902 ], [ -122.511516305254005, 38.414143989468499 ], [ -122.511503305141005, 38.414076989161202 ], [ -122.511470304514006, 38.4139989893321 ], [ -122.511402305348, 38.4138339889465 ], [ -122.511368305169995, 38.413740989572403 ], [ -122.511340305301005, 38.413627989279902 ], [ -122.511254305270995, 38.413448988841601 ], [ -122.511217305353995, 38.413381988830103 ], [ -122.511208304912003, 38.413320989624097 ], [ -122.511214304690995, 38.4132909889952 ], [ -122.511220304451001, 38.413269989208203 ], [ -122.511217305105006, 38.413251989575002 ], [ -122.511224304720002, 38.413218989480498 ], [ -122.511254304613999, 38.413188989432001 ], [ -122.511282305172003, 38.413176989422503 ], [ -122.511319305157997, 38.413173989460901 ], [ -122.511434305067993, 38.413185989314798 ], [ -122.511586304749002, 38.413189989153203 ], [ -122.511654305191001, 38.413175989423003 ], [ -122.511750304377998, 38.413139988935598 ], [ -122.511807304946998, 38.413105988858 ], [ -122.511856304915, 38.413064989155998 ], [ -122.511899304764995, 38.413014989154902 ], [ -122.511919304798994, 38.412982989381099 ], [ -122.511947304548002, 38.412922989234097 ], [ -122.511964304542005, 38.412860988725299 ], [ -122.511987304694998, 38.412805988899798 ], [ -122.512040304785998, 38.412710989080303 ], [ -122.512130304948997, 38.412582988907999 ], [ -122.512185304623998, 38.412526988891798 ], [ -122.512249305042999, 38.412475988732098 ], [ -122.512276304821995, 38.412445988711198 ], [ -122.512366305064006, 38.412367988836998 ], [ -122.512435305230994, 38.412323989347101 ], [ -122.512541305007005, 38.412272989403696 ], [ -122.512609305134006, 38.412244989311198 ], [ -122.512829305509996, 38.412179988656 ], [ -122.513051305131, 38.412145989111004 ], [ -122.513151305522001, 38.412133989289103 ], [ -122.513277304620999, 38.412127989038297 ], [ -122.513320305262994, 38.412120988630598 ], [ -122.513453305075998, 38.412113988546601 ], [ -122.513541304811, 38.412119988686101 ], [ -122.513838305633001, 38.412169989274197 ], [ -122.514006305459006, 38.412203988887498 ], [ -122.514118305655998, 38.412231988597597 ], [ -122.514460305632994, 38.412338988907003 ], [ -122.514539305586993, 38.412353989306503 ], [ -122.514639305640003, 38.412359989058601 ], [ -122.514705305312006, 38.412357988967102 ], [ -122.51479830513, 38.412340988741498 ], [ -122.514855305820006, 38.412318989218903 ], [ -122.515009304822996, 38.412234989085398 ], [ -122.515108304921995, 38.4121839885822 ], [ -122.515175305463003, 38.412164988886097 ], [ -122.515234305172996, 38.412138988880699 ], [ -122.515280304851004, 38.412106988965199 ], [ -122.515351304933006, 38.412081989024202 ], [ -122.515546305724996, 38.411997988519701 ], [ -122.515624305765996, 38.411968988368201 ], [ -122.515864304863996, 38.411892989105901 ], [ -122.516161305034998, 38.411821989052697 ], [ -122.516271305201997, 38.411785988468402 ], [ -122.516427305383004, 38.411717988309498 ], [ -122.516518305343993, 38.411665988780797 ], [ -122.516649305274996, 38.411603988605499 ], [ -122.516778305819997, 38.411547988209399 ], [ -122.517013306021994, 38.411457988338803 ], [ -122.517242305758003, 38.4113189889908 ], [ -122.517402305698994, 38.411234988472103 ], [ -122.517630305029996, 38.411128988946501 ], [ -122.517784305993999, 38.411043988940399 ], [ -122.517881305461003, 38.4109769887814 ], [ -122.517995305209993, 38.4108809884208 ], [ -122.518079305659995, 38.4108179882369 ], [ -122.518241306180002, 38.410685988905598 ], [ -122.518428305732996, 38.410519988127596 ], [ -122.518576306184002, 38.410425988020599 ], [ -122.518622305590995, 38.410389988515 ], [ -122.518728305912006, 38.410318988000498 ], [ -122.518807305761001, 38.410280988336297 ], [ -122.518894305836, 38.410248987967002 ], [ -122.518933305345001, 38.410237988782299 ], [ -122.519215305407002, 38.410183987954099 ], [ -122.519532306124006, 38.410131988623498 ], [ -122.519866305359002, 38.410086987925197 ], [ -122.520117305371002, 38.410058988220698 ], [ -122.520339305842, 38.410051988458001 ], [ -122.520554305458006, 38.410059988201802 ], [ -122.520628306343994, 38.410053987892603 ], [ -122.520679305974994, 38.410038987850399 ], [ -122.520712306272998, 38.410014988127202 ], [ -122.520745306384995, 38.409968988394198 ], [ -122.520770306288, 38.409806988506098 ], [ -122.520798305699003, 38.409583987988597 ], [ -122.520831306061993, 38.409413988372002 ], [ -122.520892306280004, 38.409224987901901 ], [ -122.520929306330004, 38.409055988285999 ], [ -122.520976305917003, 38.408640987774596 ], [ -122.520986305719006, 38.408551988079701 ], [ -122.521051306287006, 38.408187988441298 ], [ -122.521086305732993, 38.4078759877994 ], [ -122.521118305439003, 38.407692988268103 ], [ -122.521154305533003, 38.407572987743002 ], [ -122.521514305818997, 38.406648987513201 ], [ -122.521664305160996, 38.406225987457901 ], [ -122.521812305340006, 38.405831987910801 ], [ -122.521937305845995, 38.405438987580297 ], [ -122.521945305879996, 38.405398988039103 ], [ -122.521939305600995, 38.405349987452901 ], [ -122.521708305513002, 38.404926987431402 ], [ -122.521686305272993, 38.404870987507302 ], [ -122.521651304870005, 38.404755987574099 ], [ -122.521625304818997, 38.404625987314397 ], [ -122.521621305050999, 38.403790987342703 ], [ -122.521614305300005, 38.403736987951703 ], [ -122.521557305333999, 38.403502987520298 ], [ -122.521557305040005, 38.403441987443699 ], [ -122.521577305259001, 38.403352987775001 ], [ -122.521604304706003, 38.403295987515598 ], [ -122.521641305049002, 38.403242987340001 ], [ -122.521708305274998, 38.403177987892597 ], [ -122.521761305604002, 38.403151987395297 ], [ -122.521869305110002, 38.403106987258703 ], [ -122.521983305500001, 38.403069987884003 ], [ -122.522123304736994, 38.403035987602699 ], [ -122.522308305828005, 38.402991987258403 ], [ -122.522524305817996, 38.402927987736099 ], [ -122.522685305845002, 38.402853987500997 ], [ -122.522785305637001, 38.402795987071997 ], [ -122.522907305084004, 38.402707987686199 ], [ -122.522997305594004, 38.402629987635599 ], [ -122.52304630543, 38.402571987580998 ], [ -122.523102305064, 38.402476987466997 ], [ -122.523119305345006, 38.4024259874923 ], [ -122.523272304917995, 38.402742987066397 ], [ -122.523689305809, 38.402920987372497 ], [ -122.523830306012997, 38.403035987685001 ], [ -122.524088305299003, 38.403301987048302 ], [ -122.524451305461994, 38.403328987665198 ], [ -122.524664305421993, 38.403257987227398 ], [ -122.524877305450005, 38.4031509874604 ], [ -122.524779305557004, 38.4016619869561 ], [ -122.526100305143999, 38.401705987277097 ], [ -122.526217305130999, 38.401368986856397 ], [ -122.526623305089998, 38.400069986697702 ], [ -122.526681305316998, 38.3998849865689 ], [ -122.526605305268006, 38.399477986537299 ], [ -122.527873305883006, 38.399458986607698 ], [ -122.527863305695007, 38.398059986588102 ], [ -122.528468305439006, 38.398061986815698 ], [ -122.529153305861001, 38.398064987067499 ], [ -122.529802306139999, 38.398068986699101 ], [ -122.530057305645002, 38.395618986745397 ], [ -122.529181305047999, 38.395519986010797 ], [ -122.528468304889003, 38.395438986463901 ], [ -122.528470304907998, 38.391235985940703 ], [ -122.529250305394001, 38.391595985788001 ], [ -122.529281305077006, 38.391609986178601 ], [ -122.529374304906995, 38.391652986182997 ], [ -122.529405305379001, 38.391667986321501 ], [ -122.529595305398004, 38.391758985861003 ], [ -122.529705304711001, 38.391820986553697 ], [ -122.529870304552006, 38.391913986045097 ], [ -122.530088305470002, 38.3920559863245 ], [ -122.530241305722996, 38.392167986238 ], [ -122.530415304724997, 38.392309986253402 ], [ -122.530525304753994, 38.392409985650801 ], [ -122.530561305408995, 38.392442985953302 ], [ -122.530764305239998, 38.392649986430101 ], [ -122.531339305014001, 38.393272986332398 ], [ -122.531577305148005, 38.393531986541099 ], [ -122.531806305233999, 38.393771986276597 ], [ -122.532048305182002, 38.394004986293197 ], [ -122.533201306242006, 38.3950039859211 ], [ -122.533843305730997, 38.395559986324898 ], [ -122.534124305730998, 38.395801985946498 ], [ -122.534967305909007, 38.396529986167501 ], [ -122.535248306118007, 38.3967729858594 ], [ -122.535340306896998, 38.396851986199103 ], [ -122.535616306007, 38.397091986289503 ], [ -122.535709306084001, 38.397171985886999 ], [ -122.536724306764995, 38.398043985623801 ], [ -122.536870307412002, 38.398168986209797 ], [ -122.537229306425999, 38.398475986367302 ], [ -122.537506307152, 38.398732985891201 ], [ -122.540143307414994, 38.396832985793303 ], [ -122.541159307404001, 38.397613986054601 ], [ -122.543269307339003, 38.395308984948898 ], [ -122.544498307791002, 38.393973985557899 ], [ -122.544903307092994, 38.393978984802601 ], [ -122.545759307707996, 38.3939919854406 ], [ -122.546062308158, 38.394009985326598 ], [ -122.546591307935003, 38.393789984534898 ], [ -122.546892308314, 38.393416984668598 ], [ -122.547042308179002, 38.393368985335798 ], [ -122.547314308116995, 38.393263984482203 ], [ -122.547396307496996, 38.393227984677502 ], [ -122.547565307914994, 38.393163984892901 ], [ -122.547639307875002, 38.393140984568397 ], [ -122.548019307990003, 38.3931089851108 ], [ -122.548045307378004, 38.393046984430597 ], [ -122.549243308081003, 38.392985984828499 ], [ -122.549385308186004, 38.393046984804101 ], [ -122.549399308188995, 38.393262984678799 ], [ -122.549501308550006, 38.393228984710497 ], [ -122.549523308747993, 38.393523984481 ], [ -122.549530307653001, 38.393610985023201 ], [ -122.549545307955995, 38.393764985125699 ], [ -122.549559307826996, 38.3938959848252 ], [ -122.549590308467003, 38.393977984567996 ], [ -122.549624308473994, 38.394027984947002 ], [ -122.549778308140006, 38.394189984717997 ], [ -122.549919308777007, 38.394146984502903 ], [ -122.550438307875993, 38.393981985067803 ], [ -122.550776308026997, 38.3939789842915 ], [ -122.550998308939995, 38.3939819845478 ], [ -122.551021308543, 38.394124984257999 ], [ -122.551138308551998, 38.394451985069999 ], [ -122.551175308802001, 38.394553984255097 ], [ -122.551222308570004, 38.394668984722301 ], [ -122.551265308615996, 38.394772984549903 ], [ -122.551377309203005, 38.3950039847428 ], [ -122.551473308374, 38.395158985162503 ], [ -122.551517308982994, 38.395228984919001 ], [ -122.551573309030005, 38.395289984932298 ], [ -122.551677308972998, 38.395371984536197 ], [ -122.551880308766002, 38.395509984489202 ], [ -122.551977309362002, 38.395618985100597 ], [ -122.551994308635997, 38.395657984481801 ], [ -122.552068309133006, 38.395827984661203 ], [ -122.552078309253005, 38.395885985073903 ], [ -122.552267308420994, 38.395981984385998 ], [ -122.555512309053, 38.395953984288901 ], [ -122.556094309423003, 38.395948984646502 ], [ -122.558085310319996, 38.395965984571802 ], [ -122.558068310156003, 38.395628984145503 ], [ -122.558391309325998, 38.395643983914901 ], [ -122.558494309940002, 38.395474984301202 ], [ -122.558701309653003, 38.395480984404003 ], [ -122.560866309575005, 38.3955219838817 ], [ -122.562232309783994, 38.395703984011902 ], [ -122.563689310266, 38.395699984081403 ], [ -122.577005312658997, 38.395930982960799 ], [ -122.576973312017003, 38.3933679823989 ], [ -122.576940312733996, 38.393097983041997 ], [ -122.576901312607006, 38.3918709825234 ], [ -122.580798313274002, 38.393613982214198 ], [ -122.583089313120993, 38.394633982413801 ], [ -122.591442314727004, 38.398356981592698 ], [ -122.592000314616996, 38.398595981893202 ], [ -122.598831316925001, 38.401801981659503 ], [ -122.600628316666004, 38.402617981949597 ], [ -122.603267317662002, 38.403790981140098 ], [ -122.603306317502003, 38.403693981727997 ], [ -122.606078317455996, 38.404959981103197 ], [ -122.610591318546994, 38.406997981372399 ], [ -122.610529318464003, 38.4070799809204 ] ] ] } },
{ "type": "Feature", "properties": { "Name": "Mark West Union Elementary" }, "geometry": { "type": "Polygon", "coordinates": [ [ [ -122.821472363886002, 38.518225973874102 ], [ -122.821210363600002, 38.518225974017902 ], [ -122.818219363713993, 38.518227974275099 ], [ -122.814220363028994, 38.518231974093602 ], [ -122.808462362263995, 38.518235974769098 ], [ -122.805889361628999, 38.518238975342598 ], [ -122.805218361038001, 38.518194975455899 ], [ -122.803934361122998, 38.518252975375297 ], [ -122.803683361393993, 38.518259975297397 ], [ -122.803365361607007, 38.518259975510702 ], [ -122.803144361039003, 38.518259975545497 ], [ -122.802703360663003, 38.518258975620199 ], [ -122.799214360614002, 38.518300975601299 ], [ -122.799151360997996, 38.518298975514398 ], [ -122.797945360189004, 38.518303975386303 ], [ -122.797947360793003, 38.519006975989697 ], [ -122.797958360875995, 38.520625975718602 ], [ -122.797947361821002, 38.525668976109003 ], [ -122.798081361697996, 38.5258229765412 ], [ -122.797961361073007, 38.525816976733701 ], [ -122.797623361350006, 38.525811976830198 ], [ -122.797309360737998, 38.525803976716396 ], [ -122.796058360749001, 38.525769976924899 ], [ -122.795864360544002, 38.525764976867798 ], [ -122.795114360786002, 38.525757976327398 ], [ -122.793600360365005, 38.525774976324499 ], [ -122.793410361018999, 38.525776976441598 ], [ -122.793264360251001, 38.5257789765664 ], [ -122.792843361094, 38.525791976872 ], [ -122.792654360010005, 38.525797976646999 ], [ -122.792552360952996, 38.525800977148997 ], [ -122.792250360213998, 38.525810976702701 ], [ -122.792149360321005, 38.5258149771022 ], [ -122.791493360063001, 38.525825977116497 ], [ -122.790642360681005, 38.525820976723097 ], [ -122.790222359927, 38.525818977015497 ], [ -122.790067360058998, 38.525817976826403 ], [ -122.789919359802994, 38.525817976928302 ], [ -122.789605360539994, 38.525813977099602 ], [ -122.789451360235006, 38.525812977375303 ], [ -122.789145359773002, 38.525810977129296 ], [ -122.788863359575004, 38.525809977184103 ], [ -122.788448360128996, 38.525794977087898 ], [ -122.788229359623998, 38.525789976690199 ], [ -122.787924360004993, 38.525784976707001 ], [ -122.787666359569002, 38.525792977109198 ], [ -122.786988359156993, 38.525770977035499 ], [ -122.786876359755993, 38.525769977627 ], [ -122.786356359389004, 38.525762977020598 ], [ -122.785770359593002, 38.525760977729 ], [ -122.785697359718995, 38.52575797766 ], [ -122.785310359627005, 38.5257469769276 ], [ -122.785071359903, 38.525740977737399 ], [ -122.784549359102002, 38.525741977684 ], [ -122.784150358855001, 38.525746977750202 ], [ -122.784071359311, 38.525747977544903 ], [ -122.783991359141993, 38.525748977812803 ], [ -122.783764359234993, 38.525742977120998 ], [ -122.783711358890997, 38.525741977181703 ], [ -122.783513358920999, 38.525736977374102 ], [ -122.782999359517007, 38.525733977772298 ], [ -122.782374358517998, 38.5257319771572 ], [ -122.781261358438996, 38.525733977989503 ], [ -122.780922359022995, 38.525728977858101 ], [ -122.780706358220996, 38.525728978083102 ], [ -122.780443358952994, 38.525729977907801 ], [ -122.780092358480999, 38.525720978077103 ], [ -122.779942358330999, 38.5257169781625 ], [ -122.779818358515996, 38.525715977960203 ], [ -122.779447358333996, 38.525715977615498 ], [ -122.779324358734002, 38.525715978122697 ], [ -122.779531358092996, 38.526028977404202 ], [ -122.779566358862994, 38.526081977659999 ], [ -122.779815358646005, 38.526477977482202 ], [ -122.780046358899995, 38.526855977483898 ], [ -122.780131359270996, 38.526983978160303 ], [ -122.780341358417004, 38.527296977566998 ], [ -122.780549358502995, 38.5276089777173 ], [ -122.780573358976, 38.527644977635603 ], [ -122.780880359563, 38.528069977906902 ], [ -122.780967359271003, 38.528190977879397 ], [ -122.778668359120999, 38.528201977714701 ], [ -122.774648357944002, 38.528198978388502 ], [ -122.774467357977997, 38.528202978718397 ], [ -122.774478357785995, 38.529652978296198 ], [ -122.774494357991003, 38.530266978422702 ], [ -122.772487357667998, 38.530284979096898 ], [ -122.772317358593995, 38.5302859790418 ], [ -122.770767358300006, 38.530212978579499 ], [ -122.770767358239993, 38.5329059790351 ], [ -122.765724357413006, 38.532840979258999 ], [ -122.760487357166994, 38.532837979469697 ], [ -122.760368356664998, 38.532824979549503 ], [ -122.760221356105006, 38.532813979930403 ], [ -122.758815356629, 38.532836980294803 ], [ -122.742215353443001, 38.532698980783103 ], [ -122.742658354631004, 38.534491981683203 ], [ -122.741303353971006, 38.534511981163703 ], [ -122.741227353935002, 38.533857981007898 ], [ -122.740634353478995, 38.533679981412497 ], [ -122.740546353312993, 38.533595980995699 ], [ -122.740464353305001, 38.533401981698098 ], [ -122.740462353588995, 38.533255981076799 ], [ -122.740529353301994, 38.533138981205497 ], [ -122.740614354014994, 38.533026981590403 ], [ -122.740632353943994, 38.532929981247598 ], [ -122.740594353662999, 38.532818981048202 ], [ -122.740585354274998, 38.532757981426201 ], [ -122.740574353669999, 38.532682981071403 ], [ -122.740585353206995, 38.532570980855702 ], [ -122.739822353652997, 38.532567981483602 ], [ -122.739740353301997, 38.532789981568001 ], [ -122.738247353937993, 38.532846981644703 ], [ -122.738143353650003, 38.532900981603603 ], [ -122.738025353672001, 38.532977981452703 ], [ -122.737936352808006, 38.533065981604501 ], [ -122.737878353821998, 38.533165981690097 ], [ -122.737842353074996, 38.533282981492597 ], [ -122.737812353840994, 38.533426981809399 ], [ -122.737476353510004, 38.533108981307201 ], [ -122.736968353660998, 38.533120981481503 ], [ -122.736847353030001, 38.532848981277901 ], [ -122.735717352948001, 38.532851982118302 ], [ -122.728380351691001, 38.532922982076002 ], [ -122.726200351567996, 38.532952982480403 ], [ -122.72587835118, 38.532926982546101 ], [ -122.725457351361001, 38.532931982260898 ], [ -122.724614350958007, 38.5329429826064 ], [ -122.723684351648998, 38.532958982743303 ], [ -122.723563352206, 38.537794982768602 ], [ -122.723542351326998, 38.538467983282402 ], [ -122.723541352395998, 38.539932983342098 ], [ -122.723537352685, 38.544070983791002 ], [ -122.723535352834006, 38.546254983310199 ], [ -122.723523352748998, 38.547219983345599 ], [ -122.728099353752995, 38.547258983792297 ], [ -122.728099353934994, 38.550856983931297 ], [ -122.732700355245001, 38.550827983531903 ], [ -122.736943355578006, 38.554287983412301 ], [ -122.737235356247993, 38.554514983633098 ], [ -122.737317355564997, 38.554535983470799 ], [ -122.737341355758005, 38.555270983672003 ], [ -122.737367356133007, 38.5568499836642 ], [ -122.736483355532002, 38.5569319835325 ], [ -122.735764355832998, 38.557105983838397 ], [ -122.735340355586004, 38.557113983348103 ], [ -122.734864355949, 38.557337983344098 ], [ -122.733700356181998, 38.558090983574601 ], [ -122.729958355543005, 38.558039983831101 ], [ -122.729945355770994, 38.558102984482296 ], [ -122.728254354778002, 38.558140984228501 ], [ -122.728266355016004, 38.558013984016902 ], [ -122.728220355228004, 38.556814984199498 ], [ -122.728181354442, 38.554505983859798 ], [ -122.728006354211999, 38.554497983682801 ], [ -122.725827353834006, 38.554438984413501 ], [ -122.723672353655999, 38.554438983973498 ], [ -122.723673353682003, 38.555174984678501 ], [ -122.723682354711997, 38.558812984918397 ], [ -122.723726354378002, 38.563107984729697 ], [ -122.72378935543, 38.563106984727199 ], [ -122.723789354741996, 38.563404985332198 ], [ -122.725803355268994, 38.563408984543202 ], [ -122.725961355633999, 38.563098984836003 ], [ -122.726510355466004, 38.562009984758099 ], [ -122.728044355961003, 38.562016984239698 ], [ -122.728371355356998, 38.561548984831497 ], [ -122.728365355822007, 38.561921984561103 ], [ -122.727739355683994, 38.565309984400798 ], [ -122.728354355579995, 38.565334984456598 ], [ -122.728550355940996, 38.5653689845145 ], [ -122.728783356559006, 38.568987984608697 ], [ -122.728456356699994, 38.568983985495898 ], [ -122.728436356675999, 38.568982985478499 ], [ -122.724374356035995, 38.568957985129003 ], [ -122.724205355636997, 38.5689709852468 ], [ -122.724224355573995, 38.569329985512098 ], [ -122.724333356021006, 38.570977985957697 ], [ -122.724335355939999, 38.571028985539698 ], [ -122.724641356421998, 38.575810985552799 ], [ -122.724601356332997, 38.576427986370703 ], [ -122.724352357976002, 38.5832729863195 ], [ -122.724044356928005, 38.583268986488697 ], [ -122.723300357748997, 38.5832709867924 ], [ -122.687176352492997, 38.5834269889477 ], [ -122.687025350709007, 38.576366989201802 ], [ -122.687025351306005, 38.576165988921801 ], [ -122.687025350773993, 38.575960989172202 ], [ -122.690753351761998, 38.575941988408999 ], [ -122.691530352002005, 38.5759079886016 ], [ -122.691482351524002, 38.570074988277497 ], [ -122.691457351286004, 38.569605987615702 ], [ -122.691442350575997, 38.568659987793403 ], [ -122.693992351269003, 38.568716987769598 ], [ -122.694433351346007, 38.568717987332697 ], [ -122.695027351218997, 38.568714988016602 ], [ -122.696089351590004, 38.568722987954402 ], [ -122.696031351101993, 38.561706987050798 ], [ -122.695489350269995, 38.560193986861599 ], [ -122.695175350735994, 38.5594409865366 ], [ -122.693886349978001, 38.559041987209099 ], [ -122.693337349474007, 38.558764986806601 ], [ -122.692978350342997, 38.558585987133299 ], [ -122.693125349401996, 38.558450987032401 ], [ -122.693207349559998, 38.558371986868103 ], [ -122.693400350152004, 38.558201986959901 ], [ -122.693549349519003, 38.5580769864495 ], [ -122.693758349763002, 38.557981986746498 ], [ -122.693871349610006, 38.557920986935102 ], [ -122.693950350389997, 38.5578599868333 ], [ -122.694056349587996, 38.5577699870082 ], [ -122.694212350052993, 38.557653987086702 ], [ -122.694430350038999, 38.557562986956398 ], [ -122.694472349578007, 38.5575449866651 ], [ -122.694561350442996, 38.557486986356601 ], [ -122.694654350487994, 38.557414986909002 ], [ -122.694744350465001, 38.557318986999498 ], [ -122.694749349551998, 38.557309986634202 ], [ -122.694842349913998, 38.557184986497901 ], [ -122.694880350304004, 38.557113986367703 ], [ -122.694911350357003, 38.557032986746698 ], [ -122.694927349550994, 38.556890986794201 ], [ -122.694922349959, 38.556829986990103 ], [ -122.694882350198995, 38.556696986234101 ], [ -122.695013349533994, 38.556628986831498 ], [ -122.695286349905004, 38.5564699866936 ], [ -122.695330349594002, 38.556436986638197 ], [ -122.695514349749999, 38.556303986382801 ], [ -122.695705349971007, 38.556139986832001 ], [ -122.695879349570006, 38.555964986313299 ], [ -122.696426350376001, 38.555342986489201 ], [ -122.696442350110999, 38.555325986782201 ], [ -122.696728349919994, 38.555019986636303 ], [ -122.696783350416993, 38.554967986312199 ], [ -122.696798350373996, 38.5549529860806 ], [ -122.696843349795003, 38.554908986158601 ], [ -122.696859350297999, 38.554894985999503 ], [ -122.697103350223003, 38.554662986248601 ], [ -122.697282349873007, 38.5544129860235 ], [ -122.696289350095, 38.554410986051401 ], [ -122.696202350332996, 38.554239986387998 ], [ -122.696132350214995, 38.554036986429097 ], [ -122.696104349411996, 38.553849986663302 ], [ -122.696111349367001, 38.553651986217901 ], [ -122.696104349647001, 38.553602986328102 ], [ -122.696076349110001, 38.5535529863755 ], [ -122.696118349787994, 38.553124985916298 ], [ -122.696139350118997, 38.5530199858703 ], [ -122.696118349726007, 38.552992986393399 ], [ -122.696153349653997, 38.552931986627598 ], [ -122.696197349203004, 38.552689986539903 ], [ -122.696070349249993, 38.547411985765898 ], [ -122.696040348604001, 38.546424985395198 ], [ -122.696039348374001, 38.546311986115697 ], [ -122.695990348539993, 38.541425985609102 ], [ -122.695922347937994, 38.5399309851976 ], [ -122.704763349795002, 38.540021984898701 ], [ -122.704765348901006, 38.539710984958397 ], [ -122.704782348782004, 38.535755984636602 ], [ -122.704739348771, 38.535679984389198 ], [ -122.704712348688005, 38.535629984080202 ], [ -122.704652348232997, 38.535551984263201 ], [ -122.704591348297996, 38.535473984260399 ], [ -122.704558348373993, 38.535386984145902 ], [ -122.703317347945998, 38.535382984539602 ], [ -122.703251347768003, 38.533035984057499 ], [ -122.700246348245997, 38.533073984793297 ], [ -122.700222348112007, 38.534070984800401 ], [ -122.700638347416998, 38.534193984549397 ], [ -122.700624347748004, 38.535376984437399 ], [ -122.700622347800007, 38.5365829847348 ], [ -122.699819348144999, 38.536582984737201 ], [ -122.695684347441997, 38.536567984612901 ], [ -122.695696346648006, 38.5330189843637 ], [ -122.695705347116004, 38.530474984566098 ], [ -122.695717346745994, 38.529573984878901 ], [ -122.695722346281997, 38.529340984198299 ], [ -122.691229346200004, 38.529347984602502 ], [ -122.691180345807993, 38.5268409841606 ], [ -122.691152345521999, 38.525699984274098 ], [ -122.700005346512995, 38.525783984176996 ], [ -122.700438347212, 38.525787983999898 ], [ -122.700351346481995, 38.5237269834983 ], [ -122.700326346560999, 38.5230409835142 ], [ -122.700293346332003, 38.522234983571998 ], [ -122.700756346052003, 38.522202983839101 ], [ -122.701611346736996, 38.522250983839598 ], [ -122.704446346458994, 38.522241983070501 ], [ -122.7049433472, 38.522247983461902 ], [ -122.704920346880996, 38.520457982963997 ], [ -122.704906346634004, 38.518636983054101 ], [ -122.700703346140003, 38.518604983093098 ], [ -122.700285346041994, 38.518602983066401 ], [ -122.700221345185994, 38.5145799831649 ], [ -122.700166344828006, 38.514035982759601 ], [ -122.700331344904001, 38.513334983068397 ], [ -122.700039344808999, 38.512702982933803 ], [ -122.700229344698002, 38.512691983210701 ], [ -122.700468345588007, 38.512671983084502 ], [ -122.700582344751993, 38.512655982710797 ], [ -122.700121344815003, 38.512253982835297 ], [ -122.699435344752004, 38.512196983111501 ], [ -122.698748344639, 38.5122329830767 ], [ -122.698739344391001, 38.511194982812903 ], [ -122.700713345544003, 38.511142982370501 ], [ -122.704390345107996, 38.511156981926 ], [ -122.704431345754003, 38.511151982122399 ], [ -122.704452345101004, 38.511152982294803 ], [ -122.704465345654, 38.511153982199303 ], [ -122.704594345648999, 38.511192982710803 ], [ -122.704739346241993, 38.511236981953502 ], [ -122.704763345993996, 38.511250982563098 ], [ -122.704819345844001, 38.511263982360298 ], [ -122.704915346131003, 38.511274982534097 ], [ -122.705125346238006, 38.5112799819766 ], [ -122.705250345956998, 38.511270982205502 ], [ -122.705368345623, 38.511245982577002 ], [ -122.705431346130993, 38.511195982345797 ], [ -122.705367345602994, 38.511170982454097 ], [ -122.705233346091006, 38.511101982435001 ], [ -122.705150345624006, 38.511045982148403 ], [ -122.705099345419001, 38.5110059822713 ], [ -122.705053345259998, 38.510961982688897 ], [ -122.705014345425994, 38.510918982114397 ], [ -122.704974345951001, 38.510866982573802 ], [ -122.704941345644002, 38.5108159820754 ], [ -122.704892345917997, 38.510708982254499 ], [ -122.704860345122995, 38.510581982052003 ], [ -122.704850345837997, 38.510508982216102 ], [ -122.704843345507996, 38.510184981875597 ], [ -122.704844345062, 38.509083982241997 ], [ -122.704838345902004, 38.508984981933999 ], [ -122.704821345300005, 38.508904982113698 ], [ -122.704897345213993, 38.504287982144 ], [ -122.704878345169007, 38.503893981829499 ], [ -122.714117346603004, 38.503850981399701 ], [ -122.714108346103004, 38.503114981016701 ], [ -122.714019346574005, 38.502825981135501 ], [ -122.713966346419994, 38.502546981225798 ], [ -122.713947346349997, 38.502361980954902 ], [ -122.713945345830993, 38.502290981167903 ], [ -122.713953345956, 38.502214980835497 ], [ -122.713973346520007, 38.502126981000899 ], [ -122.714009345603003, 38.502035980760901 ], [ -122.714034345884997, 38.501944980719799 ], [ -122.714047346030995, 38.501869980553003 ], [ -122.714053345471001, 38.501771981202403 ], [ -122.714047346285994, 38.501611981149402 ], [ -122.714022346015994, 38.501326981117202 ], [ -122.714015345440998, 38.501128980647998 ], [ -122.714027345689999, 38.500996980728303 ], [ -122.714056345965005, 38.5008549804433 ], [ -122.714104345818996, 38.500734981096997 ], [ -122.714167345453006, 38.500607980840499 ], [ -122.714226345352003, 38.500511980730998 ], [ -122.714274345343995, 38.500399981158303 ], [ -122.714330346015998, 38.5000719807406 ], [ -122.714352345340004, 38.499864980468097 ], [ -122.714348346224, 38.499743980854603 ], [ -122.714316345363997, 38.499616980472602 ], [ -122.714281346107995, 38.499528981040001 ], [ -122.714241346212006, 38.499459980621801 ], [ -122.714122346018996, 38.499291980530799 ], [ -122.714009345332997, 38.499130980686203 ], [ -122.713971345288002, 38.499023980831502 ], [ -122.713943345334002, 38.498836980429203 ], [ -122.713889345935002, 38.498475980727399 ], [ -122.713867345455, 38.498386980362902 ], [ -122.713756345546997, 38.498045980852602 ], [ -122.713647345775996, 38.4976739810092 ], [ -122.713625345750003, 38.497547980113097 ], [ -122.713602345780004, 38.497383980584502 ], [ -122.713574345696003, 38.497172980672502 ], [ -122.713485345308001, 38.497003980358301 ], [ -122.713464345503994, 38.4969119804123 ], [ -122.713455345501004, 38.496875980111398 ], [ -122.713429345107997, 38.4967659804446 ], [ -122.713422345667993, 38.496713980579102 ], [ -122.713406344858001, 38.496579980242402 ], [ -122.713319345196993, 38.496231980311201 ], [ -122.713279344883006, 38.496072980834299 ], [ -122.713265345384997, 38.495941980206297 ], [ -122.713262345082995, 38.495903980563902 ], [ -122.713159345107002, 38.495563980302599 ], [ -122.713141345401993, 38.495503980786403 ], [ -122.713127345591005, 38.495437980532301 ], [ -122.713067345102004, 38.495243980768201 ], [ -122.713026345510002, 38.4951419807985 ], [ -122.713018345075994, 38.495120980368199 ], [ -122.712994345476005, 38.495060980437799 ], [ -122.712906344589996, 38.494891980831099 ], [ -122.712711344571005, 38.494584980490401 ], [ -122.712608345109004, 38.494401980607499 ], [ -122.712574344543, 38.494324980403803 ], [ -122.712525345271004, 38.494209980574297 ], [ -122.712470344619007, 38.494031980639299 ], [ -122.712439344161993, 38.4938839801924 ], [ -122.712429344236995, 38.493805979987002 ], [ -122.712417345172994, 38.493707980489802 ], [ -122.712412344621995, 38.493537980337102 ], [ -122.712429344125994, 38.493325980161302 ], [ -122.712426344248001, 38.493228980298902 ], [ -122.712402345165998, 38.493121980263801 ], [ -122.712362344148005, 38.493030980591101 ], [ -122.712285344183996, 38.492926979961801 ], [ -122.712342344145995, 38.492911980661603 ], [ -122.712488344190007, 38.4928559805061 ], [ -122.712557344117997, 38.4928299807165 ], [ -122.712696345124996, 38.492767980594799 ], [ -122.712634344582995, 38.492611980076703 ], [ -122.712358344199004, 38.491285979743502 ], [ -122.712518343932004, 38.489737979799997 ], [ -122.712377343675001, 38.489280980035701 ], [ -122.713384343875006, 38.489281979802001 ], [ -122.715770344199996, 38.489249979474302 ], [ -122.716028344272004, 38.489245979803897 ], [ -122.717078344634999, 38.489235979879197 ], [ -122.717105345283997, 38.489252979348102 ], [ -122.717199345409995, 38.489325979733799 ], [ -122.717305345095994, 38.489432979500698 ], [ -122.717373345053005, 38.489529979410001 ], [ -122.717762344403994, 38.489223979370998 ], [ -122.718626345066994, 38.489209979602798 ], [ -122.723141345466999, 38.489146979115603 ], [ -122.723365345451995, 38.489142978816297 ], [ -122.723350345197005, 38.487429978869699 ], [ -122.723312344627004, 38.483806978989101 ], [ -122.723494345084006, 38.483724978489398 ], [ -122.723841344516998, 38.482935978632199 ], [ -122.723913345561002, 38.482773978273698 ], [ -122.724018345315002, 38.482598978695002 ], [ -122.724227345589, 38.482405978326398 ], [ -122.724370345116, 38.482382978820901 ], [ -122.724459344652999, 38.482260978640099 ], [ -122.725713345770004, 38.482158978055203 ], [ -122.726191345391001, 38.482118978404998 ], [ -122.728242345878002, 38.481760977978901 ], [ -122.729226345216006, 38.481703977714197 ], [ -122.730124345557002, 38.481356978023499 ], [ -122.732758346265001, 38.479688977787902 ], [ -122.732948345463996, 38.479561977628897 ], [ -122.732900345784003, 38.479496977494797 ], [ -122.732871346246, 38.4794579774208 ], [ -122.732846345848998, 38.479423978102297 ], [ -122.732787345586999, 38.479341977674601 ], [ -122.732760346202994, 38.479303977241202 ], [ -122.732848345790998, 38.479235978042503 ], [ -122.733021345782007, 38.479104977287101 ], [ -122.733114345849998, 38.4790329778779 ], [ -122.733203345945, 38.478965977264103 ], [ -122.733242345459999, 38.478933977328701 ], [ -122.733361346295993, 38.4788419775591 ], [ -122.733401345714995, 38.478810977335897 ], [ -122.733952346088003, 38.478420977759697 ], [ -122.734809345707006, 38.478396977718802 ], [ -122.737225346190002, 38.476859977024901 ], [ -122.738117345846007, 38.476309977365702 ], [ -122.738119346524002, 38.475772977046397 ], [ -122.738121346510994, 38.4755019766408 ], [ -122.738122346496993, 38.4753109768616 ], [ -122.738123346218003, 38.475167977193699 ], [ -122.738948346756999, 38.475173976567604 ], [ -122.740188346382993, 38.4751829763986 ], [ -122.740190346356997, 38.474705977115597 ], [ -122.74036334697, 38.474619976736001 ], [ -122.741715346329002, 38.4746209764333 ], [ -122.741716346570996, 38.475159976478601 ], [ -122.741717347336007, 38.475369976388102 ], [ -122.741742347422999, 38.476992976788203 ], [ -122.741756347625994, 38.478623976816898 ], [ -122.741748347479003, 38.478770976596103 ], [ -122.741738347235, 38.478980976806703 ], [ -122.741699346841997, 38.479714976610502 ], [ -122.741700347556005, 38.481842976966703 ], [ -122.742047347823004, 38.481838976724703 ], [ -122.742040348169994, 38.482420977127099 ], [ -122.742972348129001, 38.4824129768757 ], [ -122.745769348593001, 38.482415977094597 ], [ -122.747187348568005, 38.482383976713997 ], [ -122.747186348674006, 38.482228976518797 ], [ -122.747186348303003, 38.482168976833201 ], [ -122.747183348901999, 38.482069976365402 ], [ -122.747177348044005, 38.481862976608802 ], [ -122.747174347843995, 38.481701976727102 ], [ -122.747173347959006, 38.481429976805401 ], [ -122.747170348530005, 38.481242976577299 ], [ -122.747168348125996, 38.481036976739503 ], [ -122.747164348224999, 38.480769976886201 ], [ -122.747152348239993, 38.479971977040101 ], [ -122.747149348689007, 38.479705976888901 ], [ -122.747274348553006, 38.4797039765552 ], [ -122.747649348644998, 38.4796999763157 ], [ -122.747775348795003, 38.4796989769074 ], [ -122.747940347997002, 38.479696976778499 ], [ -122.748264347711995, 38.479693976166402 ], [ -122.748438348202995, 38.479691976863201 ], [ -122.748605348808994, 38.479690976107598 ], [ -122.748619348743006, 38.4796899765822 ], [ -122.748664348157007, 38.479689976931603 ], [ -122.748679348311001, 38.479689976136399 ], [ -122.748679348487002, 38.479712976854699 ], [ -122.748679348020005, 38.479782976207801 ], [ -122.748680348452993, 38.479806976562699 ], [ -122.748680348055998, 38.479930976361203 ], [ -122.748681348453999, 38.480057976436598 ], [ -122.749601348997004, 38.480051976447697 ], [ -122.750291348960999, 38.479962976322298 ], [ -122.750566348090004, 38.479845976022297 ], [ -122.750602348448993, 38.479938976188699 ], [ -122.751145349051995, 38.479735975871201 ], [ -122.751626348223994, 38.4795749766363 ], [ -122.752244348787002, 38.479488976137198 ], [ -122.754218348937002, 38.479465975927603 ], [ -122.755230349692994, 38.4794489761181 ], [ -122.757300350048993, 38.4793839760042 ], [ -122.757390350090006, 38.479482976062997 ], [ -122.757420350133998, 38.479515975468701 ], [ -122.757512349349, 38.479617975387697 ], [ -122.757543349943006, 38.479651976125403 ], [ -122.757679349881997, 38.479807975627701 ], [ -122.757796349757996, 38.479941975442401 ], [ -122.758078349973005, 38.480216976116203 ], [ -122.758112349570993, 38.480252975570799 ], [ -122.758195349301005, 38.480339976041797 ], [ -122.758250349603003, 38.480408975677797 ], [ -122.758287350258001, 38.480455975486599 ], [ -122.758459349901997, 38.4806509762183 ], [ -122.758475350444996, 38.480668976195503 ], [ -122.759123350581007, 38.481415975603298 ], [ -122.759151350251997, 38.481449976051202 ], [ -122.759293350491006, 38.481617975965797 ], [ -122.759374350526002, 38.481712976277798 ], [ -122.759419350151006, 38.481712976248801 ], [ -122.759553350111005, 38.481712975458798 ], [ -122.759599350198002, 38.481713975808802 ], [ -122.759779349883004, 38.4817139761305 ], [ -122.760319350084998, 38.481713975462398 ], [ -122.760500349867002, 38.481713976180501 ], [ -122.760506350499995, 38.481313975845602 ], [ -122.760550349823006, 38.481335975761603 ], [ -122.760604350820003, 38.481338975516998 ], [ -122.760632349814998, 38.481333975876296 ], [ -122.760665350221998, 38.481320975508801 ], [ -122.760712350519, 38.481289975369997 ], [ -122.760798350510001, 38.481221975736702 ], [ -122.761344350464995, 38.4812449755389 ], [ -122.761610350149994, 38.481255976060901 ], [ -122.761959350569995, 38.481263975874597 ], [ -122.762267350043999, 38.481280975158498 ], [ -122.762586350676997, 38.4812939756969 ], [ -122.763191350425004, 38.481310975306599 ], [ -122.763890351043997, 38.481340975389301 ], [ -122.764485350385002, 38.4813559750717 ], [ -122.764881350821, 38.481381975143897 ], [ -122.764935350654994, 38.481393975518699 ], [ -122.764985350689003, 38.481413975475498 ], [ -122.765015351295006, 38.481431975787899 ], [ -122.765062351477994, 38.481478975379403 ], [ -122.765079351460997, 38.481503975133201 ], [ -122.765095351590006, 38.481550975315599 ], [ -122.765103351202995, 38.481599975513703 ], [ -122.765112351362006, 38.481625975384702 ], [ -122.768304351506998, 38.481639975172399 ], [ -122.768611351920001, 38.481640975042303 ], [ -122.769535351773001, 38.4816449749772 ], [ -122.769843351776004, 38.481646974807298 ], [ -122.769863352138998, 38.481645974871 ], [ -122.769925351485995, 38.481645974811897 ], [ -122.769946351300007, 38.481645975248298 ], [ -122.770263351341995, 38.481642975425999 ], [ -122.771065351876004, 38.481650974531398 ], [ -122.771731352391001, 38.481650974646101 ], [ -122.772210351913998, 38.481657974648698 ], [ -122.772757351834002, 38.481657974858599 ], [ -122.772874352632996, 38.481657974719901 ], [ -122.773337351779006, 38.4816669751524 ], [ -122.773569352733006, 38.481663974882601 ], [ -122.774502352892, 38.4816759743006 ], [ -122.774892352231006, 38.481674974566701 ], [ -122.775406352732006, 38.481684974631897 ], [ -122.775661353049998, 38.481678974686602 ], [ -122.775953352632001, 38.481692974761998 ], [ -122.776509352258998, 38.481684974625601 ], [ -122.776637352837, 38.481688974302202 ], [ -122.777444352814001, 38.481694974064403 ], [ -122.777929352708995, 38.481695974502401 ], [ -122.778610353491004, 38.481702974721102 ], [ -122.779218353169, 38.4817029740476 ], [ -122.780045352751003, 38.4816969742579 ], [ -122.780906353147998, 38.481702973863698 ], [ -122.781191353172005, 38.481700973834499 ], [ -122.782429353218006, 38.481693974420502 ], [ -122.782762353327001, 38.4817079740073 ], [ -122.783736353834996, 38.481707974319903 ], [ -122.783830353306996, 38.481714973923403 ], [ -122.783928353646999, 38.481736974131501 ], [ -122.783995353386999, 38.481764973646399 ], [ -122.784058353551998, 38.481799974417697 ], [ -122.784113353327996, 38.481845973616501 ], [ -122.784163354265999, 38.481910974131502 ], [ -122.784194353638995, 38.481982973959703 ], [ -122.784210353911007, 38.482050974005702 ], [ -122.784223354483998, 38.482178974199499 ], [ -122.784217353676993, 38.482734974481801 ], [ -122.784212353928993, 38.482924974423298 ], [ -122.784208353582002, 38.483110974313298 ], [ -122.784209353871006, 38.483237973763998 ], [ -122.784211353558007, 38.483485974276 ], [ -122.784214353788002, 38.483840973828102 ], [ -122.784212353838001, 38.484189974015003 ], [ -122.784214354664002, 38.484229973812603 ], [ -122.784224353927002, 38.484366973754298 ], [ -122.784241354258, 38.484416974451698 ], [ -122.784271354547002, 38.484466973716202 ], [ -122.784313353672005, 38.484516973890202 ], [ -122.784383354113004, 38.4845699742419 ], [ -122.784469354096004, 38.484610973789799 ], [ -122.784560353998998, 38.484633974477497 ], [ -122.784608354712006, 38.484639974529898 ], [ -122.785207353830003, 38.484641974046099 ], [ -122.785354354039001, 38.484642973740499 ], [ -122.787536355068994, 38.484633973981303 ], [ -122.787576354954993, 38.484640973588697 ], [ -122.787777354330004, 38.484676974364397 ], [ -122.787979354835002, 38.484776974257201 ], [ -122.788087355344999, 38.484907974155497 ], [ -122.788127354392998, 38.484955973514197 ], [ -122.788562354735006, 38.485775974331098 ], [ -122.788735355542997, 38.486098974342099 ], [ -122.789256355793, 38.487067973936099 ], [ -122.78936035497, 38.487260973687199 ], [ -122.789434355612002, 38.487389974070098 ], [ -122.789742355141001, 38.487304973960001 ], [ -122.789827355377994, 38.487281973928297 ], [ -122.790381355647995, 38.487160974096597 ], [ -122.790680355893997, 38.487095973600702 ], [ -122.790994355058999, 38.487027973906002 ], [ -122.791467355932994, 38.486923973615703 ], [ -122.792159355589007, 38.486771973734299 ], [ -122.792193355372007, 38.486845973403902 ], [ -122.792399356326001, 38.487227974172001 ], [ -122.792736356261997, 38.4878739740208 ], [ -122.793197356343001, 38.4887379741198 ], [ -122.794304356156005, 38.488480974056102 ], [ -122.795100355741994, 38.488367973736899 ], [ -122.795090356252999, 38.488394973317199 ], [ -122.795095356784998, 38.488442973996698 ], [ -122.795106355860995, 38.488490973726698 ], [ -122.795450356315996, 38.4891379741291 ], [ -122.795493356741005, 38.489200974038503 ], [ -122.795506356413, 38.489222973530197 ], [ -122.795548355947005, 38.489297973654899 ], [ -122.795590356250997, 38.489387973918198 ], [ -122.796160356756005, 38.490460973838701 ], [ -122.796270357237006, 38.490638973361101 ], [ -122.796296356246998, 38.490692973835102 ], [ -122.796344357145998, 38.490754974079898 ], [ -122.796375356265003, 38.4908169741541 ], [ -122.796424356749995, 38.490890973358802 ], [ -122.796965356917994, 38.491935973456002 ], [ -122.797603356915999, 38.493117973894201 ], [ -122.797922357890997, 38.493742973510003 ], [ -122.797953357744007, 38.493802973472299 ], [ -122.798176357073004, 38.494253973985202 ], [ -122.798484357207002, 38.494847973822701 ], [ -122.798522357626993, 38.494890973696599 ], [ -122.798566358166994, 38.49491397365 ], [ -122.798610358112995, 38.494918973724197 ], [ -122.801465359095005, 38.500085973934901 ], [ -122.801548358529999, 38.500043973701899 ], [ -122.801681358180005, 38.499917974186701 ], [ -122.801953359278997, 38.499788973959099 ], [ -122.802198358729996, 38.4996509741514 ], [ -122.802722358596995, 38.499315974252099 ], [ -122.802946359085993, 38.499150973617397 ], [ -122.803086359307002, 38.499030973418101 ], [ -122.803233358276003, 38.498870974316297 ], [ -122.803252359189003, 38.498826974114898 ], [ -122.803436359022996, 38.498420973566603 ], [ -122.80353335833, 38.498162974197498 ], [ -122.803652358763003, 38.497585973317904 ], [ -122.803757359016998, 38.496783973988997 ], [ -122.803841358558003, 38.496464973448703 ], [ -122.803960358031006, 38.496316973259603 ], [ -122.804219359092997, 38.4961519740054 ], [ -122.804520358480005, 38.4960809732193 ], [ -122.805065359121997, 38.496047973191402 ], [ -122.805191358222004, 38.496014973759699 ], [ -122.805414359085006, 38.495904973142999 ], [ -122.805659358783998, 38.495750973049702 ], [ -122.807008358757997, 38.494811973610403 ], [ -122.807204359289003, 38.494728973347399 ], [ -122.807400358948996, 38.494717973383104 ], [ -122.807603358822007, 38.494789972954102 ], [ -122.807924359032, 38.494948972988503 ], [ -122.808092358528, 38.495096972809002 ], [ -122.808406359591999, 38.495267973599397 ], [ -122.808546358922996, 38.495305972944301 ], [ -122.808721358607002, 38.495305973209597 ], [ -122.809497359599007, 38.495119973190597 ], [ -122.809833359053997, 38.494992973380803 ], [ -122.810217359616004, 38.494827972647997 ], [ -122.810965359711005, 38.494382972560501 ], [ -122.811573359028003, 38.494157972510898 ], [ -122.811724359406995, 38.494090972501802 ], [ -122.811972360070996, 38.493981973036902 ], [ -122.812552359874999, 38.493855972508598 ], [ -122.813027359578996, 38.493784972316703 ], [ -122.813859359657002, 38.493690972761399 ], [ -122.814181359802006, 38.493668972284098 ], [ -122.814349359858994, 38.4937019726299 ], [ -122.814586359722, 38.493866972541099 ], [ -122.814733359726006, 38.494069972178799 ], [ -122.814936359667996, 38.494196972856699 ], [ -122.815166360481001, 38.494223972265402 ], [ -122.815231360365999, 38.494208972706197 ], [ -122.815355359812003, 38.494179972664902 ], [ -122.815635360398005, 38.494042972267501 ], [ -122.815886360126001, 38.493883972797903 ], [ -122.816292360635998, 38.493701972844903 ], [ -122.816403359654004, 38.493684972631797 ], [ -122.816544360666001, 38.500001973301302 ], [ -122.816618360774996, 38.503309973473399 ], [ -122.816597361033004, 38.503502973488899 ], [ -122.819802361628007, 38.503517973343598 ], [ -122.820727361628002, 38.503517972500298 ], [ -122.820871362125004, 38.503515973166799 ], [ -122.821114362404003, 38.503516972811603 ], [ -122.821198362491003, 38.508751973430897 ], [ -122.821236363178997, 38.509359973178299 ], [ -122.821331362538999, 38.5108739735131 ], [ -122.821324362682006, 38.5108859736171 ], [ -122.821313363070004, 38.510908973247098 ], [ -122.821311363443996, 38.510923973437201 ], [ -122.821311363468993, 38.510937972984898 ], [ -122.821306363158001, 38.511041973369402 ], [ -122.821316362665002, 38.5116569733175 ], [ -122.821320363465006, 38.511859973839002 ], [ -122.821322363663995, 38.512174973342603 ], [ -122.821300363248, 38.512724973622099 ], [ -122.821271363625996, 38.513124973406597 ], [ -122.821226363855004, 38.513811973204 ], [ -122.821219363555002, 38.514150973429203 ], [ -122.821228363358998, 38.514532973503798 ], [ -122.821248363783994, 38.515222973765098 ], [ -122.821250363274999, 38.515272973648003 ], [ -122.821266363546997, 38.515654973450303 ], [ -122.821346363114998, 38.516560974166602 ], [ -122.821382363433003, 38.517036973868102 ], [ -122.821393363778995, 38.517318973946203 ], [ -122.821404363728007, 38.517488973913203 ], [ -122.821420363857996, 38.517721973674597 ], [ -122.821447363358999, 38.517942973656503 ], [ -122.821462363334007, 38.518124973713299 ], [ -122.821463364310006, 38.518142973856797 ], [ -122.821472363322997, 38.518192974323803 ], [ -122.821472363886002, 38.518225973874102 ] ] ] } },
{ "type": "Feature", "properties": { "Name": "Piner-Olivet Union Elementary" }, "geometry": { "type": "Polygon", "coordinates": [ [ [ -122.846270363235007, 38.4837129694127 ], [ -122.846196362710003, 38.483736969291897 ], [ -122.845871363121006, 38.483810969778503 ], [ -122.844938363457004, 38.483946969607402 ], [ -122.844532362571996, 38.484025969993802 ], [ -122.844051362551994, 38.484119969380799 ], [ -122.843892362470996, 38.484175969554499 ], [ -122.843686363160998, 38.484258969743898 ], [ -122.843341362667999, 38.484347969663098 ], [ -122.843218363190005, 38.484367970018297 ], [ -122.842978362419004, 38.484392969349003 ], [ -122.842857362326995, 38.484398969554597 ], [ -122.842619362258006, 38.484397969501302 ], [ -122.842593362936995, 38.484400969306797 ], [ -122.842542362439005, 38.484413969972103 ], [ -122.842497363199001, 38.484434970083498 ], [ -122.842477362476004, 38.484444969489097 ], [ -122.842464363305993, 38.484453970002697 ], [ -122.842449362699, 38.484465969576803 ], [ -122.842426362617005, 38.484490969652697 ], [ -122.842393363392006, 38.484542969999502 ], [ -122.842385362773996, 38.484580969951203 ], [ -122.842248362796994, 38.484570970053902 ], [ -122.842061362262001, 38.484551969751301 ], [ -122.841938362809998, 38.484538970130203 ], [ -122.841843362852003, 38.484528969969801 ], [ -122.841820363121997, 38.484526969788398 ], [ -122.841672362533998, 38.484501970001403 ], [ -122.841609362613994, 38.484491970047998 ], [ -122.841263362557001, 38.484419969510697 ], [ -122.841092362877006, 38.484376970246601 ], [ -122.840852362901998, 38.484306969901702 ], [ -122.840708362911997, 38.484256970056897 ], [ -122.840415362654994, 38.484155969519897 ], [ -122.840354362208004, 38.484128969484999 ], [ -122.840130361994994, 38.484455969681299 ], [ -122.840059362741997, 38.484782969736202 ], [ -122.840104362473994, 38.484933970277801 ], [ -122.840341363077002, 38.4852049702857 ], [ -122.840518362769004, 38.485468969708798 ], [ -122.840522363114999, 38.486473969798901 ], [ -122.840823363148004, 38.486669970466103 ], [ -122.841117363284994, 38.486684970289602 ], [ -122.841667363270005, 38.486624970231297 ], [ -122.841735363485995, 38.486714970206599 ], [ -122.842480362711996, 38.4866659700592 ], [ -122.843021363337996, 38.487069969550703 ], [ -122.843754363865997, 38.487438969478298 ], [ -122.844478363044999, 38.4878759698192 ], [ -122.844767363607005, 38.4882459696708 ], [ -122.844887363707997, 38.488515969906999 ], [ -122.845014363529003, 38.488802970292497 ], [ -122.844971363515995, 38.488976970271501 ], [ -122.844940363592997, 38.489271970031197 ], [ -122.844546363888, 38.490050970460501 ], [ -122.844298364050999, 38.490409969692202 ], [ -122.844190364320994, 38.490566969746702 ], [ -122.844155363417997, 38.4907159699262 ], [ -122.844204364131002, 38.491242969843803 ], [ -122.844239364304002, 38.492126969776599 ], [ -122.844269363809005, 38.492301970642899 ], [ -122.844283364025998, 38.492527970464501 ], [ -122.844311363976004, 38.494807969998199 ], [ -122.844332364923005, 38.495462970861098 ], [ -122.844332364991004, 38.496282970811997 ], [ -122.844352364971002, 38.496838970326799 ], [ -122.844373364524998, 38.497493970595499 ], [ -122.844414364886006, 38.498149970272799 ], [ -122.844436365190006, 38.498855970409402 ], [ -122.844414365248994, 38.499527970870197 ], [ -122.844457365053998, 38.500625970736898 ], [ -122.844478365072007, 38.5009039707857 ], [ -122.844495365403006, 38.501364970835098 ], [ -122.844490365092994, 38.501859971346498 ], [ -122.844609365945004, 38.5032899712999 ], [ -122.844601365298999, 38.503309971348699 ], [ -122.844585365607003, 38.503330971330499 ], [ -122.844502364996004, 38.503450971148297 ], [ -122.844475365342007, 38.503490970683103 ], [ -122.839565365021002, 38.5034829718929 ], [ -122.835287363559999, 38.503486971447401 ], [ -122.832134363582, 38.503508972450298 ], [ -122.830598363568996, 38.503527971861701 ], [ -122.825912362620002, 38.503511972463897 ], [ -122.821114362404003, 38.503516972811603 ], [ -122.820871362125004, 38.503515973166799 ], [ -122.820727361628002, 38.503517972500298 ], [ -122.819802361628007, 38.503517973343598 ], [ -122.816597361033004, 38.503502973488899 ], [ -122.816618360774996, 38.503309973473399 ], [ -122.816544360666001, 38.500001973301302 ], [ -122.816403359654004, 38.493684972631797 ], [ -122.816292360635998, 38.493701972844903 ], [ -122.815886360126001, 38.493883972797903 ], [ -122.815635360398005, 38.494042972267501 ], [ -122.815355359812003, 38.494179972664902 ], [ -122.815231360365999, 38.494208972706197 ], [ -122.815166360481001, 38.494223972265402 ], [ -122.814936359667996, 38.494196972856699 ], [ -122.814733359726006, 38.494069972178799 ], [ -122.814586359722, 38.493866972541099 ], [ -122.814349359858994, 38.4937019726299 ], [ -122.814181359802006, 38.493668972284098 ], [ -122.813859359657002, 38.493690972761399 ], [ -122.813027359578996, 38.493784972316703 ], [ -122.812552359874999, 38.493855972508598 ], [ -122.811972360070996, 38.493981973036902 ], [ -122.811724359406995, 38.494090972501802 ], [ -122.811573359028003, 38.494157972510898 ], [ -122.810965359711005, 38.494382972560501 ], [ -122.810217359616004, 38.494827972647997 ], [ -122.809833359053997, 38.494992973380803 ], [ -122.809497359599007, 38.495119973190597 ], [ -122.808721358607002, 38.495305973209597 ], [ -122.808546358922996, 38.495305972944301 ], [ -122.808406359591999, 38.495267973599397 ], [ -122.808092358528, 38.495096972809002 ], [ -122.807924359032, 38.494948972988503 ], [ -122.807603358822007, 38.494789972954102 ], [ -122.807400358948996, 38.494717973383104 ], [ -122.807204359289003, 38.494728973347399 ], [ -122.807008358757997, 38.494811973610403 ], [ -122.805659358783998, 38.495750973049702 ], [ -122.805414359085006, 38.495904973142999 ], [ -122.805191358222004, 38.496014973759699 ], [ -122.805065359121997, 38.496047973191402 ], [ -122.804520358480005, 38.4960809732193 ], [ -122.804219359092997, 38.4961519740054 ], [ -122.803960358031006, 38.496316973259603 ], [ -122.803841358558003, 38.496464973448703 ], [ -122.803757359016998, 38.496783973988997 ], [ -122.803652358763003, 38.497585973317904 ], [ -122.80353335833, 38.498162974197498 ], [ -122.803436359022996, 38.498420973566603 ], [ -122.803252359189003, 38.498826974114898 ], [ -122.803233358276003, 38.498870974316297 ], [ -122.803086359307002, 38.499030973418101 ], [ -122.802946359085993, 38.499150973617397 ], [ -122.802722358596995, 38.499315974252099 ], [ -122.802198358729996, 38.4996509741514 ], [ -122.801953359278997, 38.499788973959099 ], [ -122.801681358180005, 38.499917974186701 ], [ -122.801548358529999, 38.500043973701899 ], [ -122.801465359095005, 38.500085973934901 ], [ -122.798610358112995, 38.494918973724197 ], [ -122.798566358166994, 38.49491397365 ], [ -122.798522357626993, 38.494890973696599 ], [ -122.798484357207002, 38.494847973822701 ], [ -122.798176357073004, 38.494253973985202 ], [ -122.797953357744007, 38.493802973472299 ], [ -122.797922357890997, 38.493742973510003 ], [ -122.797603356915999, 38.493117973894201 ], [ -122.796965356917994, 38.491935973456002 ], [ -122.796424356749995, 38.490890973358802 ], [ -122.796375356265003, 38.4908169741541 ], [ -122.796344357145998, 38.490754974079898 ], [ -122.796296356246998, 38.490692973835102 ], [ -122.796270357237006, 38.490638973361101 ], [ -122.796160356756005, 38.490460973838701 ], [ -122.795590356250997, 38.489387973918198 ], [ -122.795548355947005, 38.489297973654899 ], [ -122.795506356413, 38.489222973530197 ], [ -122.795493356741005, 38.489200974038503 ], [ -122.795450356315996, 38.4891379741291 ], [ -122.795106355860995, 38.488490973726698 ], [ -122.795095356784998, 38.488442973996698 ], [ -122.795090356252999, 38.488394973317199 ], [ -122.795100355741994, 38.488367973736899 ], [ -122.794304356156005, 38.488480974056102 ], [ -122.793197356343001, 38.4887379741198 ], [ -122.792736356261997, 38.4878739740208 ], [ -122.792399356326001, 38.487227974172001 ], [ -122.792193355372007, 38.486845973403902 ], [ -122.792159355589007, 38.486771973734299 ], [ -122.791467355932994, 38.486923973615703 ], [ -122.790994355058999, 38.487027973906002 ], [ -122.790680355893997, 38.487095973600702 ], [ -122.790381355647995, 38.487160974096597 ], [ -122.789827355377994, 38.487281973928297 ], [ -122.789742355141001, 38.487304973960001 ], [ -122.789434355612002, 38.487389974070098 ], [ -122.78936035497, 38.487260973687199 ], [ -122.789256355793, 38.487067973936099 ], [ -122.788735355542997, 38.486098974342099 ], [ -122.788562354735006, 38.485775974331098 ], [ -122.788127354392998, 38.484955973514197 ], [ -122.788087355344999, 38.484907974155497 ], [ -122.787979354835002, 38.484776974257201 ], [ -122.787777354330004, 38.484676974364397 ], [ -122.787576354954993, 38.484640973588697 ], [ -122.787536355068994, 38.484633973981303 ], [ -122.785354354039001, 38.484642973740499 ], [ -122.785207353830003, 38.484641974046099 ], [ -122.784608354712006, 38.484639974529898 ], [ -122.784560353998998, 38.484633974477497 ], [ -122.784469354096004, 38.484610973789799 ], [ -122.784383354113004, 38.4845699742419 ], [ -122.784313353672005, 38.484516973890202 ], [ -122.784271354547002, 38.484466973716202 ], [ -122.784241354258, 38.484416974451698 ], [ -122.784224353927002, 38.484366973754298 ], [ -122.784214354664002, 38.484229973812603 ], [ -122.784212353838001, 38.484189974015003 ], [ -122.784214353788002, 38.483840973828102 ], [ -122.784211353558007, 38.483485974276 ], [ -122.784209353871006, 38.483237973763998 ], [ -122.784208353582002, 38.483110974313298 ], [ -122.784212353928993, 38.482924974423298 ], [ -122.784217353676993, 38.482734974481801 ], [ -122.784223354483998, 38.482178974199499 ], [ -122.784210353911007, 38.482050974005702 ], [ -122.784194353638995, 38.481982973959703 ], [ -122.784163354265999, 38.481910974131502 ], [ -122.784113353327996, 38.481845973616501 ], [ -122.784058353551998, 38.481799974417697 ], [ -122.783995353386999, 38.481764973646399 ], [ -122.783928353646999, 38.481736974131501 ], [ -122.783830353306996, 38.481714973923403 ], [ -122.783736353834996, 38.481707974319903 ], [ -122.782762353327001, 38.4817079740073 ], [ -122.782429353218006, 38.481693974420502 ], [ -122.781191353172005, 38.481700973834499 ], [ -122.780906353147998, 38.481702973863698 ], [ -122.780045352751003, 38.4816969742579 ], [ -122.779218353169, 38.4817029740476 ], [ -122.778610353491004, 38.481702974721102 ], [ -122.777929352708995, 38.481695974502401 ], [ -122.777444352814001, 38.481694974064403 ], [ -122.776637352837, 38.481688974302202 ], [ -122.776509352258998, 38.481684974625601 ], [ -122.775953352632001, 38.481692974761998 ], [ -122.775661353049998, 38.481678974686602 ], [ -122.775406352732006, 38.481684974631897 ], [ -122.774892352231006, 38.481674974566701 ], [ -122.774502352892, 38.4816759743006 ], [ -122.773569352733006, 38.481663974882601 ], [ -122.773337351779006, 38.4816669751524 ], [ -122.772874352632996, 38.481657974719901 ], [ -122.772757351834002, 38.481657974858599 ], [ -122.772210351913998, 38.481657974648698 ], [ -122.771731352391001, 38.481650974646101 ], [ -122.771065351876004, 38.481650974531398 ], [ -122.770263351341995, 38.481642975425999 ], [ -122.769946351300007, 38.481645975248298 ], [ -122.769925351485995, 38.481645974811897 ], [ -122.769863352138998, 38.481645974871 ], [ -122.769843351776004, 38.481646974807298 ], [ -122.769535351773001, 38.4816449749772 ], [ -122.768611351920001, 38.481640975042303 ], [ -122.768304351506998, 38.481639975172399 ], [ -122.765112351362006, 38.481625975384702 ], [ -122.765103351202995, 38.481599975513703 ], [ -122.765095351590006, 38.481550975315599 ], [ -122.765079351460997, 38.481503975133201 ], [ -122.765062351477994, 38.481478975379403 ], [ -122.765015351295006, 38.481431975787899 ], [ -122.764985350689003, 38.481413975475498 ], [ -122.764935350654994, 38.481393975518699 ], [ -122.764881350821, 38.481381975143897 ], [ -122.764485350385002, 38.4813559750717 ], [ -122.763890351043997, 38.481340975389301 ], [ -122.763191350425004, 38.481310975306599 ], [ -122.762586350676997, 38.4812939756969 ], [ -122.762267350043999, 38.481280975158498 ], [ -122.761959350569995, 38.481263975874597 ], [ -122.761610350149994, 38.481255976060901 ], [ -122.761344350464995, 38.4812449755389 ], [ -122.760798350510001, 38.481221975736702 ], [ -122.760712350519, 38.481289975369997 ], [ -122.760665350221998, 38.481320975508801 ], [ -122.760632349814998, 38.481333975876296 ], [ -122.760604350820003, 38.481338975516998 ], [ -122.760550349823006, 38.481335975761603 ], [ -122.760506350499995, 38.481313975845602 ], [ -122.760500349867002, 38.481713976180501 ], [ -122.760319350084998, 38.481713975462398 ], [ -122.759779349883004, 38.4817139761305 ], [ -122.759599350198002, 38.481713975808802 ], [ -122.759553350111005, 38.481712975458798 ], [ -122.759419350151006, 38.481712976248801 ], [ -122.759374350526002, 38.481712976277798 ], [ -122.759293350491006, 38.481617975965797 ], [ -122.759151350251997, 38.481449976051202 ], [ -122.759123350581007, 38.481415975603298 ], [ -122.758475350444996, 38.480668976195503 ], [ -122.758459349901997, 38.4806509762183 ], [ -122.758287350258001, 38.480455975486599 ], [ -122.758250349603003, 38.480408975677797 ], [ -122.758195349301005, 38.480339976041797 ], [ -122.758112349570993, 38.480252975570799 ], [ -122.758078349973005, 38.480216976116203 ], [ -122.757796349757996, 38.479941975442401 ], [ -122.757679349881997, 38.479807975627701 ], [ -122.757543349943006, 38.479651976125403 ], [ -122.757512349349, 38.479617975387697 ], [ -122.757420350133998, 38.479515975468701 ], [ -122.757390350090006, 38.479482976062997 ], [ -122.757300350048993, 38.4793839760042 ], [ -122.755230349692994, 38.4794489761181 ], [ -122.754218348937002, 38.479465975927603 ], [ -122.752244348787002, 38.479488976137198 ], [ -122.751626348223994, 38.4795749766363 ], [ -122.751145349051995, 38.479735975871201 ], [ -122.750602348448993, 38.479938976188699 ], [ -122.750566348090004, 38.479845976022297 ], [ -122.750291348960999, 38.479962976322298 ], [ -122.749601348997004, 38.480051976447697 ], [ -122.748681348453999, 38.480057976436598 ], [ -122.748680348055998, 38.479930976361203 ], [ -122.748680348452993, 38.479806976562699 ], [ -122.748679348020005, 38.479782976207801 ], [ -122.748679348487002, 38.479712976854699 ], [ -122.748679348311001, 38.479689976136399 ], [ -122.748664348157007, 38.479689976931603 ], [ -122.748619348743006, 38.4796899765822 ], [ -122.748605348808994, 38.479690976107598 ], [ -122.748438348202995, 38.479691976863201 ], [ -122.748264347711995, 38.479693976166402 ], [ -122.747940347997002, 38.479696976778499 ], [ -122.747775348795003, 38.4796989769074 ], [ -122.747649348644998, 38.4796999763157 ], [ -122.747274348553006, 38.4797039765552 ], [ -122.747149348689007, 38.479705976888901 ], [ -122.747152348239993, 38.479971977040101 ], [ -122.747164348224999, 38.480769976886201 ], [ -122.747168348125996, 38.481036976739503 ], [ -122.747170348530005, 38.481242976577299 ], [ -122.747173347959006, 38.481429976805401 ], [ -122.747174347843995, 38.481701976727102 ], [ -122.747177348044005, 38.481862976608802 ], [ -122.747183348901999, 38.482069976365402 ], [ -122.747186348303003, 38.482168976833201 ], [ -122.747186348674006, 38.482228976518797 ], [ -122.747187348568005, 38.482383976713997 ], [ -122.745769348593001, 38.482415977094597 ], [ -122.742972348129001, 38.4824129768757 ], [ -122.742040348169994, 38.482420977127099 ], [ -122.742047347823004, 38.481838976724703 ], [ -122.741700347556005, 38.481842976966703 ], [ -122.741699346841997, 38.479714976610502 ], [ -122.741738347235, 38.478980976806703 ], [ -122.741748347479003, 38.478770976596103 ], [ -122.741756347625994, 38.478623976816898 ], [ -122.741742347422999, 38.476992976788203 ], [ -122.741717347336007, 38.475369976388102 ], [ -122.741716346570996, 38.475159976478601 ], [ -122.741715346329002, 38.4746209764333 ], [ -122.74171434646, 38.473956976273499 ], [ -122.7417143463, 38.473856976510497 ], [ -122.741706346124005, 38.473222976539297 ], [ -122.741699346849003, 38.472572976705401 ], [ -122.741705346317005, 38.471815976746598 ], [ -122.741700346439998, 38.4707949759607 ], [ -122.741694345729002, 38.469766976472499 ], [ -122.741686346451999, 38.469049976003397 ], [ -122.741700346062004, 38.4676509763081 ], [ -122.741683346184004, 38.467387975610798 ], [ -122.741846346125996, 38.467387976065801 ], [ -122.742035345627002, 38.4673889759612 ], [ -122.742335345618997, 38.4673859763788 ], [ -122.742498345388, 38.467384976088098 ], [ -122.742862345592997, 38.467380976033397 ], [ -122.743954345655993, 38.4673719761157 ], [ -122.744062346118, 38.467371975423099 ], [ -122.744319346067002, 38.467363975584902 ], [ -122.744341346506999, 38.467423976036002 ], [ -122.744401345726999, 38.467587976188 ], [ -122.744408346133, 38.467606975925399 ], [ -122.744423346071997, 38.467646975860603 ], [ -122.744433346242005, 38.467666975769703 ], [ -122.744794346057006, 38.467369975815998 ], [ -122.744832346262001, 38.467337975750198 ], [ -122.746815346727999, 38.467237975648501 ], [ -122.746946346483, 38.467230975397001 ], [ -122.747575346128997, 38.467197975845799 ], [ -122.747696346454006, 38.467347975885197 ], [ -122.747817346519, 38.467278975887197 ], [ -122.747886346190995, 38.467353975663201 ], [ -122.748005347060996, 38.467296975283297 ], [ -122.748198346853002, 38.4675489757946 ], [ -122.748419347262995, 38.467432975871198 ], [ -122.748642346406996, 38.467315975214397 ], [ -122.748760347224007, 38.467255975597098 ], [ -122.748877346761006, 38.467208975372401 ], [ -122.748993347408003, 38.467174975389803 ], [ -122.749062346355004, 38.467154975831498 ], [ -122.749252347058999, 38.467117975305797 ], [ -122.749448346601994, 38.4670979753826 ], [ -122.749653347001001, 38.467090975764101 ], [ -122.749729346527999, 38.467090975150001 ], [ -122.749823346708993, 38.467090975443803 ], [ -122.750123347442994, 38.467101975410799 ], [ -122.750217347611994, 38.467105975790801 ], [ -122.750503347627003, 38.467101975728802 ], [ -122.750622346797002, 38.467099975681499 ], [ -122.750815346726995, 38.467096975726797 ], [ -122.750980347278002, 38.467096975032703 ], [ -122.75110034718, 38.467097975662 ], [ -122.751123347006995, 38.467097975159298 ], [ -122.751192347700993, 38.467097975397401 ], [ -122.751215347528003, 38.467097974877298 ], [ -122.752230347378998, 38.467116974889599 ], [ -122.753187347894993, 38.467135975082797 ], [ -122.754228348091999, 38.467138974826902 ], [ -122.754605347430996, 38.467139974700203 ], [ -122.755276347990005, 38.467142975154303 ], [ -122.755402348380002, 38.467143975158898 ], [ -122.755666347854003, 38.467140974597903 ], [ -122.755963347407999, 38.467145975262703 ], [ -122.756292347957995, 38.467144975342997 ], [ -122.756569347663003, 38.467147975358401 ], [ -122.757049347947003, 38.467146974500302 ], [ -122.757158348415999, 38.467146975298 ], [ -122.758093347721001, 38.467151974922103 ], [ -122.758686348500007, 38.467148974509499 ], [ -122.758983348843998, 38.467145975038797 ], [ -122.759293348794998, 38.467149974260401 ], [ -122.759320348863, 38.467148974619903 ], [ -122.760078348568001, 38.467142974391898 ], [ -122.760185348175995, 38.467139974414302 ], [ -122.760476348956999, 38.467132974650802 ], [ -122.760452348276999, 38.466983975042403 ], [ -122.760460348839999, 38.4664429746039 ], [ -122.760478348665998, 38.465234974487203 ], [ -122.760457348578001, 38.464970974715797 ], [ -122.760426348048995, 38.464581974053701 ], [ -122.760394348027006, 38.464178974583596 ], [ -122.760374347587998, 38.463915974411698 ], [ -122.760413348373007, 38.4635759739744 ], [ -122.760442348583993, 38.463235974202597 ], [ -122.760427348495995, 38.462371974439101 ], [ -122.760410347312998, 38.460923973790301 ], [ -122.760402347644998, 38.459832974366797 ], [ -122.760462347626003, 38.459849973671901 ], [ -122.760462347412997, 38.459389973684601 ], [ -122.760462347051998, 38.459294973894899 ], [ -122.760463347156005, 38.459198973885002 ], [ -122.760454347009002, 38.459120974092102 ], [ -122.760442347343997, 38.457914973704298 ], [ -122.760447346812001, 38.457365973486603 ], [ -122.760439347154005, 38.456726973703198 ], [ -122.760472347825001, 38.456596973508198 ], [ -122.760468347618996, 38.456565973361997 ], [ -122.760457346745, 38.456472973492403 ], [ -122.760454346686004, 38.456442973780199 ], [ -122.760429346910001, 38.456178974029498 ], [ -122.760389347300006, 38.455731973590403 ], [ -122.760377347445996, 38.455567973991798 ], [ -122.760162346770997, 38.455468974146299 ], [ -122.759739346857998, 38.455269973824002 ], [ -122.759504347339004, 38.455170974061097 ], [ -122.759512347156004, 38.4551539735738 ], [ -122.759722347296005, 38.454738973618802 ], [ -122.759758346701005, 38.454629973653802 ], [ -122.759786346967999, 38.454550973426599 ], [ -122.759859346349998, 38.454341973762901 ], [ -122.75985834702, 38.454260973517897 ], [ -122.759857346394995, 38.454029973367099 ], [ -122.759855346837995, 38.454020973361096 ], [ -122.759845346717, 38.4539419731842 ], [ -122.759851346915994, 38.453791973950999 ], [ -122.759848346949994, 38.453639973477003 ], [ -122.759813347190999, 38.453263973312097 ], [ -122.759850346207003, 38.453043973558501 ], [ -122.759895346443002, 38.452901973821497 ], [ -122.760067346710997, 38.4526829737028 ], [ -122.760123346341004, 38.452625973838103 ], [ -122.760175346983999, 38.452626973325401 ], [ -122.760523346821003, 38.452630973223002 ], [ -122.761084347340997, 38.452618973100201 ], [ -122.761253347060006, 38.452618973398799 ], [ -122.762637346784004, 38.452616973184 ], [ -122.764317347252998, 38.452606973013999 ], [ -122.764477347913001, 38.452557972856297 ], [ -122.764650347092996, 38.452605973517599 ], [ -122.764794347573002, 38.452605972776603 ], [ -122.765751347318002, 38.452610972754599 ], [ -122.765766347395001, 38.452609973441803 ], [ -122.766091347336001, 38.452607973158301 ], [ -122.766210348056006, 38.452606973275998 ], [ -122.766540347939994, 38.452605973330897 ], [ -122.766576348068, 38.452605972823697 ], [ -122.767139347745996, 38.452602973299399 ], [ -122.767725348159999, 38.452607972674301 ], [ -122.767886348169995, 38.452606973307198 ], [ -122.768248347957993, 38.452606972873802 ], [ -122.768336347963, 38.452605972603202 ], [ -122.769093347486006, 38.452598972401098 ], [ -122.769457347775997, 38.452600972668002 ], [ -122.769637348242, 38.452548973017798 ], [ -122.769562347974997, 38.452403972528202 ], [ -122.769561347735007, 38.452310972756599 ], [ -122.769563348347006, 38.452227972287297 ], [ -122.769586347585005, 38.451476972981197 ], [ -122.769591347909, 38.451307972943503 ], [ -122.769591348497002, 38.451212973004303 ], [ -122.769593348458002, 38.451019972701502 ], [ -122.769647347784996, 38.450884972453601 ], [ -122.769589347980997, 38.450757972660597 ], [ -122.769578348373997, 38.450449972223403 ], [ -122.769573347467997, 38.450290972449999 ], [ -122.769564347324007, 38.449324972870997 ], [ -122.769560347633004, 38.4491089725758 ], [ -122.769554347861998, 38.4486989720534 ], [ -122.769557348012, 38.448662972583797 ], [ -122.769560347276993, 38.448618972330003 ], [ -122.769568347198998, 38.448502972645102 ], [ -122.769569347376006, 38.448486972416902 ], [ -122.769572347773007, 38.448442972137897 ], [ -122.76957534748, 38.448386972468498 ], [ -122.769587348079995, 38.447858972009101 ], [ -122.769592347520003, 38.447628972495401 ], [ -122.769646347122006, 38.447513972475399 ], [ -122.769458347075002, 38.447449972138401 ], [ -122.769412346980005, 38.447308972784001 ], [ -122.769413347496993, 38.4472699727215 ], [ -122.769474346867, 38.4467509725892 ], [ -122.769539347725996, 38.446136971820401 ], [ -122.769576346945996, 38.445782971865697 ], [ -122.769574346696999, 38.445436971838497 ], [ -122.769627347359005, 38.445325972627998 ], [ -122.769567347744001, 38.445195972455103 ], [ -122.769566347772994, 38.445034972303198 ], [ -122.769565346990007, 38.4442229717461 ], [ -122.769565347161006, 38.444124972313197 ], [ -122.769565346608999, 38.443935971696298 ], [ -122.769579346910007, 38.443907972064103 ], [ -122.769619347076002, 38.4438359725048 ], [ -122.769313346776002, 38.443416972272999 ], [ -122.769284346717996, 38.443328971934001 ], [ -122.769316346729994, 38.443152971748702 ], [ -122.769450346748997, 38.442409971544599 ], [ -122.769530346318007, 38.442014971643999 ], [ -122.769555346252005, 38.441887971774399 ], [ -122.769566346963003, 38.441830971630097 ], [ -122.769686346521993, 38.441866971894598 ], [ -122.770222346888005, 38.4420249715347 ], [ -122.770772346773995, 38.442187972161697 ], [ -122.770868347228003, 38.4422169715845 ], [ -122.773002347531005, 38.442872971457597 ], [ -122.773740348038999, 38.443292971824803 ], [ -122.774496347889993, 38.443937971447397 ], [ -122.775189348473006, 38.444530971695102 ], [ -122.775403347768005, 38.4443869721282 ], [ -122.775662348468003, 38.444605972079202 ], [ -122.776022348417001, 38.444926971884001 ], [ -122.776067348698007, 38.444955971465497 ], [ -122.776133347984995, 38.445012971229097 ], [ -122.776347348198001, 38.445144972006702 ], [ -122.776432348029999, 38.445180971512102 ], [ -122.776574348726996, 38.445239971701902 ], [ -122.776730348494993, 38.445286971970901 ], [ -122.776840348397002, 38.445310971582501 ], [ -122.776959347867006, 38.445325971514997 ], [ -122.777061348634007, 38.445332971412597 ], [ -122.777339348574998, 38.445337971662497 ], [ -122.778520348339001, 38.445336971941799 ], [ -122.778964348279999, 38.445335971404397 ], [ -122.779361349015005, 38.445335971771101 ], [ -122.779931348827006, 38.445341971625503 ], [ -122.781373349006003, 38.445331971348999 ], [ -122.782500349097006, 38.445334970785098 ], [ -122.784304349902001, 38.445345970781602 ], [ -122.787713350461999, 38.445335970738803 ], [ -122.788181349946996, 38.4453389708885 ], [ -122.788182349820005, 38.445573971102398 ], [ -122.788189350175003, 38.446810970981801 ], [ -122.788214350765998, 38.448464970777401 ], [ -122.788124350725994, 38.4525799715177 ], [ -122.788543350490997, 38.452579971561399 ], [ -122.789021350899006, 38.452579971338899 ], [ -122.789100351249004, 38.452580971677598 ], [ -122.789205351126995, 38.452580971511502 ], [ -122.789520350794007, 38.452580971365201 ], [ -122.789625351506999, 38.452581971597503 ], [ -122.789776350688996, 38.452581971271897 ], [ -122.790231350750005, 38.4525829714186 ], [ -122.790383351599004, 38.452583971394397 ], [ -122.791089351359005, 38.452588970786998 ], [ -122.791146351226004, 38.452589971120702 ], [ -122.791259351080001, 38.452588970849298 ], [ -122.793890351477003, 38.452580970630301 ], [ -122.794093351637002, 38.452580970695202 ], [ -122.794409352315995, 38.452581970555102 ], [ -122.794768352277003, 38.4525829707528 ], [ -122.795343351832997, 38.452582970650099 ], [ -122.797071352421995, 38.452582970865798 ], [ -122.797391352315998, 38.452582970400499 ], [ -122.797647352294007, 38.452581970971998 ], [ -122.797690351770001, 38.452580970306897 ], [ -122.797822352248005, 38.452579970499599 ], [ -122.797866352339, 38.452579970795 ], [ -122.798160352557005, 38.4525769701754 ], [ -122.799043352756996, 38.452568970462004 ], [ -122.799338352476994, 38.452566970715097 ], [ -122.799732352532999, 38.452562970532597 ], [ -122.800917352526994, 38.452552970831903 ], [ -122.801312353222997, 38.4525499700949 ], [ -122.801425352291005, 38.452547970349599 ], [ -122.801764352898999, 38.452541970400198 ], [ -122.801878352580999, 38.452540970322701 ], [ -122.802176353484001, 38.452539970462396 ], [ -122.803070353495002, 38.452539969795701 ], [ -122.803369352844996, 38.452539969826198 ], [ -122.803860352694997, 38.4525429699884 ], [ -122.804061353506995, 38.452538970446497 ], [ -122.804522353468002, 38.452531970219802 ], [ -122.805073353070995, 38.452541970175901 ], [ -122.805731353511007, 38.452544970445999 ], [ -122.806137353287994, 38.452540969629901 ], [ -122.806830353479, 38.452535970344201 ], [ -122.807599353870998, 38.452526969786497 ], [ -122.807690353244993, 38.4525269700748 ], [ -122.809302354406995, 38.452495969826202 ], [ -122.809907354515005, 38.452486970050799 ], [ -122.810677354570998, 38.452475970077501 ], [ -122.811387353973998, 38.452464969415097 ], [ -122.812007354680006, 38.452455969307302 ], [ -122.813519354476, 38.452443969153002 ], [ -122.813551354123007, 38.452443969477798 ], [ -122.813705354323005, 38.452442969413397 ], [ -122.814230354553004, 38.452439969116298 ], [ -122.814577354589005, 38.452436968922399 ], [ -122.815621354976997, 38.452430969542 ], [ -122.815939354440999, 38.452429969378997 ], [ -122.815969354713005, 38.452426969172102 ], [ -122.816179354709007, 38.452428969545302 ], [ -122.819709355811, 38.452414969240003 ], [ -122.822509355367998, 38.452404968396202 ], [ -122.825287355794998, 38.452393968824303 ], [ -122.826619356080997, 38.452403968757203 ], [ -122.827738356200001, 38.452405968414197 ], [ -122.829588356426996, 38.4524179683767 ], [ -122.830929357564997, 38.452421968164103 ], [ -122.831353357392999, 38.452423968008901 ], [ -122.831902356865996, 38.452417968083999 ], [ -122.832526357481001, 38.452389968049602 ], [ -122.833189357072001, 38.452331968164103 ], [ -122.834566358087997, 38.452183967962497 ], [ -122.834658358257997, 38.452173967808001 ], [ -122.834846357388997, 38.453089967568502 ], [ -122.834989357905002, 38.453784968206399 ], [ -122.835113358369, 38.454465967722101 ], [ -122.835386358270995, 38.455778967705903 ], [ -122.835381357752993, 38.455842967738 ], [ -122.835367357888998, 38.456033967842103 ], [ -122.835127357888993, 38.4567389683789 ], [ -122.835058358799998, 38.456940968513599 ], [ -122.834380359028998, 38.458994968273402 ], [ -122.834209358755004, 38.4595139682419 ], [ -122.833850358516997, 38.460647968246803 ], [ -122.833813358187001, 38.461130968193601 ], [ -122.833857358524, 38.461371968700398 ], [ -122.834073359013999, 38.4617269689371 ], [ -122.834289358329997, 38.461967968793502 ], [ -122.834861358883998, 38.462344968362302 ], [ -122.835546358627994, 38.462550968306999 ], [ -122.836105359650006, 38.462530968047602 ], [ -122.836673358794002, 38.462573968188401 ], [ -122.837133359594006, 38.462758968787597 ], [ -122.837556359046999, 38.463135968219802 ], [ -122.837737360077995, 38.463415968125801 ], [ -122.837799360107994, 38.463511968259397 ], [ -122.838003359995994, 38.463809968830297 ], [ -122.838041359594001, 38.4638669683141 ], [ -122.838396359599997, 38.464483968794802 ], [ -122.838617359837002, 38.464818968846203 ], [ -122.838701359352001, 38.464988968430497 ], [ -122.838911359416997, 38.465269968931999 ], [ -122.838964359914996, 38.465342968906 ], [ -122.839017360517005, 38.465415968857698 ], [ -122.839137359537006, 38.465581968268303 ], [ -122.839431359960003, 38.4660689681984 ], [ -122.839532359756006, 38.4662369687262 ], [ -122.840068359753005, 38.466911968500597 ], [ -122.840324360121997, 38.467162968299498 ], [ -122.840410360362995, 38.467292968874503 ], [ -122.840822360106998, 38.467919968760498 ], [ -122.841125360141007, 38.468379968842797 ], [ -122.841131360286994, 38.468489968202903 ], [ -122.841140360428994, 38.468603968669399 ], [ -122.841150361195005, 38.468618968866402 ], [ -122.841180361189004, 38.468663968607302 ], [ -122.841190361171996, 38.468679968721503 ], [ -122.841414360952001, 38.468962968427697 ], [ -122.841510360249003, 38.469216968671098 ], [ -122.841442360483001, 38.469507968720897 ], [ -122.841311361126003, 38.469713969103502 ], [ -122.841225360829995, 38.469982968531802 ], [ -122.841172360439998, 38.470153968802499 ], [ -122.841259361122994, 38.470436969146 ], [ -122.841335360977993, 38.470693968644298 ], [ -122.84122636072, 38.4711169688482 ], [ -122.841147361595006, 38.4715949686531 ], [ -122.841289361001003, 38.471947968470502 ], [ -122.841696361746003, 38.4722799689591 ], [ -122.842189361288007, 38.472717968416703 ], [ -122.842453361967003, 38.472958969217501 ], [ -122.842453361864003, 38.473054968888597 ], [ -122.842702361098006, 38.4736509688477 ], [ -122.842709361182003, 38.473694969192799 ], [ -122.842832361348002, 38.474427968912202 ], [ -122.842797361684006, 38.474879968706702 ], [ -122.842788361188994, 38.475009968855503 ], [ -122.842779362179996, 38.475140968874598 ], [ -122.842780361620996, 38.475249969036398 ], [ -122.842784362201996, 38.475579969080499 ], [ -122.842786362010003, 38.4756899690342 ], [ -122.842717361320993, 38.475771968849799 ], [ -122.842736361529006, 38.478243968817402 ], [ -122.842740361926005, 38.478631968880798 ], [ -122.842885362014997, 38.478853969205701 ], [ -122.843805362715003, 38.479410969584698 ], [ -122.844802363208998, 38.480143969217004 ], [ -122.845322362849998, 38.480626969396504 ], [ -122.845496363058999, 38.480989969567602 ], [ -122.845509363280996, 38.481608969530498 ], [ -122.845511363125993, 38.481666969181198 ], [ -122.845697362606998, 38.482178969762799 ], [ -122.846212363191, 38.482649969452403 ], [ -122.846270363235007, 38.4837129694127 ] ] ] } },
{ "type": "Feature", "properties": { "Name": "Rincon Valley Union Elementary" }, "geometry": { "type": "Polygon", "coordinates": [ [ [ -122.714352345340004, 38.499864980468097 ], [ -122.714330346015998, 38.5000719807406 ], [ -122.714274345343995, 38.500399981158303 ], [ -122.714226345352003, 38.500511980730998 ], [ -122.714167345453006, 38.500607980840499 ], [ -122.714104345818996, 38.500734981096997 ], [ -122.714056345965005, 38.5008549804433 ], [ -122.714027345689999, 38.500996980728303 ], [ -122.714015345440998, 38.501128980647998 ], [ -122.714022346015994, 38.501326981117202 ], [ -122.714047346285994, 38.501611981149402 ], [ -122.714053345471001, 38.501771981202403 ], [ -122.714047346030995, 38.501869980553003 ], [ -122.714034345884997, 38.501944980719799 ], [ -122.714009345603003, 38.502035980760901 ], [ -122.713973346520007, 38.502126981000899 ], [ -122.713953345956, 38.502214980835497 ], [ -122.713945345830993, 38.502290981167903 ], [ -122.713947346349997, 38.502361980954902 ], [ -122.713966346419994, 38.502546981225798 ], [ -122.714019346574005, 38.502825981135501 ], [ -122.714108346103004, 38.503114981016701 ], [ -122.714117346603004, 38.503850981399701 ], [ -122.704878345169007, 38.503893981829499 ], [ -122.704897345213993, 38.504287982144 ], [ -122.704821345300005, 38.508904982113698 ], [ -122.704838345902004, 38.508984981933999 ], [ -122.704844345062, 38.509083982241997 ], [ -122.704843345507996, 38.510184981875597 ], [ -122.704850345837997, 38.510508982216102 ], [ -122.704860345122995, 38.510581982052003 ], [ -122.704892345917997, 38.510708982254499 ], [ -122.704941345644002, 38.5108159820754 ], [ -122.704974345951001, 38.510866982573802 ], [ -122.705014345425994, 38.510918982114397 ], [ -122.705053345259998, 38.510961982688897 ], [ -122.705099345419001, 38.5110059822713 ], [ -122.705150345624006, 38.511045982148403 ], [ -122.705233346091006, 38.511101982435001 ], [ -122.705367345602994, 38.511170982454097 ], [ -122.705431346130993, 38.511195982345797 ], [ -122.705368345623, 38.511245982577002 ], [ -122.705250345956998, 38.511270982205502 ], [ -122.705125346238006, 38.5112799819766 ], [ -122.704915346131003, 38.511274982534097 ], [ -122.704819345844001, 38.511263982360298 ], [ -122.704763345993996, 38.511250982563098 ], [ -122.704739346241993, 38.511236981953502 ], [ -122.704594345648999, 38.511192982710803 ], [ -122.704465345654, 38.511153982199303 ], [ -122.704452345101004, 38.511152982294803 ], [ -122.704431345754003, 38.511151982122399 ], [ -122.704390345107996, 38.511156981926 ], [ -122.700713345544003, 38.511142982370501 ], [ -122.698739344391001, 38.511194982812903 ], [ -122.698748344639, 38.5122329830767 ], [ -122.699435344752004, 38.512196983111501 ], [ -122.700121344815003, 38.512253982835297 ], [ -122.700582344751993, 38.512655982710797 ], [ -122.700468345588007, 38.512671983084502 ], [ -122.700229344698002, 38.512691983210701 ], [ -122.700039344808999, 38.512702982933803 ], [ -122.700331344904001, 38.513334983068397 ], [ -122.700166344828006, 38.514035982759601 ], [ -122.700221345185994, 38.5145799831649 ], [ -122.700285346041994, 38.518602983066401 ], [ -122.700703346140003, 38.518604983093098 ], [ -122.704906346634004, 38.518636983054101 ], [ -122.704920346880996, 38.520457982963997 ], [ -122.7049433472, 38.522247983461902 ], [ -122.704446346458994, 38.522241983070501 ], [ -122.701611346736996, 38.522250983839598 ], [ -122.700756346052003, 38.522202983839101 ], [ -122.700293346332003, 38.522234983571998 ], [ -122.700326346560999, 38.5230409835142 ], [ -122.700351346481995, 38.5237269834983 ], [ -122.700438347212, 38.525787983999898 ], [ -122.700005346512995, 38.525783984176996 ], [ -122.691152345521999, 38.525699984274098 ], [ -122.691180345807993, 38.5268409841606 ], [ -122.691229346200004, 38.529347984602502 ], [ -122.695722346281997, 38.529340984198299 ], [ -122.695717346745994, 38.529573984878901 ], [ -122.695705347116004, 38.530474984566098 ], [ -122.695696346648006, 38.5330189843637 ], [ -122.695684347441997, 38.536567984612901 ], [ -122.699819348144999, 38.536582984737201 ], [ -122.700622347800007, 38.5365829847348 ], [ -122.700624347748004, 38.535376984437399 ], [ -122.700638347416998, 38.534193984549397 ], [ -122.700222348112007, 38.534070984800401 ], [ -122.700246348245997, 38.533073984793297 ], [ -122.703251347768003, 38.533035984057499 ], [ -122.703317347945998, 38.535382984539602 ], [ -122.704558348373993, 38.535386984145902 ], [ -122.704591348297996, 38.535473984260399 ], [ -122.704652348232997, 38.535551984263201 ], [ -122.704712348688005, 38.535629984080202 ], [ -122.704739348771, 38.535679984389198 ], [ -122.704782348782004, 38.535755984636602 ], [ -122.704765348901006, 38.539710984958397 ], [ -122.704763349795002, 38.540021984898701 ], [ -122.695922347937994, 38.5399309851976 ], [ -122.695990348539993, 38.541425985609102 ], [ -122.696039348374001, 38.546311986115697 ], [ -122.696040348604001, 38.546424985395198 ], [ -122.696070349249993, 38.547411985765898 ], [ -122.696197349203004, 38.552689986539903 ], [ -122.696153349653997, 38.552931986627598 ], [ -122.696118349726007, 38.552992986393399 ], [ -122.696139350118997, 38.5530199858703 ], [ -122.696118349787994, 38.553124985916298 ], [ -122.696076349110001, 38.5535529863755 ], [ -122.696104349647001, 38.553602986328102 ], [ -122.696111349367001, 38.553651986217901 ], [ -122.696104349411996, 38.553849986663302 ], [ -122.696132350214995, 38.554036986429097 ], [ -122.696202350332996, 38.554239986387998 ], [ -122.696289350095, 38.554410986051401 ], [ -122.697282349873007, 38.5544129860235 ], [ -122.697103350223003, 38.554662986248601 ], [ -122.696859350297999, 38.554894985999503 ], [ -122.696843349795003, 38.554908986158601 ], [ -122.696798350373996, 38.5549529860806 ], [ -122.696783350416993, 38.554967986312199 ], [ -122.696728349919994, 38.555019986636303 ], [ -122.696442350110999, 38.555325986782201 ], [ -122.696426350376001, 38.555342986489201 ], [ -122.695879349570006, 38.555964986313299 ], [ -122.695705349971007, 38.556139986832001 ], [ -122.695514349749999, 38.556303986382801 ], [ -122.695330349594002, 38.556436986638197 ], [ -122.695286349905004, 38.5564699866936 ], [ -122.695013349533994, 38.556628986831498 ], [ -122.694882350198995, 38.556696986234101 ], [ -122.694922349959, 38.556829986990103 ], [ -122.694927349550994, 38.556890986794201 ], [ -122.694911350357003, 38.557032986746698 ], [ -122.694880350304004, 38.557113986367703 ], [ -122.694842349913998, 38.557184986497901 ], [ -122.694749349551998, 38.557309986634202 ], [ -122.694744350465001, 38.557318986999498 ], [ -122.694654350487994, 38.557414986909002 ], [ -122.694561350442996, 38.557486986356601 ], [ -122.694472349578007, 38.5575449866651 ], [ -122.694430350038999, 38.557562986956398 ], [ -122.694212350052993, 38.557653987086702 ], [ -122.694056349587996, 38.5577699870082 ], [ -122.693950350389997, 38.5578599868333 ], [ -122.693871349610006, 38.557920986935102 ], [ -122.693758349763002, 38.557981986746498 ], [ -122.693549349519003, 38.5580769864495 ], [ -122.693400350152004, 38.558201986959901 ], [ -122.693207349559998, 38.558371986868103 ], [ -122.693125349401996, 38.558450987032401 ], [ -122.692978350342997, 38.558585987133299 ], [ -122.693337349474007, 38.558764986806601 ], [ -122.693886349978001, 38.559041987209099 ], [ -122.695175350735994, 38.5594409865366 ], [ -122.695489350269995, 38.560193986861599 ], [ -122.696031351101993, 38.561706987050798 ], [ -122.696089351590004, 38.568722987954402 ], [ -122.695027351218997, 38.568714988016602 ], [ -122.694433351346007, 38.568717987332697 ], [ -122.693992351269003, 38.568716987769598 ], [ -122.691442350575997, 38.568659987793403 ], [ -122.691457351286004, 38.569605987615702 ], [ -122.691482351524002, 38.570074988277497 ], [ -122.691530352002005, 38.5759079886016 ], [ -122.690753351761998, 38.575941988408999 ], [ -122.687025350773993, 38.575960989172202 ], [ -122.687025351306005, 38.576165988921801 ], [ -122.681994349902993, 38.576210989240899 ], [ -122.681180349808002, 38.571532988687302 ], [ -122.680841349193003, 38.570975988908202 ], [ -122.680066348999006, 38.570469988813301 ], [ -122.680167349184998, 38.570451988875298 ], [ -122.680215349182006, 38.570435989317097 ], [ -122.680244349703997, 38.570418988415803 ], [ -122.680346349518999, 38.570359988514902 ], [ -122.680524349562006, 38.570206988996198 ], [ -122.680646348856001, 38.570121988506699 ], [ -122.680712349686999, 38.570084988818401 ], [ -122.680906349533998, 38.570018988745403 ], [ -122.681040349978005, 38.569954988501699 ], [ -122.680773349608003, 38.568513988427199 ], [ -122.671782347611, 38.568300989650602 ], [ -122.671682348231002, 38.567889989461001 ], [ -122.671660348277996, 38.567697988849098 ], [ -122.670963347002996, 38.562920989008298 ], [ -122.671032346646001, 38.562917988770302 ], [ -122.670717347150003, 38.560960988534497 ], [ -122.665272345440002, 38.560660988807903 ], [ -122.666233344925999, 38.5546339891118 ], [ -122.666322345462007, 38.554366988715998 ], [ -122.666458345419997, 38.554217988999497 ], [ -122.666579345672005, 38.554059988711103 ], [ -122.666732344883002, 38.553802988716797 ], [ -122.667007344921004, 38.553211988588998 ], [ -122.667576345005003, 38.552424988583098 ], [ -122.667748345226997, 38.552181988655803 ], [ -122.667846345379004, 38.551999988746303 ], [ -122.667881345468999, 38.551864988758098 ], [ -122.667902345684993, 38.551783988577199 ], [ -122.667917344686003, 38.551539987896 ], [ -122.667882345115004, 38.551265988232899 ], [ -122.667791345024, 38.550789988526098 ], [ -122.667741345002995, 38.5504619884465 ], [ -122.667734344818996, 38.550412988281302 ], [ -122.667766345198999, 38.550161988286803 ], [ -122.667819345404993, 38.550019988524099 ], [ -122.667977344446996, 38.549790988092496 ], [ -122.667990345098005, 38.549772988333103 ], [ -122.668196344972998, 38.549614988105603 ], [ -122.668291345474003, 38.5495599881733 ], [ -122.668405344559005, 38.549513988359202 ], [ -122.66856134455, 38.549467988435602 ], [ -122.668614345641998, 38.549457988419697 ], [ -122.668754345167002, 38.5494319882486 ], [ -122.668929344586999, 38.549418988317001 ], [ -122.669169345236, 38.549428987855997 ], [ -122.669338345726999, 38.549452987737503 ], [ -122.669368345039999, 38.549456987925403 ], [ -122.669398344686996, 38.549461987963497 ], [ -122.669578344841995, 38.549494988482699 ], [ -122.669638345684007, 38.549505988279797 ], [ -122.669924345680997, 38.549568987792398 ], [ -122.669986344970994, 38.549592988378599 ], [ -122.670116344841006, 38.549644987916501 ], [ -122.670171345097003, 38.5496769878485 ], [ -122.670313345810001, 38.549760988096097 ], [ -122.670554345358994, 38.549972987881397 ], [ -122.670829345003, 38.550252988265399 ], [ -122.671082345279004, 38.550509988009303 ], [ -122.671167345236995, 38.550497988325297 ], [ -122.671236345612996, 38.550474987693903 ], [ -122.680225346390003, 38.550774987011103 ], [ -122.680311346148002, 38.543528987060498 ], [ -122.675572345503994, 38.543428987183503 ], [ -122.675828344863007, 38.539555987214101 ], [ -122.666436343862998, 38.539588987258298 ], [ -122.666546343191996, 38.536114987077298 ], [ -122.657607341922997, 38.536606988351203 ], [ -122.657770342568995, 38.540447988525997 ], [ -122.656014342261003, 38.5404599882051 ], [ -122.654263341610999, 38.5404709887747 ], [ -122.648761341268994, 38.541240988783599 ], [ -122.648763341313995, 38.544756989258502 ], [ -122.648759341054003, 38.545178988938503 ], [ -122.648758341266003, 38.545293989083603 ], [ -122.648755341561994, 38.545691989217602 ], [ -122.648752342150004, 38.545881989195202 ], [ -122.64884734156, 38.545981989106203 ], [ -122.648718342265994, 38.551791989942899 ], [ -122.648721342976003, 38.552048989820101 ], [ -122.648726342784997, 38.552335989444003 ], [ -122.648295342869005, 38.552407989775404 ], [ -122.648125342377995, 38.552425989972903 ], [ -122.647917342157996, 38.552470989503199 ], [ -122.647781342589994, 38.552501989596102 ], [ -122.647583341753005, 38.552557989636298 ], [ -122.647420342117002, 38.552611989913103 ], [ -122.647247342463004, 38.552682990297399 ], [ -122.646779341864999, 38.552908989737297 ], [ -122.646523342180998, 38.553020990254097 ], [ -122.646354342118002, 38.5530839903005 ], [ -122.646125342309006, 38.553153990522503 ], [ -122.646033341936999, 38.553174990150801 ], [ -122.645960342647001, 38.553191989775002 ], [ -122.645649341598002, 38.5532539900858 ], [ -122.645526341880995, 38.553274990143599 ], [ -122.645197342265007, 38.5533459899222 ], [ -122.645069342173997, 38.553381990474101 ], [ -122.644935341948994, 38.553430990572402 ], [ -122.644851342349995, 38.553179990636501 ], [ -122.644749341698997, 38.552873990417403 ], [ -122.644703341634994, 38.549299990311603 ], [ -122.640998341081001, 38.550411990266703 ], [ -122.640390340810995, 38.550625990260102 ], [ -122.640163341204001, 38.5507059899385 ], [ -122.632203340334996, 38.552891990786797 ], [ -122.632035339100995, 38.549473990816097 ], [ -122.628151339612998, 38.549329991557897 ], [ -122.627538338681006, 38.549381991314299 ], [ -122.627469338397006, 38.549317991285299 ], [ -122.627404339340004, 38.5492449911821 ], [ -122.627364338625, 38.5491689914926 ], [ -122.627328338843, 38.549029991631897 ], [ -122.627318338666996, 38.548935991299203 ], [ -122.627304338290998, 38.548471991137703 ], [ -122.627309339096996, 38.548257991583199 ], [ -122.627297338635003, 38.547992991560299 ], [ -122.627299338781, 38.547794990904698 ], [ -122.627282339258002, 38.547611991008701 ], [ -122.627274338386997, 38.547434991078397 ], [ -122.627293338959007, 38.5471509914031 ], [ -122.627287338252003, 38.547100991373703 ], [ -122.627369338855999, 38.545847990611698 ], [ -122.627266337668004, 38.543707991202403 ], [ -122.626884338183004, 38.543575991146803 ], [ -122.626304337939004, 38.542763991158203 ], [ -122.625173337706997, 38.542404990876797 ], [ -122.624586337688001, 38.542405990992201 ], [ -122.609647335825002, 38.542117991739602 ], [ -122.609181335371005, 38.5420969922531 ], [ -122.609102334780005, 38.5386739921585 ], [ -122.605796334212997, 38.538662992046703 ], [ -122.589822332471002, 38.538734993436798 ], [ -122.573823329842, 38.538729994664799 ], [ -122.573814329295999, 38.538622994085401 ], [ -122.573801329343993, 38.538527994692799 ], [ -122.573782330122995, 38.538441994518003 ], [ -122.573727330089, 38.538342994515297 ], [ -122.573672329621999, 38.538275994611098 ], [ -122.573623328959997, 38.538213994050501 ], [ -122.573568329617004, 38.538180994757703 ], [ -122.573482329235006, 38.538119994291698 ], [ -122.573409329558004, 38.538076994205802 ], [ -122.573366329986001, 38.538060994214398 ], [ -122.573306329228998, 38.538038994050801 ], [ -122.573202329997002, 38.5379919940424 ], [ -122.573086329456004, 38.537935994138003 ], [ -122.572959329705995, 38.537883994243799 ], [ -122.572919328949993, 38.5378669943996 ], [ -122.572334328864002, 38.537388994784401 ], [ -122.572349328925, 38.5372829940952 ], [ -122.572377329244006, 38.5372339946802 ], [ -122.572384328940998, 38.537190994310798 ], [ -122.572416329719999, 38.537134994703301 ], [ -122.572437329207006, 38.537014994786297 ], [ -122.572465328757005, 38.5369119944285 ], [ -122.572508329504004, 38.536837994329403 ], [ -122.572573328735004, 38.536768994589998 ], [ -122.572627329558998, 38.5367029941524 ], [ -122.572657328858, 38.536673994750501 ], [ -122.572669329215998, 38.536640994385699 ], [ -122.572632328910004, 38.536597994388899 ], [ -122.572584329381002, 38.536564994371901 ], [ -122.572565329338005, 38.536526994230101 ], [ -122.572540329557995, 38.536469994296503 ], [ -122.572528329359997, 38.5364029941477 ], [ -122.572527329541003, 38.536331994794203 ], [ -122.572508329583997, 38.536255994656599 ], [ -122.572508328892994, 38.536188994099803 ], [ -122.572507328650005, 38.536121994094401 ], [ -122.572519328997004, 38.536069994204198 ], [ -122.572512329022999, 38.5360029939554 ], [ -122.572488329292995, 38.535959994734398 ], [ -122.572457329116006, 38.535916994037102 ], [ -122.572408328679998, 38.535879994309802 ], [ -122.572335329588995, 38.535817994101997 ], [ -122.572250328899997, 38.535774994725202 ], [ -122.572170329095997, 38.535722993982397 ], [ -122.572103328723003, 38.535685994268903 ], [ -122.571999329533, 38.535628994098602 ], [ -122.571914329254994, 38.535585994487498 ], [ -122.571853329253003, 38.535524994396397 ], [ -122.571780328509007, 38.535481994348103 ], [ -122.571658329174994, 38.535468994750303 ], [ -122.571592328500003, 38.535463994290801 ], [ -122.571525328758995, 38.535454994093797 ], [ -122.571470329315005, 38.535430994232797 ], [ -122.571421328594994, 38.535407994500801 ], [ -122.571401329298993, 38.535400994075601 ], [ -122.571118329314999, 38.535159994577803 ], [ -122.571091329189997, 38.5351139945653 ], [ -122.571048328936001, 38.535008994263002 ], [ -122.571004328586994, 38.534913994632198 ], [ -122.570961329032997, 38.534818994425201 ], [ -122.570943328224999, 38.534770994306697 ], [ -122.570899328151, 38.534675994642399 ], [ -122.570875328390997, 38.534609994481499 ], [ -122.570855329043994, 38.534571994647997 ], [ -122.570823328802007, 38.533741994161502 ], [ -122.570612328154994, 38.533606994233303 ], [ -122.570581328836994, 38.5336149944753 ], [ -122.570444328967994, 38.533613994504698 ], [ -122.570271328098997, 38.533571994686199 ], [ -122.570238328642006, 38.533557994207797 ], [ -122.570223327915002, 38.533544994627398 ], [ -122.570186328667006, 38.533496993887397 ], [ -122.570143328387999, 38.533468993960199 ], [ -122.570100328747003, 38.533444994235602 ], [ -122.570058328822, 38.5334219946945 ], [ -122.569900328513, 38.533379994339903 ], [ -122.569821327837005, 38.533350994087598 ], [ -122.569754327946995, 38.533317994281902 ], [ -122.569693328306997, 38.533289993972403 ], [ -122.569668328537006, 38.533265994325099 ], [ -122.569613327797995, 38.5332089947347 ], [ -122.569588328375005, 38.533170994710801 ], [ -122.569564328108001, 38.533113994648097 ], [ -122.569551327984996, 38.533061994140098 ], [ -122.569545327748003, 38.533023994732702 ], [ -122.569550328806002, 38.532885994459001 ], [ -122.569579328524995, 38.532737994712598 ], [ -122.569620327858004, 38.532579994700598 ], [ -122.569662328367002, 38.532474994226099 ], [ -122.569752327961993, 38.532340994388001 ], [ -122.569818328701999, 38.5322639942341 ], [ -122.569848328077001, 38.532216994057002 ], [ -122.569890328553996, 38.5321309939145 ], [ -122.569949327925997, 38.532015993963597 ], [ -122.569979327857993, 38.531934994042501 ], [ -122.569979327671007, 38.531886993996402 ], [ -122.569979327813996, 38.5318489940666 ], [ -122.569954327923995, 38.531805994083399 ], [ -122.569911328336005, 38.531743994395299 ], [ -122.569843328182998, 38.531648993928599 ], [ -122.569794328129007, 38.531577994460903 ], [ -122.569721327718995, 38.531477993874603 ], [ -122.569665327907003, 38.531406994525298 ], [ -122.569616328151994, 38.531335994089801 ], [ -122.569573327642004, 38.531287993767599 ], [ -122.569549327966001, 38.531254994193297 ], [ -122.569527327855994, 38.531225993778598 ], [ -122.569533328407999, 38.531193994121203 ], [ -122.569587327530996, 38.531157994583801 ], [ -122.569613327690007, 38.531136994034497 ], [ -122.569681327507993, 38.531106994004801 ], [ -122.569760328532993, 38.531043994426298 ], [ -122.569850328339996, 38.530971993997099 ], [ -122.569898328383999, 38.5309239941488 ], [ -122.570001327865995, 38.530809994542203 ], [ -122.570048328279995, 38.530661993958198 ], [ -122.570078327757003, 38.5305899943193 ], [ -122.570126328205006, 38.5305319942468 ], [ -122.570156328229999, 38.530479993916998 ], [ -122.570192328275994, 38.530417993803503 ], [ -122.570209328150995, 38.530374994503802 ], [ -122.570240327766001, 38.530354993643698 ], [ -122.570288328483002, 38.530307994350601 ], [ -122.570306327560999, 38.530278993958902 ], [ -122.570324327959, 38.530235994087597 ], [ -122.570336328167002, 38.530201994168799 ], [ -122.570341328411999, 38.530144993818404 ], [ -122.570347328379995, 38.5301119942988 ], [ -122.570316327865996, 38.530049993682098 ], [ -122.570304327482006, 38.530006993937697 ], [ -122.570273328010003, 38.529973993818103 ], [ -122.570218327497003, 38.529935994085399 ], [ -122.570145327438993, 38.529907994301396 ], [ -122.570066327866002, 38.529869993995597 ], [ -122.569736328017001, 38.529642994473598 ], [ -122.569535328274, 38.529486993895802 ], [ -122.569431328161002, 38.529395993962197 ], [ -122.569406327251997, 38.5293539937649 ], [ -122.569326328087001, 38.5292249944563 ], [ -122.569155328296006, 38.529025994374003 ], [ -122.569039327910005, 38.528945994199297 ], [ -122.568941328240001, 38.528888993940001 ], [ -122.568893327569995, 38.528874993972302 ], [ -122.568852327865002, 38.528869994124399 ], [ -122.568765327172002, 38.528864994427103 ], [ -122.568641327427997, 38.528893994132901 ], [ -122.568525327085993, 38.5288889943265 ], [ -122.568466327853997, 38.528848994469101 ], [ -122.568378328153997, 38.528746994276503 ], [ -122.567996327455006, 38.5286739944261 ], [ -122.567950327728994, 38.528654993866603 ], [ -122.567847327997995, 38.528602994529599 ], [ -122.567810327114003, 38.528574994351096 ], [ -122.567755327729003, 38.528565994032803 ], [ -122.567707327521006, 38.528551994494798 ], [ -122.567670327772007, 38.528532994529797 ], [ -122.567634327394998, 38.528522994323701 ], [ -122.567607327421996, 38.528537994176297 ], [ -122.567590327849004, 38.528532993980697 ], [ -122.567510327235993, 38.528556993834698 ], [ -122.567401326880002, 38.528619994017099 ], [ -122.567280327201004, 38.528684994573801 ], [ -122.567260327978005, 38.528699994297902 ], [ -122.567191327475001, 38.528717993741203 ], [ -122.567087327923005, 38.528700993758697 ], [ -122.567059327701998, 38.528688994076902 ], [ -122.567035327349004, 38.528673994631603 ], [ -122.567021326911004, 38.528664994400401 ], [ -122.566987327657998, 38.528642994075298 ], [ -122.566912326874998, 38.528584994027902 ], [ -122.566717327399999, 38.528508993940498 ], [ -122.566632326974002, 38.5284659945237 ], [ -122.566559327478998, 38.528437994432601 ], [ -122.566492327386996, 38.528423994264401 ], [ -122.566413327760998, 38.5283959944652 ], [ -122.566370327049, 38.528376994503702 ], [ -122.566355327055007, 38.528353994373497 ], [ -122.566352326981004, 38.528336994290399 ], [ -122.566349327226007, 38.528299993990302 ], [ -122.566347327754997, 38.528270994516902 ], [ -122.566314327374997, 38.528238994320198 ], [ -122.566290326688005, 38.5282059941933 ], [ -122.566253327677003, 38.528176994587398 ], [ -122.566235327067005, 38.5281539941899 ], [ -122.566231327636999, 38.528125993767198 ], [ -122.566234327741995, 38.5281079943855 ], [ -122.566245327331004, 38.528093993852202 ], [ -122.566261327225007, 38.528086994070797 ], [ -122.566285327383, 38.528079993794698 ], [ -122.566303326661995, 38.528065994185603 ], [ -122.566325326783996, 38.528000993958003 ], [ -122.566402326946999, 38.5278429939505 ], [ -122.566471326916997, 38.527722994253402 ], [ -122.566534327073995, 38.527608993872498 ], [ -122.566558326719999, 38.5275419938244 ], [ -122.566581326885995, 38.527474994274002 ], [ -122.566701327266998, 38.527268994514102 ], [ -122.566773326939, 38.527149993830001 ], [ -122.566918327251997, 38.526996994474501 ], [ -122.566953327682, 38.526891994191097 ], [ -122.567019326997993, 38.526766993879498 ], [ -122.567067326892001, 38.526704993954098 ], [ -122.567054326570997, 38.526666993636702 ], [ -122.567030327308998, 38.526623994436903 ], [ -122.566975326801995, 38.526557993594601 ], [ -122.566871326736006, 38.526495993946597 ], [ -122.566822327131007, 38.526467994275102 ], [ -122.566785326854998, 38.526376993707302 ], [ -122.566772327064996, 38.526330993813197 ], [ -122.566760327460997, 38.526291994010698 ], [ -122.566736326683994, 38.526253993945403 ], [ -122.566686326806007, 38.526148994321801 ], [ -122.566637326557, 38.526010994381799 ], [ -122.566612327328997, 38.5259249939336 ], [ -122.566611326510994, 38.525843993827401 ], [ -122.566640326484006, 38.525634993725497 ], [ -122.566615327159994, 38.525557993559403 ], [ -122.566524326567006, 38.525524993755198 ], [ -122.566432326967998, 38.525506993625797 ], [ -122.566262326870003, 38.525459994190498 ], [ -122.566150327333006, 38.5254529941054 ], [ -122.566065327358004, 38.525422993976697 ], [ -122.565606326988998, 38.525344993823502 ], [ -122.565530326231993, 38.5253479939676 ], [ -122.565406327204997, 38.525396994213601 ], [ -122.565212326867993, 38.525431994159398 ], [ -122.565006327039995, 38.525460994516301 ], [ -122.564949326545005, 38.525461994105697 ], [ -122.564933326545003, 38.525461994014698 ], [ -122.564918326132002, 38.525463993989 ], [ -122.564812326321999, 38.525480993679501 ], [ -122.564789327062996, 38.525482994008797 ], [ -122.564726327179002, 38.525476994069102 ], [ -122.564689326834994, 38.525464993871999 ], [ -122.564674326203999, 38.525463994332199 ], [ -122.564105326600995, 38.525323994451099 ], [ -122.563991326516998, 38.5253189939341 ], [ -122.563830326379005, 38.525372993739602 ], [ -122.56378632629, 38.525423994044097 ], [ -122.563766327026997, 38.525452994394001 ], [ -122.563671326494003, 38.525507993803998 ], [ -122.563548326393999, 38.525571994486 ], [ -122.563439326739001, 38.525646994417897 ], [ -122.563280326023005, 38.5257499940343 ], [ -122.563237326503, 38.525790994440399 ], [ -122.563070326854998, 38.525945994152302 ], [ -122.563013325989004, 38.526031994501899 ], [ -122.563002326310993, 38.526071993887797 ], [ -122.562972326830007, 38.526128994162796 ], [ -122.562930326951005, 38.5262249944793 ], [ -122.562907326277994, 38.526314994737703 ], [ -122.562847327043002, 38.5264539945655 ], [ -122.562817326456994, 38.526539994369401 ], [ -122.562746327019994, 38.5266739940134 ], [ -122.562710326553997, 38.526721994171901 ], [ -122.562674326258005, 38.526797994031902 ], [ -122.562626325927994, 38.526878994300297 ], [ -122.562590326191, 38.526921994360102 ], [ -122.562572326093004, 38.526950994459298 ], [ -122.562542327074993, 38.527007994613598 ], [ -122.562500327067994, 38.5270749943327 ], [ -122.562458326151003, 38.527098994201701 ], [ -122.562430326245007, 38.5270889940331 ], [ -122.562385326222994, 38.527070994371499 ], [ -122.562281326901996, 38.527056994319203 ], [ -122.562148326894004, 38.527052994620803 ], [ -122.562101326507999, 38.527052994540298 ], [ -122.562045326353996, 38.527020994293601 ], [ -122.561993326261003, 38.526957994718799 ], [ -122.561898326505997, 38.526877994158099 ], [ -122.561774325963995, 38.526798994523702 ], [ -122.561700325890996, 38.526735994460303 ], [ -122.561576325800999, 38.526690994205197 ], [ -122.561525325801, 38.5266629942805 ], [ -122.561447325914003, 38.526631994076297 ], [ -122.561361326631996, 38.526584994016098 ], [ -122.561258325788003, 38.526546994077101 ], [ -122.561063325825998, 38.5264959943731 ], [ -122.560942326459994, 38.526467994553201 ], [ -122.560850326348998, 38.526415994220301 ], [ -122.560722326703001, 38.526344994030502 ], [ -122.560643325737999, 38.526311994155499 ], [ -122.560550326577996, 38.526312994857101 ], [ -122.560504326111001, 38.526312994603899 ], [ -122.560334325732995, 38.526322994197798 ], [ -122.560219325635998, 38.526351994626197 ], [ -122.560116325506996, 38.526376994606402 ], [ -122.560056325995006, 38.526375994478698 ], [ -122.560027326230994, 38.526372994823298 ], [ -122.559861326531006, 38.526353994175601 ], [ -122.559733326368004, 38.526354994105901 ], [ -122.559665325731999, 38.5263609944639 ], [ -122.559440326041994, 38.526317994597399 ], [ -122.558941325576995, 38.526015994408297 ], [ -122.558911325425001, 38.526005994353298 ], [ -122.558783326055007, 38.525953994296401 ], [ -122.558710325305995, 38.525920994987104 ], [ -122.558649325645007, 38.525911994199603 ], [ -122.558589325563005, 38.525884994241999 ], [ -122.558534326105999, 38.525859994360601 ], [ -122.558442326063002, 38.525826994380999 ], [ -122.558321325378998, 38.525803994754597 ], [ -122.558163325411996, 38.525765994229701 ], [ -122.558053325586997, 38.525737994793602 ], [ -122.557883325611996, 38.525719994883303 ], [ -122.557750325176997, 38.525701994631802 ], [ -122.557682325122997, 38.525701994906697 ], [ -122.557605325897995, 38.5256869944727 ], [ -122.557343325828995, 38.5256829949288 ], [ -122.557174325849005, 38.525700994576503 ], [ -122.557149325940003, 38.525718994272403 ], [ -122.557058325933994, 38.525737994642903 ], [ -122.556931325110995, 38.525781994583802 ], [ -122.556804325434996, 38.5258209943281 ], [ -122.556683325503002, 38.525828994903797 ], [ -122.556405325436998, 38.525909994544499 ], [ -122.556267325467005, 38.525927994879801 ], [ -122.556158325457005, 38.525962995014403 ], [ -122.556053325825005, 38.526014994894098 ], [ -122.556077325345996, 38.526058995048302 ], [ -122.555342324955006, 38.525954994477502 ], [ -122.555262324927, 38.525949994805302 ], [ -122.554990324906996, 38.525995994692998 ], [ -122.554807325392005, 38.526024994947399 ], [ -122.554638325501998, 38.526097994993201 ], [ -122.554488324768997, 38.526152994570197 ], [ -122.554343325728993, 38.5261879953242 ], [ -122.554262325430003, 38.5261929945719 ], [ -122.554174324616994, 38.526178994550001 ], [ -122.554028324843003, 38.526110995213003 ], [ -122.553934324598004, 38.526056995407998 ], [ -122.553806324866002, 38.525978994677601 ], [ -122.553732325518993, 38.525933994873 ], [ -122.553391325470997, 38.525792995042302 ], [ -122.553145325355999, 38.525660994968703 ], [ -122.553056325363997, 38.525611995222398 ], [ -122.552905325376997, 38.525537994942901 ], [ -122.552878324551997, 38.525513994659903 ], [ -122.552826324980003, 38.525510995306298 ], [ -122.552772325164, 38.525496995048897 ], [ -122.552749325242004, 38.525489994662401 ], [ -122.552680324506994, 38.5254679954718 ], [ -122.552559324485003, 38.525439994591999 ], [ -122.552516324691993, 38.525406994947097 ], [ -122.552507325126001, 38.525395995033001 ], [ -122.552433324438994, 38.525355995426203 ], [ -122.552367325206006, 38.5252999953575 ], [ -122.552338324643003, 38.525224994727601 ], [ -122.552344324897007, 38.525144994571903 ], [ -122.552349324855996, 38.525125994998099 ], [ -122.552370324769996, 38.5250289954595 ], [ -122.552343325045001, 38.524983995101003 ], [ -122.55232432439, 38.524935994808402 ], [ -122.552288324204994, 38.524878994707599 ], [ -122.552238325098003, 38.5248129953846 ], [ -122.552214324586998, 38.524783994644203 ], [ -122.552165324935999, 38.524755994589498 ], [ -122.552104324810998, 38.524722994734098 ], [ -122.552072324557003, 38.5247059950281 ], [ -122.552006324695995, 38.524677995320403 ], [ -122.551940324403006, 38.5246669953234 ], [ -122.551904324244006, 38.5246379947381 ], [ -122.551831324041999, 38.524609994996503 ], [ -122.551724324218995, 38.524583994674302 ], [ -122.551670324710997, 38.524552995105097 ], [ -122.551597324016996, 38.524496994721602 ], [ -122.551516324307997, 38.524433995017297 ], [ -122.551465324624999, 38.524388994838901 ], [ -122.551420325050003, 38.524319994692704 ], [ -122.551384324118004, 38.5242689951193 ], [ -122.551311324031005, 38.524222994618199 ], [ -122.551252324168999, 38.524183994619698 ], [ -122.551207324429996, 38.524086994797798 ], [ -122.551178324904001, 38.524017994673002 ], [ -122.551148324638007, 38.523983995131502 ], [ -122.551119324536998, 38.523931994738099 ], [ -122.551082324613006, 38.5238809954527 ], [ -122.551043324182999, 38.523845995044702 ], [ -122.551023324198994, 38.523807995007097 ], [ -122.551035324189996, 38.523740994883902 ], [ -122.551046324316005, 38.523688995221598 ], [ -122.551112324287999, 38.523563995159101 ], [ -122.551160324251001, 38.523463994961197 ], [ -122.551178323979002, 38.523406995258497 ], [ -122.551208324333004, 38.5233399953364 ], [ -122.551262324231999, 38.523257995025297 ], [ -122.551297324404004, 38.523139994858902 ], [ -122.551309324076996, 38.523105995247398 ], [ -122.551309324445995, 38.5230579946316 ], [ -122.551278324695005, 38.523005995060998 ], [ -122.551229323889999, 38.522948995265303 ], [ -122.551162323849994, 38.522891995210898 ], [ -122.551100324199993, 38.522824994929003 ], [ -122.551076323903004, 38.522739994790697 ], [ -122.551063323791993, 38.522686994693899 ], [ -122.551050323884994, 38.522610995017303 ], [ -122.551019323819006, 38.522543995324803 ], [ -122.551007324031005, 38.522482995332801 ], [ -122.550964324426999, 38.522448994477998 ], [ -122.550873323952999, 38.522411994650597 ], [ -122.550815323685995, 38.522354994563997 ], [ -122.550764324737997, 38.5223099950326 ], [ -122.550692324270997, 38.522210995033099 ], [ -122.550634323869005, 38.522106995006197 ], [ -122.550543324607006, 38.521993994739802 ], [ -122.550426324179995, 38.521964995036498 ], [ -122.550275323853, 38.521940994680897 ], [ -122.550195324114995, 38.521934994630698 ], [ -122.550123324544003, 38.521952994482199 ], [ -122.549911324460993, 38.521986994904097 ], [ -122.549693324367993, 38.522030994549297 ], [ -122.549559323913996, 38.522069994760301 ], [ -122.549450323816998, 38.5221089953777 ], [ -122.549293323875006, 38.5221899946918 ], [ -122.549136323924003, 38.522285994762399 ], [ -122.549034323764999, 38.522348995385499 ], [ -122.548907323912005, 38.522420995458504 ], [ -122.548804324425006, 38.522463995249502 ], [ -122.548695323806996, 38.522507995201998 ], [ -122.548610324110001, 38.5225369951781 ], [ -122.548410323938, 38.522575994849902 ], [ -122.548228323285002, 38.522595995500097 ], [ -122.54812232434, 38.522588995568597 ], [ -122.548004323485003, 38.522582995246701 ], [ -122.547919323726006, 38.5225639950744 ], [ -122.547700323870998, 38.522569995415701 ], [ -122.547567323910002, 38.522588994733098 ], [ -122.547385324125997, 38.522623995051099 ], [ -122.547276323695996, 38.522623995147001 ], [ -122.547148324098004, 38.522605995130903 ], [ -122.547063324115996, 38.522553994778598 ], [ -122.546941323856998, 38.522468995243798 ], [ -122.546874323194999, 38.522396995555702 ], [ -122.546849323098002, 38.522358994855601 ], [ -122.546836323810993, 38.522263995459298 ], [ -122.546859323370995, 38.522101995230202 ], [ -122.546986323886998, 38.522005995258297 ], [ -122.547021323989995, 38.521890995061902 ], [ -122.547075323784995, 38.521809994744302 ], [ -122.547104323515995, 38.521740994845501 ], [ -122.547086323385003, 38.521647995119601 ], [ -122.547061323183996, 38.521575995069703 ], [ -122.547024323545003, 38.521490995241699 ], [ -122.546981323653, 38.521395994795 ], [ -122.546944323104995, 38.5213389954287 ], [ -122.546907323374995, 38.521262994888303 ], [ -122.546883323177994, 38.521209994707903 ], [ -122.546846323457004, 38.521162995335096 ], [ -122.546779323856001, 38.5211339952278 ], [ -122.546712323815996, 38.521100994900003 ], [ -122.546663323852002, 38.521067995422499 ], [ -122.546584323545005, 38.521034994741001 ], [ -122.546505323117998, 38.520982995567799 ], [ -122.546425323693001, 38.5209359948905 ], [ -122.546346323367004, 38.520897994943397 ], [ -122.546243323704999, 38.520845994945802 ], [ -122.546121323772994, 38.520793995152196 ], [ -122.546005322713995, 38.520746995007002 ], [ -122.545872323463001, 38.5207329947349 ], [ -122.545665323766997, 38.520724995241999 ], [ -122.545548323088994, 38.520744994847199 ], [ -122.545477322834998, 38.520744994788402 ], [ -122.545332322727006, 38.520740995365102 ], [ -122.545204323682995, 38.520764994930701 ], [ -122.545174323099005, 38.520803995498703 ], [ -122.545144322861006, 38.520846995343597 ], [ -122.545096322782996, 38.520870995624001 ], [ -122.545053322586995, 38.520865994834402 ], [ -122.544981323038996, 38.520846995469199 ], [ -122.544935323033002, 38.520814995026299 ], [ -122.544758322947999, 38.520743995047503 ], [ -122.544686323224994, 38.520702994913201 ], [ -122.544633323276003, 38.520629994967202 ], [ -122.544578323021994, 38.520553995306798 ], [ -122.544532323143002, 38.520428995004501 ], [ -122.543906322466, 38.519970995369199 ], [ -122.544349322645004, 38.5191769954656 ], [ -122.543687322357002, 38.518773995425398 ], [ -122.543509322998005, 38.518665995271199 ], [ -122.543377322092994, 38.518567995310796 ], [ -122.543367322595003, 38.518542994892897 ], [ -122.543324322076998, 38.518437995130903 ], [ -122.543298322154996, 38.518270995483597 ], [ -122.543267323099997, 38.518175995414701 ], [ -122.543236322393994, 38.518099995591598 ], [ -122.543242322181001, 38.5180329947909 ], [ -122.543284322149006, 38.517984995153597 ], [ -122.543344322684007, 38.517913995551297 ], [ -122.543392322949998, 38.517827995292002 ], [ -122.543434322476003, 38.517769994690902 ], [ -122.543440322590001, 38.517749995400898 ], [ -122.543547322164002, 38.517653994779103 ], [ -122.543578321997998, 38.517640995088698 ], [ -122.543650322565, 38.5175549949832 ], [ -122.543780322331997, 38.517439995406697 ], [ -122.543911323073999, 38.517404994588702 ], [ -122.544071322099995, 38.517392995289903 ], [ -122.544260323033001, 38.517414995364 ], [ -122.544406322666006, 38.517436995105498 ], [ -122.544516322872994, 38.517453994981203 ], [ -122.544632322216003, 38.517489994787098 ], [ -122.544653322548996, 38.517478995099601 ], [ -122.544713322403993, 38.517503994831799 ], [ -122.544836323043, 38.5175149947137 ], [ -122.544887322449, 38.517508994811699 ], [ -122.544923322539006, 38.517468995179698 ], [ -122.544952323008005, 38.5173429951816 ], [ -122.545009323035998, 38.517176994633097 ], [ -122.545103322860996, 38.517020995045698 ], [ -122.545295323022003, 38.516895995219301 ], [ -122.545302322484005, 38.516716994972001 ], [ -122.545283323174004, 38.516697994908903 ], [ -122.545179322549998, 38.516603994819199 ], [ -122.545117322607993, 38.516503994957901 ], [ -122.544995322473, 38.516336994911804 ], [ -122.544903322082007, 38.516213994807103 ], [ -122.544817322954003, 38.516147995043703 ], [ -122.544671322126007, 38.516090994913803 ], [ -122.544513323044995, 38.516057995213799 ], [ -122.544319322942997, 38.516054994772297 ], [ -122.544228322162994, 38.516035995127503 ], [ -122.543641322301994, 38.515954995178298 ], [ -122.543627322709, 38.515950995064102 ], [ -122.543590322699998, 38.515938994903799 ], [ -122.543462322707995, 38.5159059948598 ], [ -122.543359322219004, 38.515867994665399 ], [ -122.543286322076, 38.515825995266098 ], [ -122.543206322638, 38.515744995141802 ], [ -122.543187322655001, 38.515678995079099 ], [ -122.543156322122996, 38.515558995054299 ], [ -122.543119322400997, 38.515487995392398 ], [ -122.543137321792997, 38.515435995280299 ], [ -122.543142321641994, 38.515349994635002 ], [ -122.543130322238, 38.515306995385899 ], [ -122.543118322739005, 38.515258995231797 ], [ -122.543050322642998, 38.515197994790597 ], [ -122.542983322111994, 38.515130995074003 ], [ -122.542922321679001, 38.515059995007903 ], [ -122.542824322548, 38.514926995350898 ], [ -122.542628321958006, 38.5147229946839 ], [ -122.542542321542001, 38.5146229950155 ], [ -122.542463321978005, 38.514589994553297 ], [ -122.542335322268997, 38.514542994986698 ], [ -122.542238322220996, 38.514509994694002 ], [ -122.542141322044003, 38.514472995044898 ], [ -122.542074322388999, 38.5144539952462 ], [ -122.542019321791997, 38.514410995061297 ], [ -122.541988322340003, 38.514386994689602 ], [ -122.541958321961005, 38.514353994729298 ], [ -122.541927322118994, 38.514306994873998 ], [ -122.541884321937999, 38.514234995160201 ], [ -122.541853322193006, 38.514187995287202 ], [ -122.541823321980004, 38.514139995283898 ], [ -122.541816321940004, 38.514077995091903 ], [ -122.541785322132, 38.514001995007703 ], [ -122.541773322167998, 38.513935995293998 ], [ -122.541748321694996, 38.513868995329602 ], [ -122.541711322230995, 38.513820994775202 ], [ -122.541693321362999, 38.513792994630002 ], [ -122.541692321482003, 38.513711995073301 ], [ -122.541686321971, 38.513654994562003 ], [ -122.541685321933002, 38.5135549948209 ], [ -122.541696322066002, 38.513415994736803 ], [ -122.541731321628006, 38.5133109945724 ], [ -122.541737322063, 38.513284994657198 ], [ -122.541887321646996, 38.513130995174699 ], [ -122.542097321672998, 38.513026994610897 ], [ -122.542250322087, 38.512980995016797 ], [ -122.542410321220999, 38.5130139950559 ], [ -122.542578321663001, 38.513024994450397 ], [ -122.542752322026999, 38.512989994537001 ], [ -122.543145322314004, 38.512890994484003 ], [ -122.543377321462003, 38.512826994474104 ], [ -122.543795321611995, 38.512757994957198 ], [ -122.543845322101006, 38.512728994457397 ], [ -122.543996321782004, 38.512685994560599 ], [ -122.544402321771997, 38.512621994201702 ], [ -122.544578321993995, 38.512582994376601 ], [ -122.544650321915, 38.512581994648002 ], [ -122.544742322241007, 38.512595994441703 ], [ -122.544875322550993, 38.512604994693497 ], [ -122.544948321731994, 38.512609994292703 ], [ -122.544990322456997, 38.512608994611298 ], [ -122.545203322294, 38.512617994340403 ], [ -122.545385322575001, 38.512626994410802 ], [ -122.545482321663997, 38.512640994659002 ], [ -122.545561322598999, 38.512649994678398 ], [ -122.545683322135005, 38.5126529944176 ], [ -122.545852322735001, 38.512657994480698 ], [ -122.545998321707003, 38.512685994636797 ], [ -122.546083322692994, 38.512708994233101 ], [ -122.54613832199, 38.512732994195403 ], [ -122.546163321880002, 38.512737994483501 ], [ -122.546229321747006, 38.5127509943161 ], [ -122.546272322481997, 38.5127459945545 ], [ -122.546297322187002, 38.5127319946074 ], [ -122.546314322623005, 38.512721994928498 ], [ -122.546387322748998, 38.512688994120097 ], [ -122.546483322103001, 38.512659994383398 ], [ -122.546671321874996, 38.512639994694503 ], [ -122.546896322901006, 38.512623994339698 ], [ -122.547084322737007, 38.512580994500702 ], [ -122.54713832198, 38.512546994801703 ], [ -122.547180322171997, 38.512512994848002 ], [ -122.547271322279997, 38.512455994034298 ], [ -122.547325322755995, 38.512412994026 ], [ -122.547415322326003, 38.5123409943415 ], [ -122.547463322870996, 38.512273994398399 ], [ -122.547536322008, 38.512196994436103 ], [ -122.547620322129006, 38.512162994477002 ], [ -122.547693322087994, 38.5121389939615 ], [ -122.547765322407997, 38.512071994211702 ], [ -122.547874322582004, 38.512008994670097 ], [ -122.547947322802997, 38.511973994149798 ], [ -122.548248322226996, 38.5118559943337 ], [ -122.548304322011006, 38.511863993978999 ], [ -122.548437322398996, 38.511834994353997 ], [ -122.548606321996999, 38.511786994582003 ], [ -122.548758323128993, 38.5117619940509 ], [ -122.548843322843993, 38.511742993794201 ], [ -122.549006322813, 38.5117229942976 ], [ -122.549224322382997, 38.511673994451698 ], [ -122.549442323137001, 38.511577994432898 ], [ -122.549587322519002, 38.511476993719 ], [ -122.549653322327998, 38.511404994169901 ], [ -122.549744322749007, 38.511356994334903 ], [ -122.549810322656995, 38.511318994055202 ], [ -122.549883322981998, 38.511279993946303 ], [ -122.550022322418997, 38.511216994523799 ], [ -122.550038322595995, 38.511198994314199 ], [ -122.550035322357999, 38.511181993982397 ], [ -122.550026323126005, 38.511156993738503 ], [ -122.549973322859998, 38.5111649945243 ], [ -122.549870322337, 38.511179994163001 ], [ -122.549785322988996, 38.511165993813101 ], [ -122.549718322434998, 38.5111519938119 ], [ -122.549645322890996, 38.511175993770003 ], [ -122.549561323009002, 38.511223994478399 ], [ -122.549488322062004, 38.511257994391897 ], [ -122.549379323148997, 38.511267994024102 ], [ -122.549331322209994, 38.511267994081997 ], [ -122.549197322335999, 38.511282993968003 ], [ -122.549100322181999, 38.511292994279103 ], [ -122.549003322950995, 38.511312994513901 ], [ -122.548980322732007, 38.511317994103102 ], [ -122.548873322917999, 38.511271994411601 ], [ -122.548771322367998, 38.511220994578998 ], [ -122.548698322096001, 38.5111979942373 ], [ -122.548630322592004, 38.511166994311203 ], [ -122.548596322167, 38.511135994407503 ], [ -122.548577322732001, 38.511080994106301 ], [ -122.548473322145, 38.510995994527697 ], [ -122.548339322781004, 38.510953994610396 ], [ -122.548114322648004, 38.510897994366303 ], [ -122.548053322026007, 38.510887994150202 ], [ -122.548025322358995, 38.510884994098603 ], [ -122.547981321771005, 38.510878994128298 ], [ -122.547920322337006, 38.510845994320597 ], [ -122.547871322082003, 38.510817994645997 ], [ -122.547808322525, 38.510750994376203 ], [ -122.547785322213002, 38.510726994412501 ], [ -122.547736322667006, 38.510679994460098 ], [ -122.547688321790005, 38.510636994342001 ], [ -122.547565321706003, 38.510513994174701 ], [ -122.547557322391, 38.510497994504398 ], [ -122.547233322028006, 38.510342993863198 ], [ -122.547059321966998, 38.5100839943834 ], [ -122.546905321832, 38.509925993824901 ], [ -122.546784322199002, 38.509805994375398 ], [ -122.546569322378005, 38.509598994120402 ], [ -122.546549321404996, 38.509582994166202 ], [ -122.546430321594997, 38.5094069938134 ], [ -122.546350321565001, 38.509288994480102 ], [ -122.546273321490006, 38.509191993890298 ], [ -122.546131321454993, 38.508991993957501 ], [ -122.546092321941003, 38.508917993839397 ], [ -122.546096321318004, 38.508856994382803 ], [ -122.546047321675005, 38.508790994518797 ], [ -122.546011321389003, 38.508747994094698 ], [ -122.545986321437994, 38.508652994638901 ], [ -122.545985321474006, 38.508604994590101 ], [ -122.545985322142997, 38.508528993798997 ], [ -122.545972321449995, 38.508461994157003 ], [ -122.545972321670007, 38.508427993947798 ], [ -122.545971321805993, 38.5083859937235 ], [ -122.545971321219, 38.508323994052098 ], [ -122.546007321502003, 38.508299993892102 ], [ -122.546104321995003, 38.508227994501098 ], [ -122.546183321781001, 38.508176993989302 ], [ -122.546194322093996, 38.508169994082103 ], [ -122.546261322136999, 38.508126994483902 ], [ -122.546327322012004, 38.5080689942913 ], [ -122.546364321422999, 38.508016994206798 ], [ -122.546369321765994, 38.507963993840001 ], [ -122.546363322036001, 38.507835993693497 ], [ -122.545540321679994, 38.506802993677702 ], [ -122.543903321724002, 38.507282994663598 ], [ -122.543173321292997, 38.507497994369203 ], [ -122.542997321523998, 38.5073799945487 ], [ -122.542811321198002, 38.507246994133297 ], [ -122.542754320878998, 38.507216994541601 ], [ -122.542736320925997, 38.507205994227 ], [ -122.542715320691997, 38.507191994523197 ], [ -122.542670320856004, 38.507161994618301 ], [ -122.542676320983006, 38.507143994133699 ], [ -122.542684320560994, 38.507120993919003 ], [ -122.542709320927003, 38.507045993998098 ], [ -122.542747320654001, 38.506934994592598 ], [ -122.542784321496995, 38.506821994035498 ], [ -122.542810320624, 38.506747994516701 ], [ -122.542975321472994, 38.506261994622101 ], [ -122.542408320766995, 38.505716994108298 ], [ -122.542353321421004, 38.505680993889499 ], [ -122.542274321151993, 38.505647994478799 ], [ -122.542219320328002, 38.505618993866896 ], [ -122.542176320392997, 38.5055769944479 ], [ -122.542140320764005, 38.505547994032298 ], [ -122.542110320974999, 38.505542994562198 ], [ -122.541971320217002, 38.505474994242697 ], [ -122.541876321293003, 38.505446994209798 ], [ -122.541774320593007, 38.505412993831499 ], [ -122.541708320883998, 38.505361994119099 ], [ -122.541649321028999, 38.505310993979897 ], [ -122.541576321093004, 38.505247994075297 ], [ -122.541510320789996, 38.505190994461998 ], [ -122.541480320505002, 38.505144994179503 ], [ -122.541465320672003, 38.5050769940839 ], [ -122.541479320915997, 38.504961994346203 ], [ -122.541507320487995, 38.5047449943335 ], [ -122.541512321032002, 38.504504993968503 ], [ -122.541555320053007, 38.504360994037299 ], [ -122.541575320522995, 38.5042069940869 ], [ -122.541589320262005, 38.504126994311598 ], [ -122.541578321087002, 38.504080994387003 ], [ -122.541534320818002, 38.504063994164603 ], [ -122.541346321025998, 38.504049994234201 ], [ -122.541188320320003, 38.504007994308097 ], [ -122.541099320293, 38.503971994232003 ], [ -122.541071320883006, 38.503922993781799 ], [ -122.541070320726007, 38.503836994408999 ], [ -122.541069319925995, 38.503705994222997 ], [ -122.541105320520003, 38.503653994307903 ], [ -122.541119320484995, 38.503607993824801 ], [ -122.541126320402, 38.503539994106497 ], [ -122.541119320107001, 38.503499994547099 ], [ -122.541089320384003, 38.503464993992502 ], [ -122.541060320566999, 38.503407994420201 ], [ -122.541039320449997, 38.503384994297797 ], [ -122.541037320024003, 38.503374994042098 ], [ -122.541001320606, 38.503341994054097 ], [ -122.540964320062002, 38.503307994570399 ], [ -122.540921319820001, 38.5032849940212 ], [ -122.540891319951001, 38.503241993979699 ], [ -122.540878320109002, 38.503212994251697 ], [ -122.540829320775998, 38.503151994308197 ], [ -122.540762320488, 38.503084993786999 ], [ -122.540689320800993, 38.503046994285199 ], [ -122.540624320199996, 38.503039993875497 ], [ -122.540610320431995, 38.5030379940169 ], [ -122.540501320036995, 38.503047993994002 ], [ -122.540349320738997, 38.503062994305502 ], [ -122.540192319805001, 38.5030879941515 ], [ -122.540083320334006, 38.503102994620001 ], [ -122.539943320587, 38.503117994408697 ], [ -122.539828320571999, 38.5031329946586 ], [ -122.539695320579995, 38.5031379938887 ], [ -122.539640320076003, 38.5031189939508 ], [ -122.539572319730993, 38.503116993853801 ], [ -122.539477320383, 38.503048993928203 ], [ -122.539434320474001, 38.503035994635503 ], [ -122.539385320468995, 38.503038994189097 ], [ -122.539300320381997, 38.503053994063499 ], [ -122.539221319925005, 38.503058993941899 ], [ -122.539179319922994, 38.503068994574903 ], [ -122.539100320480003, 38.5030829945119 ], [ -122.539039320480995, 38.503073994231499 ], [ -122.538984319793002, 38.5030649939808 ], [ -122.538918319736993, 38.503059994373601 ], [ -122.538845320042, 38.503050993891499 ], [ -122.538717319979995, 38.503027993900098 ], [ -122.538632319824004, 38.502975994726398 ], [ -122.538595319571002, 38.502932994383201 ], [ -122.538561319972999, 38.502898994207101 ], [ -122.538534320324004, 38.502871994324998 ], [ -122.538485319515004, 38.502790994462401 ], [ -122.538460320441004, 38.5027099939336 ], [ -122.538459319812006, 38.502590994357597 ], [ -122.538477319332003, 38.502513994235898 ], [ -122.538485319865998, 38.502452994054401 ], [ -122.538494320048997, 38.502389993956697 ], [ -122.538254319763993, 38.502273994162003 ], [ -122.537999320279994, 38.502176994688597 ], [ -122.537846319683993, 38.502139994497497 ], [ -122.537761319791002, 38.502180993945302 ], [ -122.537652319781998, 38.502228994315402 ], [ -122.537586319705994, 38.502222994183199 ], [ -122.537100319529998, 38.502105994627399 ], [ -122.536779319998004, 38.502056994011603 ], [ -122.536572319925995, 38.502044994346001 ], [ -122.536420319992999, 38.502096994678098 ], [ -122.536399319530005, 38.502216994600303 ], [ -122.536399319289004, 38.502296994349102 ], [ -122.536349320023007, 38.502331994273398 ], [ -122.536301319621998, 38.502345994806603 ], [ -122.536218319829004, 38.502324994066697 ], [ -122.536160319646996, 38.502314994434002 ], [ -122.536109319792999, 38.502305994502102 ], [ -122.535945319296999, 38.502287994091603 ], [ -122.535811318949996, 38.502216994287998 ], [ -122.535726319939997, 38.502126994688602 ], [ -122.535652319228006, 38.5020699942012 ], [ -122.535543319360997, 38.501993994693798 ], [ -122.535481319897997, 38.501917994397999 ], [ -122.535426319167001, 38.501822994845298 ], [ -122.535377318990996, 38.5017709947886 ], [ -122.535340319846995, 38.501717994424901 ], [ -122.535322319306005, 38.501694994385801 ], [ -122.535346319861006, 38.501617994110099 ], [ -122.535375319568004, 38.501550994296402 ], [ -122.535375318904002, 38.501498994859297 ], [ -122.535393318912995, 38.501425994529598 ], [ -122.535404318971004, 38.501379994680903 ], [ -122.535501319223997, 38.501249994772103 ], [ -122.535579319142997, 38.501192994514902 ], [ -122.535694319822994, 38.501153994557598 ], [ -122.535813318942004, 38.501129994300797 ], [ -122.535929319008005, 38.501081994614204 ], [ -122.536118319836007, 38.501019993931799 ], [ -122.536138319561999, 38.500998994204103 ], [ -122.536178319152995, 38.500989994079703 ], [ -122.536244319223002, 38.500946994044803 ], [ -122.536353319409002, 38.500864993969699 ], [ -122.536407319616004, 38.500788994149403 ], [ -122.536473319761996, 38.5007219938867 ], [ -122.536527318899005, 38.500663994329997 ], [ -122.536576319863002, 38.500610994258402 ], [ -122.536618319575993, 38.5005679942726 ], [ -122.536666319123, 38.500529994414102 ], [ -122.536745319594999, 38.500500994256299 ], [ -122.536793318991997, 38.500466994515001 ], [ -122.536841319187999, 38.500433994553802 ], [ -122.536896319286001, 38.500394994644502 ], [ -122.536938319840004, 38.500351994525303 ], [ -122.536955319170005, 38.500285993848102 ], [ -122.536967319585997, 38.500227993960998 ], [ -122.536991319652003, 38.5001569940449 ], [ -122.536990319053004, 38.5000419938319 ], [ -122.537008318811999, 38.499974993946402 ], [ -122.537032319464004, 38.499955994369898 ], [ -122.537074318953998, 38.4998609938634 ], [ -122.537091319858007, 38.499788994236297 ], [ -122.537115319809999, 38.499736994412203 ], [ -122.537163318867002, 38.4996979945399 ], [ -122.537230319260004, 38.499640994425498 ], [ -122.537260319181996, 38.499592993964399 ], [ -122.537277318885003, 38.499539994448803 ], [ -122.537259319521993, 38.4994929936855 ], [ -122.537228319191996, 38.499435993902303 ], [ -122.537222319042996, 38.499392994470298 ], [ -122.537215319468999, 38.499311994179997 ], [ -122.537257318892998, 38.499277994114301 ], [ -122.537359319084004, 38.499158993729701 ], [ -122.537462319476006, 38.499038994053301 ], [ -122.537504319568001, 38.498981994505101 ], [ -122.537564319666004, 38.498885994327601 ], [ -122.537581319252993, 38.498823993723001 ], [ -122.537587318877002, 38.498761994418501 ], [ -122.537573318805002, 38.498580993794697 ], [ -122.537597319225, 38.4984849938404 ], [ -122.537633318830999, 38.498427994148301 ], [ -122.537646319757002, 38.498401994328901 ], [ -122.537669319217002, 38.498355993582798 ], [ -122.537705318991001, 38.498293993882697 ], [ -122.537771318908995, 38.498207993666703 ], [ -122.537803319806002, 38.498186993819601 ], [ -122.537831318764006, 38.498169994407 ], [ -122.537880318709995, 38.498159994006002 ], [ -122.537934319211999, 38.498187994172199 ], [ -122.537983319358005, 38.4982259939149 ], [ -122.538036319662993, 38.4982339943979 ], [ -122.538145318809001, 38.498244993582702 ], [ -122.538240319571003, 38.498260993945998 ], [ -122.538335319561995, 38.498283993867702 ], [ -122.538393319348998, 38.498305993797103 ], [ -122.538471319459006, 38.498299993939398 ], [ -122.538739319428998, 38.498286994040299 ], [ -122.538858318907998, 38.498304993779001 ], [ -122.538976319968, 38.498371993683698 ], [ -122.539072319954997, 38.498439993497499 ], [ -122.539206319843004, 38.498507993718 ], [ -122.539325320071001, 38.498537993494899 ], [ -122.539404319987, 38.498555993752497 ], [ -122.539711319174003, 38.498517993711701 ], [ -122.539775319656002, 38.4985089941514 ], [ -122.539830319361997, 38.498517993986198 ], [ -122.539933319555004, 38.498540993861603 ], [ -122.540067320057005, 38.498578994123598 ], [ -122.540140319974995, 38.498592993752403 ], [ -122.540206319758994, 38.498601993681199 ], [ -122.540261319389998, 38.498620994196102 ], [ -122.540365319372995, 38.498719993918698 ], [ -122.540414319790003, 38.498767993580898 ], [ -122.540456319491, 38.4988179941151 ], [ -122.540534320099994, 38.4988669936753 ], [ -122.540660319756995, 38.498909993957 ], [ -122.540743320176006, 38.498908993786202 ], [ -122.540793319759004, 38.4989299934443 ], [ -122.540866319604007, 38.498969994200301 ], [ -122.540934320367995, 38.499001993403802 ], [ -122.540974319929006, 38.499014993946801 ], [ -122.541166320223994, 38.499086994031501 ], [ -122.541224320045998, 38.499095994108998 ], [ -122.541318319751994, 38.499127994009903 ], [ -122.541522319837995, 38.499155994218398 ], [ -122.541690320138997, 38.499194993552898 ], [ -122.541814319997997, 38.499205993720999 ], [ -122.541909319878997, 38.499204993465 ], [ -122.542025319895998, 38.499187993857497 ], [ -122.542185320301002, 38.499174993730797 ], [ -122.542367319758, 38.4991459937551 ], [ -122.542534320482005, 38.499116993819896 ], [ -122.542636319764, 38.499098993837698 ], [ -122.542716320181995, 38.4990699938852 ], [ -122.542817319806005, 38.499011993246299 ], [ -122.542853319917995, 38.498977994019 ], [ -122.542991319582001, 38.4988909936569 ], [ -122.543049319690994, 38.498850993671702 ], [ -122.543085320105007, 38.498819993820298 ], [ -122.543198320588004, 38.4987829931829 ], [ -122.543338319756003, 38.498734993670197 ], [ -122.543453319690002, 38.498695993405903 ], [ -122.543574319905005, 38.498638993408498 ], [ -122.543676320122003, 38.49858999365 ], [ -122.543730320120005, 38.498537993242302 ], [ -122.543778320409004, 38.498455993958899 ], [ -122.543808320501, 38.498389993256097 ], [ -122.543850319792995, 38.498350993545202 ], [ -122.543941319699002, 38.4982839933067 ], [ -122.543965320493001, 38.498269993200097 ], [ -122.543983320538004, 38.498230993360899 ], [ -122.544001320494999, 38.498197993329804 ], [ -122.544037320469997, 38.498159993566098 ], [ -122.544055319961004, 38.498111993564102 ], [ -122.544079319979005, 38.498049993178803 ], [ -122.544109320664006, 38.498001993611503 ], [ -122.544199320569007, 38.497924993524201 ], [ -122.544253320741007, 38.497867993777398 ], [ -122.544319320379003, 38.4977669934622 ], [ -122.544343320536001, 38.497661993638303 ], [ -122.544336320710002, 38.497566993479303 ], [ -122.544378319878007, 38.497518993415099 ], [ -122.544432320263994, 38.497446993607298 ], [ -122.544486320608002, 38.497356993448903 ], [ -122.544522320555998, 38.4973039935619 ], [ -122.544546320647996, 38.497255993232201 ], [ -122.544569320047003, 38.497174992954399 ], [ -122.544599319563005, 38.497093992986699 ], [ -122.544647320617997, 38.497021993306703 ], [ -122.544701320358996, 38.496973993521003 ], [ -122.544725319641003, 38.4969409931428 ], [ -122.544727320039996, 38.496928993733803 ], [ -122.544759320579004, 38.496908993624601 ], [ -122.54482432044, 38.496857993263603 ], [ -122.544889320205002, 38.496782993633097 ], [ -122.544896319876003, 38.496748992922598 ], [ -122.544896320343994, 38.496667993245303 ], [ -122.544895319738004, 38.496627993676903 ], [ -122.544899320040997, 38.496605993599999 ], [ -122.544898320388, 38.496572993638701 ], [ -122.544892320355004, 38.496500993495999 ], [ -122.544867319825002, 38.496419993418897 ], [ -122.544863319662994, 38.4963869935983 ], [ -122.544914320648999, 38.496289992828999 ], [ -122.544746319835994, 38.495679993169396 ], [ -122.544502320283001, 38.495297993002403 ], [ -122.544398320317995, 38.495176992797802 ], [ -122.544372319705005, 38.4951589932137 ], [ -122.544311319892998, 38.4951259929015 ], [ -122.544250320320998, 38.495097993442798 ], [ -122.544189319615995, 38.495069993078403 ], [ -122.544068320161003, 38.495022992940697 ], [ -122.543988319516004, 38.494974993522099 ], [ -122.543915319711999, 38.494922993317601 ], [ -122.543860319643997, 38.494880993322901 ], [ -122.543775319318001, 38.494828993469497 ], [ -122.543708320030007, 38.494785993087298 ], [ -122.543653319588998, 38.494757993155403 ], [ -122.543629319801994, 38.494738992918499 ], [ -122.543574319143005, 38.494728993269398 ], [ -122.543519319430999, 38.494719993392998 ], [ -122.543471320167995, 38.494691992830603 ], [ -122.543451319715999, 38.494673992863902 ], [ -122.543422319385002, 38.494648993553803 ], [ -122.543391319826, 38.494596993517 ], [ -122.543354319124006, 38.494529993724498 ], [ -122.543317319972004, 38.494482992935197 ], [ -122.543244319657006, 38.494410993317402 ], [ -122.543201319860998, 38.494368993576003 ], [ -122.543079319043997, 38.494244993431799 ], [ -122.543000319718999, 38.494192992873202 ], [ -122.542969319597006, 38.494145993640203 ], [ -122.54292531902, 38.494102993436698 ], [ -122.542865319857, 38.494079992962902 ], [ -122.542811319498, 38.494050993423897 ], [ -122.542768320044999, 38.493998993563899 ], [ -122.542701319497993, 38.493946993432701 ], [ -122.542658319308003, 38.493898993720798 ], [ -122.542554319790995, 38.4938089935821 ], [ -122.542389319655996, 38.493699993183903 ], [ -122.542274319555005, 38.493633992890402 ], [ -122.542127319876002, 38.493481993324302 ], [ -122.542084318953997, 38.493439993241701 ], [ -122.542011319718995, 38.493377992884902 ], [ -122.541925319791005, 38.493301992922902 ], [ -122.541791319004005, 38.493192993567803 ], [ -122.541760319686006, 38.4930979929484 ], [ -122.541747319582001, 38.493011993065501 ], [ -122.541723319360003, 38.4929599931437 ], [ -122.541673318972002, 38.492859993189299 ], [ -122.541655318647003, 38.492821993284799 ], [ -122.541643319298004, 38.492792993402198 ], [ -122.541636319258004, 38.492754993599398 ], [ -122.541624319687998, 38.492726993536699 ], [ -122.541575318949995, 38.4926889935589 ], [ -122.541459318747997, 38.492588993714499 ], [ -122.541306318514003, 38.492422993238897 ], [ -122.541129319432002, 38.4922049934423 ], [ -122.541055318735005, 38.492099993615298 ], [ -122.541012319477005, 38.492018993129001 ], [ -122.540981319446004, 38.491918993297297 ], [ -122.540950319342997, 38.491847993528403 ], [ -122.540895318916, 38.4917719931561 ], [ -122.540888319462994, 38.491676993002301 ], [ -122.540881318985996, 38.491590993015699 ], [ -122.540899318854002, 38.4915479935257 ], [ -122.540862318357995, 38.491504993168498 ], [ -122.540801318693994, 38.491433992796402 ], [ -122.540771319089004, 38.491390992920699 ], [ -122.540740319258006, 38.491357993312597 ], [ -122.540734318763995, 38.491319993179999 ], [ -122.540715319358995, 38.491257993374496 ], [ -122.540690319354994, 38.491181993517301 ], [ -122.540677318408996, 38.491114992802899 ], [ -122.540659319322998, 38.491033993476002 ], [ -122.540609318807995, 38.490824993459299 ], [ -122.540602319043998, 38.490695993287098 ], [ -122.540588318545005, 38.490571993476898 ], [ -122.540544318212994, 38.490361993587399 ], [ -122.540488319209999, 38.490133993489302 ], [ -122.540463318258006, 38.489985993413299 ], [ -122.540425318288001, 38.489861992895698 ], [ -122.540389318921996, 38.489800992720198 ], [ -122.540358318187003, 38.489719992917401 ], [ -122.540312318695996, 38.489642993353499 ], [ -122.540336318130002, 38.489465993457301 ], [ -122.540374318291995, 38.4892579931591 ], [ -122.540429318169998, 38.4891519930881 ], [ -122.540427318466001, 38.489117992775199 ], [ -122.540432318585005, 38.489086993354199 ], [ -122.540432317970001, 38.489070992721103 ], [ -122.540443318610002, 38.488956993263301 ], [ -122.540405318260994, 38.4888229928304 ], [ -122.540380318911005, 38.488670992592397 ], [ -122.540362318009997, 38.488641992711003 ], [ -122.540276318050999, 38.488489993239497 ], [ -122.540184318510001, 38.4883949931139 ], [ -122.540068318002994, 38.488338993070499 ], [ -122.539928318045, 38.4882529931634 ], [ -122.539818318797003, 38.488172992776697 ], [ -122.539708318126003, 38.488072993326199 ], [ -122.539610318197006, 38.4879739926618 ], [ -122.539287318308993, 38.487659993068597 ], [ -122.539067318451004, 38.4874279927906 ], [ -122.538932317754004, 38.487313992824497 ], [ -122.538707318570005, 38.487157992823199 ], [ -122.538536318181997, 38.487081993287198 ], [ -122.538409317749, 38.487039993261099 ], [ -122.538342317423997, 38.487020992951102 ], [ -122.538220317531994, 38.486949993045798 ], [ -122.538104318129001, 38.486874992917798 ], [ -122.538049318380999, 38.486807993376402 ], [ -122.538000317804006, 38.486736992840399 ], [ -122.537975317629005, 38.486688992780103 ], [ -122.537938317845004, 38.486641993283001 ], [ -122.537916317606999, 38.486606992633597 ], [ -122.537933318347996, 38.486517993453901 ], [ -122.537969318332998, 38.486425992962197 ], [ -122.537968317649003, 38.486334993075999 ], [ -122.537967317289002, 38.486254992940196 ], [ -122.537933317322995, 38.4861489927546 ], [ -122.537935318140995, 38.485951992783697 ], [ -122.537963318327996, 38.4858979929366 ], [ -122.537960317769006, 38.485854992809799 ], [ -122.537950317414001, 38.485842993436002 ], [ -122.537935317896995, 38.485802992593499 ], [ -122.537942317393004, 38.485756992837601 ], [ -122.537963317364998, 38.4857229930968 ], [ -122.537998317249006, 38.485706993159503 ], [ -122.538022317892001, 38.485682993366801 ], [ -122.538022317198994, 38.485477992805301 ], [ -122.538015317515004, 38.485463992928203 ], [ -122.537954317672003, 38.485420993358801 ], [ -122.537844317144007, 38.485387992534797 ], [ -122.537783317451002, 38.485340992724403 ], [ -122.537759317961005, 38.485316993276797 ], [ -122.537679317872005, 38.485269992582502 ], [ -122.537637317698, 38.485222992666102 ], [ -122.537587317751004, 38.485126993341801 ], [ -122.537538317694995, 38.485003993345998 ], [ -122.537513317803999, 38.484965993156301 ], [ -122.537410318092, 38.484913992582896 ], [ -122.537343317161003, 38.484880992593602 ], [ -122.537264317726994, 38.484861993329098 ], [ -122.537220316985, 38.484841993329297 ], [ -122.537215318017005, 38.484794992680499 ], [ -122.537190317069005, 38.484694993207498 ], [ -122.537183317439997, 38.484575993058797 ], [ -122.537171317266001, 38.484528992615701 ], [ -122.537116317946996, 38.4844809927828 ], [ -122.537042317803994, 38.484438992677298 ], [ -122.536975317944993, 38.4843579933288 ], [ -122.536956317508, 38.484257993028201 ], [ -122.536907317300006, 38.484167992977703 ], [ -122.536846317553994, 38.484114992959803 ], [ -122.536748317274004, 38.484039992969201 ], [ -122.536699317895, 38.4839829929697 ], [ -122.536650317394006, 38.483929993129301 ], [ -122.536614317076996, 38.483853993045102 ], [ -122.536582317611007, 38.483744992585002 ], [ -122.536539317017002, 38.4836209926005 ], [ -122.536514317739005, 38.483515993036299 ], [ -122.536495316979, 38.483434992754198 ], [ -122.536458317460998, 38.483334992883698 ], [ -122.536451316791002, 38.483253992871902 ], [ -122.536439317748005, 38.483163993193898 ], [ -122.536431317178995, 38.482991992467497 ], [ -122.536430316592003, 38.482872992500603 ], [ -122.536430317481006, 38.482786993258998 ], [ -122.536405316678, 38.482710992807803 ], [ -122.536337316765994, 38.482629992557698 ], [ -122.536210316641998, 38.482559992974899 ], [ -122.536177316809002, 38.482541992817403 ], [ -122.536155317498, 38.482506992798399 ], [ -122.536093317538999, 38.482445992433398 ], [ -122.536033317055001, 38.482412992562999 ], [ -122.535935317088004, 38.482383993285602 ], [ -122.535820316872005, 38.482341992896202 ], [ -122.535692317433998, 38.4822949932447 ], [ -122.535449316384003, 38.482233992913201 ], [ -122.535291317171996, 38.482181992847501 ], [ -122.535230317409997, 38.4821449926946 ], [ -122.535187316930006, 38.482087993272899 ], [ -122.535083317338007, 38.482006992965204 ], [ -122.534955316514001, 38.481892992552197 ], [ -122.534864316289998, 38.481835993134702 ], [ -122.534736317164999, 38.481760993253701 ], [ -122.534681317077997, 38.481722993254401 ], [ -122.534516317192001, 38.481580992963302 ], [ -122.534406316795994, 38.481489992875098 ], [ -122.534346316154, 38.481475993140897 ], [ -122.534242316779995, 38.481447992997197 ], [ -122.534148316260001, 38.481439992747902 ], [ -122.533846316205, 38.481355992631897 ], [ -122.533769316445998, 38.481354992705697 ], [ -122.533689316210996, 38.481321993220803 ], [ -122.533659316802996, 38.481278992732101 ], [ -122.533591316094999, 38.4811559926653 ], [ -122.533572316664007, 38.481088992978499 ], [ -122.533538316214006, 38.481002992590703 ], [ -122.533529316371002, 38.480979992895897 ], [ -122.533528316607999, 38.480888993163397 ], [ -122.533510316494002, 38.480850993177597 ], [ -122.533510316885994, 38.480802993200399 ], [ -122.533509316590994, 38.480726993360001 ], [ -122.533501316126006, 38.480688992647501 ], [ -122.533234315906, 38.480413992985902 ], [ -122.533161316947997, 38.480389993303099 ], [ -122.533045316686994, 38.480328993319098 ], [ -122.532978315917006, 38.480276992843898 ], [ -122.532868316282006, 38.4801719931815 ], [ -122.532825316461, 38.4801149929894 ], [ -122.532758316688003, 38.4800579933233 ], [ -122.532673316322999, 38.4800019924892 ], [ -122.532588316727995, 38.4799539927739 ], [ -122.532539316292002, 38.479906992992703 ], [ -122.532410315747995, 38.479787993072101 ], [ -122.532355316540006, 38.479706992979501 ], [ -122.532294316575999, 38.479673992485701 ], [ -122.53224531651, 38.479626992587797 ], [ -122.532172315802995, 38.479540993274298 ], [ -122.532081316331997, 38.479479992632697 ], [ -122.532026315910002, 38.479441993313202 ], [ -122.531977315836002, 38.479398992560398 ], [ -122.531891315612, 38.479289993361 ], [ -122.531830315687998, 38.479204992570303 ], [ -122.531805316421, 38.479137993210799 ], [ -122.531762315482993, 38.4790189927214 ], [ -122.531725315905007, 38.478951992630201 ], [ -122.531633316479997, 38.478837992938701 ], [ -122.531578315938006, 38.478795993293602 ], [ -122.531481316500006, 38.478714992948099 ], [ -122.531383315924998, 38.478643992699197 ], [ -122.531297315581995, 38.478539993085903 ], [ -122.531248316025994, 38.478439992941503 ], [ -122.531235316242004, 38.478324992559997 ], [ -122.531241316033004, 38.4782629929867 ], [ -122.531246315863996, 38.478200992748299 ], [ -122.531247315982, 38.478178993074501 ], [ -122.531073315469001, 38.477788992582703 ], [ -122.530875315903998, 38.477254993267202 ], [ -122.530988315800997, 38.477037992761602 ], [ -122.530982315499998, 38.476957993135997 ], [ -122.530987315076999, 38.476829992845403 ], [ -122.531029315544998, 38.476714993118897 ], [ -122.531047315856995, 38.476666992599803 ], [ -122.531101315113006, 38.476618992656697 ], [ -122.531155315370995, 38.476561992574197 ], [ -122.531215315587005, 38.476484993045602 ], [ -122.531245316148997, 38.476441992313397 ], [ -122.531263315139, 38.476393992687903 ], [ -122.531227316013002, 38.476360993020997 ], [ -122.531153315829002, 38.476260992517403 ], [ -122.531134315532995, 38.476180992365897 ], [ -122.531134315217002, 38.476089992535201 ], [ -122.531133315613005, 38.476027992824299 ], [ -122.531133315554996, 38.4759699930297 ], [ -122.531008315462998, 38.475750992821702 ], [ -122.530860315373999, 38.475491992865699 ], [ -122.530845315348003, 38.475465992297998 ], [ -122.530838314947999, 38.475456992945503 ], [ -122.530765315807002, 38.475390992738397 ], [ -122.530679315892002, 38.4752859930272 ], [ -122.530618315731999, 38.475243992621202 ], [ -122.530592315204004, 38.475234993147502 ], [ -122.530575315554998, 38.475229992613897 ], [ -122.530545315843995, 38.475219992426197 ], [ -122.530496314887003, 38.475167992912702 ], [ -122.530507315226004, 38.475067992280998 ], [ -122.530507315639994, 38.475024992345801 ], [ -122.530501315221002, 38.474991992808597 ], [ -122.530488314821, 38.474957992372097 ], [ -122.530458315681003, 38.4749199929771 ], [ -122.530409314900993, 38.474891992469701 ], [ -122.530348315569, 38.4748729929495 ], [ -122.530263315604998, 38.474853992592898 ], [ -122.530142314784996, 38.474797993020402 ], [ -122.530135315037001, 38.474763992973799 ], [ -122.530128315069007, 38.474635992815799 ], [ -122.530134315455996, 38.474573992441101 ], [ -122.530127315409004, 38.474463992464202 ], [ -122.530090315067994, 38.4743879928373 ], [ -122.530017314720993, 38.474302992269799 ], [ -122.529955315549003, 38.474211992996501 ], [ -122.529894314860002, 38.474159992376102 ], [ -122.529864315450993, 38.474135992892002 ], [ -122.529814315215006, 38.474026992504101 ], [ -122.529808314982006, 38.473935992290897 ], [ -122.529789315431003, 38.473873993060998 ], [ -122.529752315497007, 38.473745992451697 ], [ -122.529727315176999, 38.4736939926727 ], [ -122.529689315463997, 38.473478992653902 ], [ -122.529663314763994, 38.473288992406701 ], [ -122.529651315414, 38.473183992596603 ], [ -122.529642314943004, 38.4731679922699 ], [ -122.529647314746001, 38.473157992162697 ], [ -122.529639314646005, 38.473134992939201 ], [ -122.530036315288996, 38.472577992592598 ], [ -122.529987315444998, 38.4724549929592 ], [ -122.530026315048005, 38.4723379929355 ], [ -122.530026314655004, 38.472285992961503 ], [ -122.530007314840006, 38.472180992097996 ], [ -122.529982314714999, 38.472099992522701 ], [ -122.529890315222005, 38.471961992866603 ], [ -122.529743314873997, 38.471781992863697 ], [ -122.529688315193994, 38.471648992803601 ], [ -122.529651314885996, 38.471562992330199 ], [ -122.529644314278002, 38.471549992794102 ], [ -122.529792315020998, 38.470937992714497 ], [ -122.529705314463996, 38.469869992383202 ], [ -122.529716314340007, 38.469803992634098 ], [ -122.529716314357998, 38.469698992019403 ], [ -122.529685314960005, 38.469650991966397 ], [ -122.529638314845997, 38.469597991972599 ], [ -122.529644314674002, 38.4695519922305 ], [ -122.529839313764995, 38.466188992361197 ], [ -122.539994315363998, 38.466035991381503 ], [ -122.545021316168004, 38.466246991022999 ], [ -122.551103316831004, 38.466502990596901 ], [ -122.552734317461997, 38.466574990323899 ], [ -122.557154317846994, 38.466861989827997 ], [ -122.561214318812006, 38.467589990105203 ], [ -122.561454318163996, 38.465144989236002 ], [ -122.561456319238005, 38.4651219897479 ], [ -122.561767317971004, 38.462773989557803 ], [ -122.564706319126998, 38.463023988861302 ], [ -122.566149319158001, 38.463114988845199 ], [ -122.566862319753, 38.463167989172 ], [ -122.571710320107996, 38.4635279883205 ], [ -122.574723320060002, 38.463733988140604 ], [ -122.574700320741997, 38.463312988441999 ], [ -122.574645319717007, 38.457380988218503 ], [ -122.574639319171993, 38.456768988218897 ], [ -122.574752320163995, 38.456774987616299 ], [ -122.574932320138004, 38.456739988175002 ], [ -122.574995319639996, 38.456732987457599 ], [ -122.575082320247006, 38.456705987504499 ], [ -122.575156319548, 38.456662987469599 ], [ -122.575213320296001, 38.456604987757899 ], [ -122.575239319961995, 38.456560988081797 ], [ -122.575259320154004, 38.456488988084402 ], [ -122.575248320168001, 38.456418987601197 ], [ -122.575249319885998, 38.456392988102699 ], [ -122.575255319725002, 38.456317988133897 ], [ -122.575274319406006, 38.456252987486202 ], [ -122.575321319980006, 38.456158987690401 ], [ -122.575381320123, 38.456094988073097 ], [ -122.575425319201997, 38.456031988080902 ], [ -122.575476319676994, 38.455929988141797 ], [ -122.575505319469997, 38.455820987534501 ], [ -122.575502319633998, 38.455759987786102 ], [ -122.575477320057004, 38.455684987734799 ], [ -122.575428319306994, 38.455616987515398 ], [ -122.575316319598002, 38.455521988057498 ], [ -122.575231319284995, 38.455441987451799 ], [ -122.575215319652997, 38.455358987856499 ], [ -122.575202319189998, 38.455113987891202 ], [ -122.575210319316994, 38.454922987928697 ], [ -122.575157319137006, 38.454841987889601 ], [ -122.575132320015996, 38.454818987364803 ], [ -122.575122320068999, 38.454801987492701 ], [ -122.575151319701007, 38.4546759873772 ], [ -122.575156319716996, 38.454557987727398 ], [ -122.575137318908006, 38.454441987861301 ], [ -122.575128319062003, 38.454426987922197 ], [ -122.575095319935997, 38.454367987959202 ], [ -122.575005319561001, 38.454244987264502 ], [ -122.574933319270997, 38.454168987825398 ], [ -122.574794319724006, 38.454055987723898 ], [ -122.574613319671002, 38.453926987735997 ], [ -122.574493319143997, 38.453861987901803 ], [ -122.574360319782997, 38.453804987963501 ], [ -122.574217318712002, 38.453758987400697 ], [ -122.574068319386996, 38.4537259878539 ], [ -122.574045318927006, 38.453724987363501 ], [ -122.573972318849997, 38.4537089878826 ], [ -122.573910318925002, 38.453674987778498 ], [ -122.573878319421993, 38.453643987244099 ], [ -122.573846318619005, 38.453588987490797 ], [ -122.573898319014006, 38.453531987602403 ], [ -122.574758318901999, 38.453618987902097 ], [ -122.577382319178, 38.453618987361402 ], [ -122.579327320009995, 38.453521986941197 ], [ -122.580307319894999, 38.453472987296699 ], [ -122.580382319582995, 38.453469986903897 ], [ -122.580541320612994, 38.453461986751698 ], [ -122.582225320454995, 38.453466987177698 ], [ -122.583557320335998, 38.453470987375397 ], [ -122.583973320640993, 38.4534689869717 ], [ -122.584155320001997, 38.452299986976101 ], [ -122.583860321057003, 38.452192986867303 ], [ -122.579780319411995, 38.4505689873614 ], [ -122.579550319657002, 38.450469986798304 ], [ -122.579635319809, 38.450337986569899 ], [ -122.581686319564, 38.4471789866449 ], [ -122.583368319936994, 38.444678986522803 ], [ -122.583893318985005, 38.443806985878503 ], [ -122.584243319053002, 38.443223986496903 ], [ -122.584742319146997, 38.442452985969297 ], [ -122.585033319887998, 38.442016985591501 ], [ -122.586140319422, 38.440424985638302 ], [ -122.586785319041994, 38.439441985962198 ], [ -122.587000319211, 38.439183985879602 ], [ -122.587157319241001, 38.439142985569603 ], [ -122.587334319622997, 38.4391939857381 ], [ -122.587572319971997, 38.439195985249498 ], [ -122.587769319469999, 38.4388229858139 ], [ -122.590147319192994, 38.4342559847546 ], [ -122.591983319142003, 38.431631984853603 ], [ -122.592219318858994, 38.431330984959203 ], [ -122.592657319132996, 38.430731984593201 ], [ -122.592948318872999, 38.430305984796 ], [ -122.593976319508002, 38.428869984022903 ], [ -122.594720319537998, 38.427907983882697 ], [ -122.596402318528007, 38.425385984187002 ], [ -122.597028319288995, 38.424661983228702 ], [ -122.596899318924997, 38.424422983870699 ], [ -122.596927318797, 38.4243079832682 ], [ -122.597085318946995, 38.423947983770603 ], [ -122.597204319574999, 38.423770983931902 ], [ -122.597276319116006, 38.423587983852002 ], [ -122.597294318601001, 38.4234519832277 ], [ -122.597296319343997, 38.423431983422397 ], [ -122.597367319243006, 38.423326983514798 ], [ -122.597404319023994, 38.423249983167302 ], [ -122.597431319381997, 38.423169983222799 ], [ -122.597542319091005, 38.423066983298902 ], [ -122.597596319413, 38.423052983127299 ], [ -122.597661319135, 38.423036983498903 ], [ -122.597760319016999, 38.423026983408299 ], [ -122.597756319164006, 38.422930983211799 ], [ -122.597772319117993, 38.422785983024198 ], [ -122.597796319235002, 38.422690983606003 ], [ -122.597822318821002, 38.422617983124901 ], [ -122.597890319344003, 38.422472983495197 ], [ -122.597915319297002, 38.422359983798998 ], [ -122.597914318912004, 38.4222459835633 ], [ -122.598367318448993, 38.4221169833652 ], [ -122.598598318499, 38.421766983158903 ], [ -122.599361319405006, 38.421606982909303 ], [ -122.599570318706995, 38.421233983027498 ], [ -122.599901318948, 38.421344982917198 ], [ -122.600646319348002, 38.420348982856403 ], [ -122.604780319455998, 38.414799982393497 ], [ -122.604734318972007, 38.414727981871103 ], [ -122.608627319519996, 38.4097049812504 ], [ -122.608631318443003, 38.409557981553597 ], [ -122.610529318464003, 38.4070799809204 ], [ -122.611031319334003, 38.407293981587799 ], [ -122.616087320581002, 38.409629981193 ], [ -122.618697320091002, 38.410849980854699 ], [ -122.620300320683995, 38.411469980780097 ], [ -122.622619321433007, 38.412426980935997 ], [ -122.624148321904997, 38.413174980241401 ], [ -122.624691322016005, 38.413417980853097 ], [ -122.625271322348993, 38.414075980423497 ], [ -122.625458322184997, 38.414226980742598 ], [ -122.625498321810994, 38.414284980647501 ], [ -122.626108322584997, 38.414916980694102 ], [ -122.626622322434002, 38.415568981019597 ], [ -122.627438322794006, 38.416602980437702 ], [ -122.629156323302993, 38.4185119808526 ], [ -122.629974322788996, 38.419430980940298 ], [ -122.630622323129003, 38.420216980828499 ], [ -122.630989323604993, 38.420661980669301 ], [ -122.633350323808997, 38.4232799809893 ], [ -122.634132324115996, 38.424199980796303 ], [ -122.635010325, 38.425186980748897 ], [ -122.635584325061004, 38.425758980690901 ], [ -122.635934324540003, 38.4256839810974 ], [ -122.636352325193997, 38.425608980812299 ], [ -122.636889325076993, 38.425605980809998 ], [ -122.637133324849998, 38.425617980495097 ], [ -122.637554325539995, 38.425729980790699 ], [ -122.637831325079006, 38.425810980596601 ], [ -122.637978325693993, 38.425931980940902 ], [ -122.638062324938005, 38.426098980980797 ], [ -122.638219325807, 38.426179980928602 ], [ -122.638396325046003, 38.426301980804404 ], [ -122.638506325159995, 38.426361980652104 ], [ -122.638585325885003, 38.426504981057597 ], [ -122.638624325657005, 38.426732980334599 ], [ -122.638651325056998, 38.426948980896299 ], [ -122.638618325314994, 38.427275980752597 ], [ -122.638610325835998, 38.427524980524701 ], [ -122.638590325116994, 38.427647980893902 ], [ -122.638549325621995, 38.427696980619899 ], [ -122.638540325701996, 38.4278239803809 ], [ -122.638510326079995, 38.427933980765701 ], [ -122.638536325483997, 38.428011980447003 ], [ -122.638610325925995, 38.428108980810599 ], [ -122.638662326208006, 38.428129981106302 ], [ -122.638693325188996, 38.428153980518601 ], [ -122.638668326222998, 38.428178980472801 ], [ -122.638668325802001, 38.428214980755399 ], [ -122.638720325559007, 38.428243980600897 ], [ -122.638772326045995, 38.428263981015398 ], [ -122.638902325885994, 38.428270981081504 ], [ -122.638944325995993, 38.428299980528401 ], [ -122.638986325383996, 38.428339980837102 ], [ -122.639116326210996, 38.428367980742699 ], [ -122.639173325873998, 38.428350980584497 ], [ -122.639225325883999, 38.4283469803323 ], [ -122.639293325696997, 38.428415981062201 ], [ -122.640458325900994, 38.429282981017401 ], [ -122.642431326874998, 38.432491980557998 ], [ -122.643366327386005, 38.433354980461303 ], [ -122.643894326652998, 38.433780980383602 ], [ -122.643644326919997, 38.434885981320598 ], [ -122.643981326906996, 38.435256981027301 ], [ -122.643904326908, 38.435986981442099 ], [ -122.644883327233998, 38.437310980768402 ], [ -122.646216328337005, 38.439084981140702 ], [ -122.646393327948005, 38.439319980888001 ], [ -122.647669328142996, 38.4390979806711 ], [ -122.647665328545997, 38.439360981375401 ], [ -122.648044328146995, 38.439697980564702 ], [ -122.648223328816002, 38.4398999807321 ], [ -122.648279328583001, 38.439937981265601 ], [ -122.648515328643995, 38.440194981184 ], [ -122.648619328753995, 38.440310980706499 ], [ -122.648759328392003, 38.440472981041999 ], [ -122.649409329288005, 38.441250981160302 ], [ -122.649553328384002, 38.441401981178899 ], [ -122.649705328601996, 38.441460980701002 ], [ -122.649750329029999, 38.441479980948898 ], [ -122.649799328990994, 38.441489981341 ], [ -122.649793328764005, 38.441707981335199 ], [ -122.649741328909997, 38.4418209809144 ], [ -122.649866329267994, 38.441846980891803 ], [ -122.650003329487006, 38.442011981336499 ], [ -122.650277329408993, 38.442055981226403 ], [ -122.650638328851997, 38.442125980649699 ], [ -122.650940328692002, 38.442245980859802 ], [ -122.651061329284005, 38.442326981095 ], [ -122.651169328972998, 38.442421980668101 ], [ -122.651260329501, 38.4425269806747 ], [ -122.651298328921001, 38.442582981299402 ], [ -122.651359329287999, 38.442700981205498 ], [ -122.651394329414998, 38.442806981051703 ], [ -122.652187329716995, 38.442500980876297 ], [ -122.653557329088002, 38.442033980892397 ], [ -122.653902330117006, 38.441918980809497 ], [ -122.655177329235002, 38.441467980193202 ], [ -122.655771330288005, 38.441260980448099 ], [ -122.656630329899997, 38.440957980046697 ], [ -122.657257329968004, 38.440740980706302 ], [ -122.657895329523001, 38.440472980060598 ], [ -122.659283329952999, 38.440041980090001 ], [ -122.659659330394007, 38.439896979733703 ], [ -122.659770330433005, 38.439853979872701 ], [ -122.660363329982005, 38.4396569802093 ], [ -122.662641330743, 38.438806979900797 ], [ -122.664013330546993, 38.438314979752498 ], [ -122.664745330284006, 38.438014979943397 ], [ -122.665207330488002, 38.437896979124403 ], [ -122.666998330818004, 38.437258979343099 ], [ -122.666990331294997, 38.436872979087603 ], [ -122.666986330594995, 38.436279979032101 ], [ -122.666968331310997, 38.435083979046603 ], [ -122.666918330526997, 38.434214978730303 ], [ -122.666965330937998, 38.4332659788328 ], [ -122.666972330419995, 38.4328949793397 ], [ -122.666941330144994, 38.432353978782402 ], [ -122.666931330332005, 38.431763978839101 ], [ -122.667257330346004, 38.431914979094998 ], [ -122.667920330756004, 38.432180979279899 ], [ -122.668001330791, 38.432216978846 ], [ -122.668318330966997, 38.432354979111402 ], [ -122.668923330642997, 38.432675978891901 ], [ -122.669059330619007, 38.432583979239197 ], [ -122.669474330897998, 38.432358978638298 ], [ -122.669857330778996, 38.432115979062097 ], [ -122.670177330770997, 38.4321279784673 ], [ -122.670841330908004, 38.432705979090997 ], [ -122.671467331071, 38.432485978677498 ], [ -122.671827331242994, 38.432943978864401 ], [ -122.672099330720002, 38.433275978278097 ], [ -122.673969331270996, 38.433203978764901 ], [ -122.674190331139997, 38.433632978344001 ], [ -122.674201331719999, 38.433702978676898 ], [ -122.674292331377998, 38.433843978571602 ], [ -122.674763331652002, 38.434032978707002 ], [ -122.675047331485004, 38.434155978216602 ], [ -122.675345331450998, 38.434283978642299 ], [ -122.67552833197, 38.434224978840803 ], [ -122.675922331514997, 38.4341869786413 ], [ -122.676124331783996, 38.434094978100099 ], [ -122.676452331557002, 38.434136978183403 ], [ -122.676741331982001, 38.434173978064798 ], [ -122.677196331624003, 38.434067978466103 ], [ -122.677414331980998, 38.434097978537601 ], [ -122.677516332574996, 38.434112978724698 ], [ -122.677524332394, 38.434187977948497 ], [ -122.677574331722994, 38.434560978700397 ], [ -122.677868332615006, 38.434704978185103 ], [ -122.678913332313996, 38.434859978449403 ], [ -122.679440332225994, 38.435065978489199 ], [ -122.680241332166005, 38.435200977955901 ], [ -122.680743332510005, 38.435602978433302 ], [ -122.681203333458001, 38.435664978248099 ], [ -122.681610332616998, 38.435893978514102 ], [ -122.681636333314998, 38.436307977950101 ], [ -122.681814332979002, 38.4364499785909 ], [ -122.68189833305, 38.436504977933197 ], [ -122.682387333476996, 38.436565977945101 ], [ -122.682479333111004, 38.436645978201703 ], [ -122.682513333181006, 38.436675978463498 ], [ -122.682548333826006, 38.4368509784317 ], [ -122.682523332909994, 38.436927978046697 ], [ -122.682641333454995, 38.437442978038497 ], [ -122.682512333833003, 38.437479978534697 ], [ -122.682497333152995, 38.437481978218599 ], [ -122.682360333380004, 38.437509978414198 ], [ -122.682230333179007, 38.437533978501598 ], [ -122.682199332742002, 38.4375409779135 ], [ -122.682065333715002, 38.437562977783898 ], [ -122.681847333077002, 38.437574978496201 ], [ -122.681705333148997, 38.437574977992902 ], [ -122.681740333752998, 38.437663977848501 ], [ -122.681280332918007, 38.437844978557798 ], [ -122.680761333676003, 38.441992978701599 ], [ -122.681108334046996, 38.441888978212297 ], [ -122.681332333694996, 38.441850978667297 ], [ -122.681541333862995, 38.441853978581797 ], [ -122.681926333998007, 38.441861978575098 ], [ -122.682345333379999, 38.4417679789263 ], [ -122.683239334090999, 38.441344977992799 ], [ -122.683637333896996, 38.441234978058603 ], [ -122.683707333439003, 38.441179978138997 ], [ -122.684339334262006, 38.441179977956097 ], [ -122.684776333722994, 38.4411809785217 ], [ -122.685299334738005, 38.441326977817504 ], [ -122.685294334383997, 38.441408978420696 ], [ -122.685409334433999, 38.441444978097103 ], [ -122.685696334775997, 38.441468978553601 ], [ -122.686115333960998, 38.441422978243203 ], [ -122.686404333870001, 38.4415409777896 ], [ -122.686553334267998, 38.441479978620997 ], [ -122.686573334811001, 38.441357978105103 ], [ -122.686716334874006, 38.4413199781483 ], [ -122.687021334879006, 38.4411579777355 ], [ -122.687160334175999, 38.441125977991803 ], [ -122.687193334645002, 38.441313978157297 ], [ -122.687204334252996, 38.441376977874597 ], [ -122.687208334587993, 38.441410978298798 ], [ -122.687223334020004, 38.441512978598901 ], [ -122.687229335037003, 38.441547978485403 ], [ -122.687234334272006, 38.441584977846503 ], [ -122.687250335005004, 38.441695977926997 ], [ -122.687256334357997, 38.441733978299098 ], [ -122.687323335008998, 38.4421499782894 ], [ -122.687382334979006, 38.442512977876703 ], [ -122.687478335243, 38.443025978117099 ], [ -122.687540334692002, 38.443397978062102 ], [ -122.687564335408993, 38.443535977994202 ], [ -122.687606334362002, 38.443815978446402 ], [ -122.687627335084002, 38.443954978347399 ], [ -122.687690335469, 38.444373978698898 ], [ -122.687712335468007, 38.4445139787329 ], [ -122.687733334827996, 38.444651977921801 ], [ -122.687797335316006, 38.445067978103999 ], [ -122.687819335141995, 38.445206978298501 ], [ -122.687843334584002, 38.445336978571 ], [ -122.687917335365995, 38.445729978504197 ], [ -122.687942335246007, 38.4458609779767 ], [ -122.687960335664002, 38.445996978475101 ], [ -122.688016335797002, 38.446405978575797 ], [ -122.688035335443999, 38.446542978308599 ], [ -122.688098335749999, 38.446924978872303 ], [ -122.688114334911006, 38.447073978754403 ], [ -122.688169335048997, 38.447566978697097 ], [ -122.688240335325006, 38.448025978864599 ], [ -122.688287335436996, 38.448368978482002 ], [ -122.688319335928995, 38.448673979015197 ], [ -122.688336335464001, 38.448822978281399 ], [ -122.688397336063005, 38.449205978253097 ], [ -122.688506335165002, 38.449162978382702 ], [ -122.689272335696998, 38.449085978845602 ], [ -122.689498335880003, 38.449063978817499 ], [ -122.689695335837001, 38.449115978251498 ], [ -122.690022336217993, 38.449201978774298 ], [ -122.690354335563001, 38.4492439780838 ], [ -122.690580335598995, 38.449272978375703 ], [ -122.691663336504007, 38.449695978341197 ], [ -122.691827336011997, 38.449738978036898 ], [ -122.692138336061006, 38.449821978758898 ], [ -122.692704336538, 38.449835978005297 ], [ -122.692672336710004, 38.4499079782995 ], [ -122.692577336566998, 38.450125978170497 ], [ -122.692546336741003, 38.450198978504098 ], [ -122.692465336992996, 38.450398978643001 ], [ -122.692448335912999, 38.450416978516202 ], [ -122.691959336221004, 38.450945978318799 ], [ -122.691796336389999, 38.451122978890297 ], [ -122.691313336388006, 38.4516369786365 ], [ -122.690347336182001, 38.452666978945501 ], [ -122.689867335909, 38.453180978741997 ], [ -122.689420336292002, 38.453659979126101 ], [ -122.68941733666, 38.453690979186199 ], [ -122.689423336258997, 38.453708978929903 ], [ -122.689353335899, 38.453763978532301 ], [ -122.689360336313996, 38.454192978957401 ], [ -122.689123336440005, 38.454474978587598 ], [ -122.688473336759003, 38.454663979442799 ], [ -122.688910336684998, 38.454966978883398 ], [ -122.690107336553993, 38.4557599791857 ], [ -122.690884336560998, 38.456273979339201 ], [ -122.691420336636995, 38.456745978857903 ], [ -122.691342336665997, 38.457247978768997 ], [ -122.691413337626997, 38.457263978631303 ], [ -122.691497337146998, 38.4573019791927 ], [ -122.691671336829003, 38.457449979075498 ], [ -122.691371337635005, 38.458122978817102 ], [ -122.691784337230004, 38.458332979455101 ], [ -122.692154337500995, 38.458397979317603 ], [ -122.692974337161999, 38.458507979267502 ], [ -122.693187337438005, 38.458596979049901 ], [ -122.693365337418996, 38.4586729790391 ], [ -122.693689338122994, 38.4588659788771 ], [ -122.693751338197004, 38.458902978738102 ], [ -122.693840338219005, 38.4590339787772 ], [ -122.693938338229003, 38.459071978917102 ], [ -122.694000338083995, 38.458987979169898 ], [ -122.695121337735003, 38.459702978548897 ], [ -122.695498338234003, 38.459382978845603 ], [ -122.696761338374998, 38.460252978578303 ], [ -122.696837338040993, 38.4603069789475 ], [ -122.697393338778994, 38.460614978558297 ], [ -122.697664338698999, 38.460768978427303 ], [ -122.697763338692994, 38.460837978491398 ], [ -122.698289338883001, 38.461254979140001 ], [ -122.698025338616006, 38.4615679785664 ], [ -122.697873338495, 38.461776978563698 ], [ -122.697371338354998, 38.462585978597801 ], [ -122.696774339168002, 38.46357197959 ], [ -122.696181338250994, 38.464427978986997 ], [ -122.695886338418006, 38.464881979475301 ], [ -122.695826339093998, 38.464929979485497 ], [ -122.695714339126994, 38.464971978918797 ], [ -122.695591339184006, 38.464985979157497 ], [ -122.695574338314003, 38.465032979781498 ], [ -122.695638339018998, 38.4650659789177 ], [ -122.695816338396995, 38.465157979801802 ], [ -122.695997338934006, 38.465208979699703 ], [ -122.696002338469995, 38.465255979344597 ], [ -122.697680339566006, 38.465888979494203 ], [ -122.697705338722002, 38.465903979280498 ], [ -122.697235338810003, 38.466654979405398 ], [ -122.697097338982999, 38.466571979581602 ], [ -122.695732339150993, 38.466030979637203 ], [ -122.69562833837, 38.4659899790163 ], [ -122.695342339213994, 38.465875979675502 ], [ -122.695291338781999, 38.465954979504403 ], [ -122.694485338850001, 38.467215979660402 ], [ -122.694167338973998, 38.467695979701404 ], [ -122.693870339116998, 38.468150979809899 ], [ -122.692425338430994, 38.470417980040502 ], [ -122.691970338378994, 38.470384980315998 ], [ -122.690662338902996, 38.470395979747202 ], [ -122.690598338360005, 38.470495980278699 ], [ -122.690189338975003, 38.471147980616202 ], [ -122.690076338661996, 38.471337979979502 ], [ -122.689973339152004, 38.471475980224596 ], [ -122.689665338946995, 38.471973980261403 ], [ -122.690541339343994, 38.471967980688099 ], [ -122.690537339288994, 38.472389980086 ], [ -122.690538338733006, 38.473027980255097 ], [ -122.690541339193999, 38.474265980195597 ], [ -122.690529338654997, 38.474763980393703 ], [ -122.690874339312998, 38.4747439804935 ], [ -122.690890339622001, 38.474705980838202 ], [ -122.690956339316998, 38.474692980762399 ], [ -122.691241339602996, 38.4746879801719 ], [ -122.691857339826996, 38.474696980599802 ], [ -122.691882339157004, 38.474696980199099 ], [ -122.692348339868005, 38.474694980308598 ], [ -122.692525339312994, 38.4746889806108 ], [ -122.692602338897998, 38.474680980546196 ], [ -122.692645339468001, 38.474668980402697 ], [ -122.692665339300007, 38.4747609799266 ], [ -122.692781340037996, 38.474816980391203 ], [ -122.692878339060996, 38.4747819804806 ], [ -122.692983339044005, 38.474759980420899 ], [ -122.693295339838997, 38.474745980570603 ], [ -122.693359339054993, 38.474749979910499 ], [ -122.693413340049005, 38.474758980737299 ], [ -122.693516339314996, 38.4747879806011 ], [ -122.693577339339001, 38.4748239799763 ], [ -122.693623339503006, 38.474835980330901 ], [ -122.69366434, 38.474802980579497 ], [ -122.693740339347997, 38.474759980068598 ], [ -122.694351339777, 38.474747980501398 ], [ -122.694837339768995, 38.474757979929201 ], [ -122.695006340272997, 38.474755979719198 ], [ -122.695336339763998, 38.4747639797638 ], [ -122.695488339682996, 38.474775980587403 ], [ -122.695619340836004, 38.4820379811122 ], [ -122.694284340929002, 38.482056980584602 ], [ -122.693843340575, 38.482837980539301 ], [ -122.693640340488997, 38.4831729808188 ], [ -122.693155340139995, 38.483505981131998 ], [ -122.691589341002, 38.484139981402599 ], [ -122.691545340199994, 38.483997981034399 ], [ -122.691490340290002, 38.483819981283702 ], [ -122.691385340606999, 38.4835369807031 ], [ -122.691316340057, 38.483493980891197 ], [ -122.691302340633001, 38.483484981457202 ], [ -122.691261340178997, 38.483459981354301 ], [ -122.691248340266995, 38.4834519811265 ], [ -122.691259340810007, 38.483402980836203 ], [ -122.691278340199005, 38.483327980800802 ], [ -122.691246339735997, 38.483263981212097 ], [ -122.691224339727, 38.483219981203 ], [ -122.691152340618004, 38.483074981518698 ], [ -122.690934340124997, 38.482701981143798 ], [ -122.690893340638993, 38.482629981286898 ], [ -122.690672340448003, 38.4822349811135 ], [ -122.690107339305001, 38.481269981030799 ], [ -122.690007339855995, 38.481095981496502 ], [ -122.689828339504004, 38.481104980756101 ], [ -122.686255339054995, 38.481185981081701 ], [ -122.686227339476005, 38.482176981088301 ], [ -122.686362340339997, 38.492117982015998 ], [ -122.686366340836003, 38.4930229819876 ], [ -122.694587341448994, 38.492994981690202 ], [ -122.695548342245004, 38.493021981485903 ], [ -122.695650342434007, 38.495840981855103 ], [ -122.69560034269, 38.4966489821892 ], [ -122.697352342391994, 38.4966489820807 ], [ -122.697954343025998, 38.4966419820013 ], [ -122.704998344247002, 38.496636980971303 ], [ -122.711533345079005, 38.496584980383197 ], [ -122.713406344858001, 38.496579980242402 ], [ -122.713422345667993, 38.496713980579102 ], [ -122.713429345107997, 38.4967659804446 ], [ -122.713455345501004, 38.496875980111398 ], [ -122.713464345503994, 38.4969119804123 ], [ -122.713485345308001, 38.497003980358301 ], [ -122.713574345696003, 38.497172980672502 ], [ -122.713602345780004, 38.497383980584502 ], [ -122.713625345750003, 38.497547980113097 ], [ -122.713647345775996, 38.4976739810092 ], [ -122.713756345546997, 38.498045980852602 ], [ -122.713867345455, 38.498386980362902 ], [ -122.713889345935002, 38.498475980727399 ], [ -122.713943345334002, 38.498836980429203 ], [ -122.713971345288002, 38.499023980831502 ], [ -122.714009345332997, 38.499130980686203 ], [ -122.714122346018996, 38.499291980530799 ], [ -122.714241346212006, 38.499459980621801 ], [ -122.714281346107995, 38.499528981040001 ], [ -122.714316345363997, 38.499616980472602 ], [ -122.714348346224, 38.499743980854603 ], [ -122.714352345340004, 38.499864980468097 ] ] ] } },
{ "type": "Feature", "properties": { "Name": "Roseland" }, "geometry": { "type": "Polygon", "coordinates": [ [ [ -122.742990342374995, 38.438427973292001 ], [ -122.742613342691996, 38.438574973724499 ], [ -122.742046342075, 38.438796974020804 ], [ -122.741580342285999, 38.438967974041198 ], [ -122.741524342456003, 38.438988973542898 ], [ -122.741478341946006, 38.4389889740063 ], [ -122.741171341685998, 38.4389889739385 ], [ -122.741077341784006, 38.438966974285798 ], [ -122.740909342294003, 38.438926974199298 ], [ -122.740803341816999, 38.438902974092102 ], [ -122.740414341911006, 38.4387799737639 ], [ -122.740250341788993, 38.438728973573603 ], [ -122.740087342387994, 38.438676974010903 ], [ -122.739869342039995, 38.438607974356799 ], [ -122.739601342029005, 38.438523974069703 ], [ -122.739439341994, 38.438472974264201 ], [ -122.739349342466994, 38.438443973559899 ], [ -122.739081341407996, 38.438359973972801 ], [ -122.738992341759001, 38.438331973610701 ], [ -122.738843341708005, 38.438284973934202 ], [ -122.738489342188004, 38.438173973681799 ], [ -122.738396341764997, 38.438145973554299 ], [ -122.738247341827005, 38.4381029744156 ], [ -122.738054341725004, 38.438045974050297 ], [ -122.737477341261993, 38.4378769741746 ], [ -122.737285341941998, 38.437820974103502 ], [ -122.737138340968002, 38.437776974386502 ], [ -122.736697341652999, 38.437647973697501 ], [ -122.736550341490002, 38.437604974027501 ], [ -122.736251340850998, 38.437516974258699 ], [ -122.736024341659999, 38.437385973976298 ], [ -122.735899341435001, 38.437286974489702 ], [ -122.734752340396, 38.435842974194102 ], [ -122.734607341230003, 38.435726973926798 ], [ -122.734284340423002, 38.435581974202499 ], [ -122.733964340281005, 38.435554974116101 ], [ -122.732774340404006, 38.435429974485302 ], [ -122.732503339991993, 38.4354539740864 ], [ -122.732412340032994, 38.4354669743974 ], [ -122.731958340424995, 38.435535974249298 ], [ -122.73119033991, 38.435797974399101 ], [ -122.731155339940003, 38.435810974348897 ], [ -122.730806340648996, 38.435970974412101 ], [ -122.730689340359007, 38.4360109740269 ], [ -122.730451340624001, 38.436091974032799 ], [ -122.730003340674998, 38.436245974765598 ], [ -122.729726340110005, 38.436277974699202 ], [ -122.729477340385998, 38.436307974511799 ], [ -122.729269339827994, 38.436331974759902 ], [ -122.728646340238996, 38.436405974733397 ], [ -122.728515339729, 38.436421974873497 ], [ -122.728439339709993, 38.436432974843001 ], [ -122.728458340567002, 38.4364859749532 ], [ -122.728474339900998, 38.436527975063001 ], [ -122.728336339658, 38.436545974371299 ], [ -122.728124340554999, 38.436563974640102 ], [ -122.72804534, 38.436564975090199 ], [ -122.727918339642997, 38.436556974912698 ], [ -122.727563339496996, 38.436505974574303 ], [ -122.727125339908, 38.436442975118602 ], [ -122.726926339906001, 38.436438974596498 ], [ -122.726546339649005, 38.436466974514097 ], [ -122.726394339595998, 38.4365019745971 ], [ -122.725110339479002, 38.4368639746626 ], [ -122.724831339529004, 38.436966975018699 ], [ -122.724691339605002, 38.437008974953798 ], [ -122.724651339095999, 38.437013975255503 ], [ -122.724611339559004, 38.436901974828899 ], [ -122.724571339289, 38.436785974971698 ], [ -122.724438340003999, 38.436813975341003 ], [ -122.724394339203002, 38.436823975046003 ], [ -122.724032339142994, 38.436814974975597 ], [ -122.723897339689003, 38.436811974686599 ], [ -122.723717339714995, 38.436807975282797 ], [ -122.723591339392996, 38.436780974990398 ], [ -122.723551339164004, 38.436754974780897 ], [ -122.723311339589003, 38.436598975020402 ], [ -122.722940339583005, 38.435908975258698 ], [ -122.722913339309997, 38.435857975248403 ], [ -122.722759339660996, 38.435698974756598 ], [ -122.722710339401004, 38.435640974593603 ], [ -122.722691338860002, 38.435618974705299 ], [ -122.722636339565, 38.435552974910202 ], [ -122.722618339625001, 38.4355309749673 ], [ -122.722600338549, 38.435508975047703 ], [ -122.722546338523003, 38.4354459747791 ], [ -122.722529339090002, 38.435424974641798 ], [ -122.722485339127005, 38.435372975194497 ], [ -122.722431339400003, 38.435308975014898 ], [ -122.722342338716999, 38.4352569750451 ], [ -122.722214339515006, 38.435181974807598 ], [ -122.721928338919, 38.4350009746382 ], [ -122.721652338590999, 38.434988974882401 ], [ -122.721557338382993, 38.434984974892899 ], [ -122.721398338762995, 38.434978974647997 ], [ -122.721351338272001, 38.434977974870002 ], [ -122.721350339283006, 38.434829975121403 ], [ -122.721347338748998, 38.434386974937603 ], [ -122.721347339052002, 38.434239975058198 ], [ -122.721344338837, 38.4341139749801 ], [ -122.721335338135006, 38.433736974622697 ], [ -122.721334339047999, 38.433682975079599 ], [ -122.721337338235998, 38.433611975203803 ], [ -122.721337339087995, 38.433593975037198 ], [ -122.721339338234998, 38.4335389747148 ], [ -122.721340338386, 38.433521975301602 ], [ -122.721341338255996, 38.433496975229303 ], [ -122.721343338131007, 38.433424974602502 ], [ -122.721345338443001, 38.433400975258003 ], [ -122.721349338804004, 38.433292975186298 ], [ -122.721344338435003, 38.4331899746118 ], [ -122.721336338303004, 38.433029974985303 ], [ -122.721319338146003, 38.432663975095501 ], [ -122.721322338861, 38.432362974560199 ], [ -122.721316338685, 38.4319159751957 ], [ -122.721312337943004, 38.431544974931903 ], [ -122.721299338400001, 38.430528974840001 ], [ -122.721288337743999, 38.429595974785698 ], [ -122.721294337803002, 38.429077974703098 ], [ -122.721291338382997, 38.4288039742368 ], [ -122.721276337457994, 38.427481974332999 ], [ -122.721265337575005, 38.426466974797798 ], [ -122.721254338202996, 38.425408974393903 ], [ -122.721250337819001, 38.424958974174302 ], [ -122.721219336876999, 38.421937974007001 ], [ -122.721212337123006, 38.421272973568698 ], [ -122.721205337463999, 38.420435973691802 ], [ -122.721203337562002, 38.420215973947002 ], [ -122.721186336364994, 38.4189289737512 ], [ -122.721185337208993, 38.418857974107503 ], [ -122.721183336256004, 38.418647973902999 ], [ -122.721183337317001, 38.418577974089501 ], [ -122.721182336667994, 38.418509974050501 ], [ -122.721180336990003, 38.418308973429603 ], [ -122.721180336584993, 38.418241974119702 ], [ -122.721524336551994, 38.418098973396198 ], [ -122.721690336373001, 38.418097973453001 ], [ -122.721806336821004, 38.4181229736907 ], [ -122.722080336397994, 38.4181189740384 ], [ -122.722058336664006, 38.417955973940401 ], [ -122.722261336738001, 38.417941973905897 ], [ -122.722426337029006, 38.417857973232998 ], [ -122.722628336778996, 38.417840973948799 ], [ -122.722597337232997, 38.417657973536201 ], [ -122.722772336814998, 38.417667973780297 ], [ -122.722886337437998, 38.417680973872301 ], [ -122.723087337492998, 38.417662973083701 ], [ -122.723079336625005, 38.417578973821698 ], [ -122.723455336859004, 38.417475973916702 ], [ -122.723782336566998, 38.417389973544502 ], [ -122.723773337267005, 38.417315973786998 ], [ -122.725349337427005, 38.417064973188801 ], [ -122.725285336821003, 38.416615972985099 ], [ -122.725301337030004, 38.416557973167301 ], [ -122.725294337571, 38.4165119729686 ], [ -122.725460337201, 38.416494973666197 ], [ -122.725667336654993, 38.416474972943703 ], [ -122.725980337695006, 38.416442973074197 ], [ -122.726767337701006, 38.416363973474503 ], [ -122.726920337238994, 38.416350973402601 ], [ -122.727234337387998, 38.416325972808899 ], [ -122.727213336974003, 38.416142972656999 ], [ -122.727191337747001, 38.415952972658502 ], [ -122.727747336955005, 38.415914973194603 ], [ -122.727700336900995, 38.415555973323102 ], [ -122.727819337409997, 38.415588972652699 ], [ -122.727892337648001, 38.415604972611398 ], [ -122.728103337651007, 38.415639972957798 ], [ -122.728267337095005, 38.415653972685597 ], [ -122.728324337610999, 38.415659973343502 ], [ -122.728559337438995, 38.415661972897198 ], [ -122.728691337067005, 38.415658972719001 ], [ -122.728890338021003, 38.4156479729848 ], [ -122.729032337145995, 38.4156409730276 ], [ -122.729241337510999, 38.415623972682702 ], [ -122.729683338154999, 38.415589973120198 ], [ -122.729629337210994, 38.415168972531497 ], [ -122.730160337403007, 38.415117973208297 ], [ -122.730146337123003, 38.414998972640298 ], [ -122.730683337189006, 38.414925972619898 ], [ -122.730672337627993, 38.414853972287801 ], [ -122.732125337563005, 38.414317972638003 ], [ -122.732122337354994, 38.414267972882399 ], [ -122.732117337663993, 38.4141479724777 ], [ -122.732327338288997, 38.4141019724796 ], [ -122.732401338127005, 38.414079972278898 ], [ -122.732461337748006, 38.414062972090598 ], [ -122.733248337706996, 38.413855972910497 ], [ -122.733531337878006, 38.413782972649997 ], [ -122.733830337811995, 38.4136999728535 ], [ -122.734235338443, 38.413589972796203 ], [ -122.734732338380994, 38.413465972417598 ], [ -122.735034338328006, 38.413390972544804 ], [ -122.735283338285001, 38.413325972646398 ], [ -122.736030338180001, 38.413133972094897 ], [ -122.736098338380003, 38.413116972465801 ], [ -122.736279338681001, 38.413067972036302 ], [ -122.736501337971006, 38.413006972198502 ], [ -122.736907338338, 38.412896971877203 ], [ -122.738022338617, 38.412597971702901 ], [ -122.738793338140994, 38.412390971710998 ], [ -122.739081338996002, 38.412314972167302 ], [ -122.739212338263997, 38.412285972276599 ], [ -122.739428339247993, 38.412248971815103 ], [ -122.739485338769001, 38.412699971530003 ], [ -122.739502338365, 38.412827972223397 ], [ -122.739622338480999, 38.413749972348597 ], [ -122.739668338639007, 38.413913971847101 ], [ -122.739773338983994, 38.414000972419799 ], [ -122.739805338666002, 38.414026972058998 ], [ -122.739867339130001, 38.414056972018301 ], [ -122.740192339535, 38.414174972222497 ], [ -122.740145339576998, 38.414274972255598 ], [ -122.740075338877006, 38.414448971549703 ], [ -122.740001339241005, 38.4146899720619 ], [ -122.739949338922997, 38.414933971758103 ], [ -122.739919339346997, 38.415180972439501 ], [ -122.739913338719006, 38.415304972459303 ], [ -122.739916339524001, 38.415552972459601 ], [ -122.739926339003006, 38.415676972305199 ], [ -122.739967339043005, 38.416026972000203 ], [ -122.740056339248994, 38.416801972343002 ], [ -122.740065338915002, 38.416893972336197 ], [ -122.740107338916999, 38.417296972643598 ], [ -122.740197340061997, 38.418119972554798 ], [ -122.740220339573995, 38.418328972698099 ], [ -122.740433340389998, 38.419938972730399 ], [ -122.740463339265006, 38.4201969720771 ], [ -122.740472339820002, 38.420272972506098 ], [ -122.740532339416006, 38.420975972351002 ], [ -122.740555340227999, 38.421235972700401 ], [ -122.740574339953, 38.421380972596701 ], [ -122.740631340034994, 38.421818972764598 ], [ -122.740650340344004, 38.421965972381003 ], [ -122.740672340160998, 38.422139972234703 ], [ -122.740741340268997, 38.422661972147999 ], [ -122.740764339921995, 38.4228369725965 ], [ -122.740781340327999, 38.422947973055301 ], [ -122.740834340275995, 38.423280972295501 ], [ -122.740852340135007, 38.423391972584703 ], [ -122.740857340144004, 38.423431972452398 ], [ -122.740872340528995, 38.423553972673297 ], [ -122.740877340706007, 38.423594972400402 ], [ -122.740895340264998, 38.423740972384103 ], [ -122.740949340837005, 38.424180972932803 ], [ -122.740968340085004, 38.424327972610499 ], [ -122.740973340695007, 38.424370972956702 ], [ -122.740989340642003, 38.424499972953399 ], [ -122.740995340685998, 38.424543972989902 ], [ -122.741008340527003, 38.424649973109901 ], [ -122.741047340571996, 38.4249699731918 ], [ -122.741061339981002, 38.425076973003399 ], [ -122.741082340703997, 38.425239972793499 ], [ -122.741144340174998, 38.425717973038601 ], [ -122.741154340405998, 38.425787972362698 ], [ -122.741168341093996, 38.425878972548801 ], [ -122.741181341087, 38.4259679732126 ], [ -122.741202340236001, 38.426102972392101 ], [ -122.741222341055007, 38.4262359728965 ], [ -122.741236340612005, 38.426325973248098 ], [ -122.741248340656, 38.426409972986697 ], [ -122.741287340488995, 38.426664973038299 ], [ -122.741300341235004, 38.426749972438401 ], [ -122.741303341285999, 38.426770972597801 ], [ -122.741312340305996, 38.4268339731019 ], [ -122.741316340804005, 38.4268549730633 ], [ -122.741324340725996, 38.426933972445298 ], [ -122.741350340433996, 38.427170972921601 ], [ -122.741359341057006, 38.427250972866197 ], [ -122.741413341183005, 38.427748972872898 ], [ -122.741415340708002, 38.427761972529098 ], [ -122.741590341310996, 38.429069973167302 ], [ -122.741619341261995, 38.429239973273503 ], [ -122.741683341631003, 38.429604973428901 ], [ -122.741701340621006, 38.4297359728698 ], [ -122.741717341546007, 38.4298489733022 ], [ -122.741726340781995, 38.429908973329297 ], [ -122.741728340926002, 38.4299249734649 ], [ -122.741755341651, 38.430115972881403 ], [ -122.741786341844005, 38.430472973248399 ], [ -122.741788341024005, 38.430496973217998 ], [ -122.741805341909995, 38.4306889735184 ], [ -122.741811340797994, 38.430747973368597 ], [ -122.741826341258005, 38.430921972917403 ], [ -122.741898340977997, 38.431597973432098 ], [ -122.741923340984997, 38.4318259736621 ], [ -122.741937341332999, 38.431964972788798 ], [ -122.741971341261007, 38.432231973210698 ], [ -122.742031341460006, 38.432685972963597 ], [ -122.742066341474001, 38.432774973056802 ], [ -122.742127341466997, 38.432924973356997 ], [ -122.742255342020997, 38.433211973579297 ], [ -122.742329341743996, 38.433328973061599 ], [ -122.742341341217994, 38.433388973411098 ], [ -122.742356341730002, 38.433458973598398 ], [ -122.742377341836999, 38.433587973635902 ], [ -122.742400341575006, 38.433794973533203 ], [ -122.742431342369002, 38.434141973607602 ], [ -122.742482341940004, 38.434502973329899 ], [ -122.742514341992006, 38.434725973823198 ], [ -122.742553341595993, 38.435041972994803 ], [ -122.742623341501996, 38.435526973872598 ], [ -122.742709342634001, 38.436235973784598 ], [ -122.742760341730005, 38.436623973556998 ], [ -122.742853342481993, 38.437331973226499 ], [ -122.742880342334004, 38.4375509735167 ], [ -122.742962342259005, 38.4382079733167 ], [ -122.742982342130006, 38.438363973585403 ], [ -122.742990342374995, 38.438427973292001 ] ] ] } },
{ "type": "Feature", "properties": { "Name": "Wright Elementary" }, "geometry": { "type": "Polygon", "coordinates": [ [ [ -122.788181346751003, 38.419689968787402 ], [ -122.788143346297005, 38.419760968474499 ], [ -122.788110346482995, 38.4198319688468 ], [ -122.788061346931997, 38.419980968787499 ], [ -122.788045346988994, 38.420065968402596 ], [ -122.788034346575003, 38.4201319683932 ], [ -122.788026346661994, 38.420316969025698 ], [ -122.788023346654001, 38.420912969087503 ], [ -122.788020347042007, 38.421361969348901 ], [ -122.788018346681994, 38.421794969259402 ], [ -122.788017347427001, 38.4220579688687 ], [ -122.788016346863003, 38.422105968936499 ], [ -122.788005347593, 38.423038969138098 ], [ -122.788002346927996, 38.423350969350899 ], [ -122.788075347299994, 38.423458968916499 ], [ -122.788105347496, 38.4237409691222 ], [ -122.788094346920005, 38.424876969000202 ], [ -122.788128347809007, 38.428319969369099 ], [ -122.788125347613999, 38.428710969211103 ], [ -122.788129348560005, 38.428996969752802 ], [ -122.788136348238993, 38.429506969172202 ], [ -122.788138347485003, 38.429635969398198 ], [ -122.788145348561997, 38.430740969226399 ], [ -122.778685347007993, 38.430640970573897 ], [ -122.778710347236, 38.431186970166898 ], [ -122.778882346822002, 38.434862970494599 ], [ -122.778862347325997, 38.437987970911799 ], [ -122.778904347414993, 38.439784970690397 ], [ -122.778951348167993, 38.440152971408402 ], [ -122.778910348086001, 38.440290971134999 ], [ -122.778964348279999, 38.445335971404397 ], [ -122.778520348339001, 38.445336971941799 ], [ -122.777339348574998, 38.445337971662497 ], [ -122.777061348634007, 38.445332971412597 ], [ -122.776959347867006, 38.445325971514997 ], [ -122.776840348397002, 38.445310971582501 ], [ -122.776730348494993, 38.445286971970901 ], [ -122.776574348726996, 38.445239971701902 ], [ -122.776432348029999, 38.445180971512102 ], [ -122.776347348198001, 38.445144972006702 ], [ -122.776133347984995, 38.445012971229097 ], [ -122.776067348698007, 38.444955971465497 ], [ -122.776022348417001, 38.444926971884001 ], [ -122.775662348468003, 38.444605972079202 ], [ -122.775403347768005, 38.4443869721282 ], [ -122.775189348473006, 38.444530971695102 ], [ -122.774496347889993, 38.443937971447397 ], [ -122.773740348038999, 38.443292971824803 ], [ -122.773002347531005, 38.442872971457597 ], [ -122.770868347228003, 38.4422169715845 ], [ -122.770772346773995, 38.442187972161697 ], [ -122.770222346888005, 38.4420249715347 ], [ -122.769686346521993, 38.441866971894598 ], [ -122.769566346963003, 38.441830971630097 ], [ -122.769322346747003, 38.441758971538398 ], [ -122.768082346062997, 38.441738972277101 ], [ -122.766837346656999, 38.441718972155797 ], [ -122.765885345898994, 38.441707972041101 ], [ -122.763001345261998, 38.441675972752797 ], [ -122.762253345171999, 38.441616972271497 ], [ -122.759324345219994, 38.441213972613802 ], [ -122.759269344803997, 38.441206972910003 ], [ -122.758088345031993, 38.441033972351903 ], [ -122.757706344422004, 38.440940972894403 ], [ -122.757668344766003, 38.441036972590602 ], [ -122.757572344542993, 38.440998973003701 ], [ -122.757426345465007, 38.440932973006099 ], [ -122.757174344955999, 38.440803973073002 ], [ -122.757048344623996, 38.440725972420402 ], [ -122.756955344725995, 38.440637972498202 ], [ -122.756820344508, 38.440495972844303 ], [ -122.756757344923997, 38.440414972400298 ], [ -122.75662834517, 38.440248972891602 ], [ -122.756501344672998, 38.440040972719103 ], [ -122.755869344353997, 38.4391339726157 ], [ -122.755152344538999, 38.438071973104101 ], [ -122.754976344479005, 38.437796972493302 ], [ -122.754890343775998, 38.437692972994803 ], [ -122.754803343728994, 38.437547972791698 ], [ -122.754709343670996, 38.437420973149898 ], [ -122.754610344092001, 38.437316972795102 ], [ -122.754522344020003, 38.437228972446199 ], [ -122.754387343836001, 38.437105972415203 ], [ -122.754277343845004, 38.437020972554102 ], [ -122.754180344405995, 38.4369519729999 ], [ -122.754017344155997, 38.436850972456803 ], [ -122.753867343573006, 38.436769972531501 ], [ -122.753733343760004, 38.436703973036202 ], [ -122.753583343816999, 38.436647973073299 ], [ -122.753288344260994, 38.436550972804497 ], [ -122.753102344078002, 38.436510973185499 ], [ -122.752887343316004, 38.436470972447303 ], [ -122.752710343199993, 38.436449972601999 ], [ -122.752532343621994, 38.436435972742899 ], [ -122.752338344010994, 38.436436972368398 ], [ -122.752197343445005, 38.436446973044298 ], [ -122.752020343636005, 38.436467972944797 ], [ -122.751722342977004, 38.436513972481499 ], [ -122.751565343769002, 38.436552972891903 ], [ -122.751416343947994, 38.436601973238602 ], [ -122.751215343088006, 38.436700972606999 ], [ -122.751095343054999, 38.436771972698502 ], [ -122.750514343874997, 38.4371599727573 ], [ -122.750306343887004, 38.437306973216501 ], [ -122.750045342909004, 38.437479972718997 ], [ -122.749929343318996, 38.437543973297302 ], [ -122.749824342864997, 38.437589973357397 ], [ -122.749499343017007, 38.437702973378499 ], [ -122.749398343720003, 38.437728972873501 ], [ -122.749294343372, 38.437770972737603 ], [ -122.749149343013997, 38.437840972735103 ], [ -122.749012343645006, 38.4378709731496 ], [ -122.748932343571994, 38.437877973167303 ], [ -122.748742343158, 38.437875973560502 ], [ -122.748503343218999, 38.437832973063799 ], [ -122.748346342744, 38.437833973377501 ], [ -122.748237342904005, 38.4378469728723 ], [ -122.747935342952005, 38.437893973623702 ], [ -122.747874343204998, 38.437893972910402 ], [ -122.747798342669995, 38.4378849733572 ], [ -122.747632342559996, 38.437857973203002 ], [ -122.747450342803006, 38.437842973186903 ], [ -122.747361343438001, 38.437846972864399 ], [ -122.747253343365003, 38.437856973437597 ], [ -122.747132342867999, 38.437873973318503 ], [ -122.746818342848002, 38.437929973756098 ], [ -122.746745342821995, 38.437929973440703 ], [ -122.746519343, 38.437908973019901 ], [ -122.746394342974, 38.437903973292102 ], [ -122.746151342698994, 38.437904973113703 ], [ -122.745893342285001, 38.437919973019 ], [ -122.745756343340005, 38.437920973575999 ], [ -122.745635342588002, 38.437927973290797 ], [ -122.745522342835997, 38.437927973841298 ], [ -122.745405342352001, 38.437935973207303 ], [ -122.745204342329998, 38.437971973448498 ], [ -122.745111342244002, 38.438006973598803 ], [ -122.745023343159005, 38.438054973536701 ], [ -122.744939342756993, 38.438118973138302 ], [ -122.744815342357995, 38.438199973552798 ], [ -122.744775342254002, 38.4382159736492 ], [ -122.744714343208003, 38.438225973580401 ], [ -122.744605342656996, 38.4382009730788 ], [ -122.744528342297002, 38.438194973976998 ], [ -122.744452342860001, 38.438207973849401 ], [ -122.743768342907998, 38.438418973328602 ], [ -122.743615342721, 38.438444973187302 ], [ -122.743490342878005, 38.438480973932698 ], [ -122.743208342387007, 38.438549973758903 ], [ -122.743096342946998, 38.438584973411501 ], [ -122.743012341981, 38.438606973683797 ], [ -122.743003342376994, 38.438530973972 ], [ -122.742990342374995, 38.438427973292001 ], [ -122.742982342130006, 38.438363973585403 ], [ -122.742962342259005, 38.4382079733167 ], [ -122.742880342334004, 38.4375509735167 ], [ -122.742853342481993, 38.437331973226499 ], [ -122.742760341730005, 38.436623973556998 ], [ -122.742709342634001, 38.436235973784598 ], [ -122.742623341501996, 38.435526973872598 ], [ -122.742553341595993, 38.435041972994803 ], [ -122.742514341992006, 38.434725973823198 ], [ -122.742482341940004, 38.434502973329899 ], [ -122.742431342369002, 38.434141973607602 ], [ -122.742400341575006, 38.433794973533203 ], [ -122.742377341836999, 38.433587973635902 ], [ -122.742356341730002, 38.433458973598398 ], [ -122.742341341217994, 38.433388973411098 ], [ -122.742329341743996, 38.433328973061599 ], [ -122.742255342020997, 38.433211973579297 ], [ -122.742127341466997, 38.432924973356997 ], [ -122.742066341474001, 38.432774973056802 ], [ -122.742031341460006, 38.432685972963597 ], [ -122.741971341261007, 38.432231973210698 ], [ -122.741937341332999, 38.431964972788798 ], [ -122.741923340984997, 38.4318259736621 ], [ -122.741898340977997, 38.431597973432098 ], [ -122.741826341258005, 38.430921972917403 ], [ -122.741811340797994, 38.430747973368597 ], [ -122.741805341909995, 38.4306889735184 ], [ -122.741788341024005, 38.430496973217998 ], [ -122.741786341844005, 38.430472973248399 ], [ -122.741755341651, 38.430115972881403 ], [ -122.741728340926002, 38.4299249734649 ], [ -122.741726340781995, 38.429908973329297 ], [ -122.741717341546007, 38.4298489733022 ], [ -122.741701340621006, 38.4297359728698 ], [ -122.741683341631003, 38.429604973428901 ], [ -122.741619341261995, 38.429239973273503 ], [ -122.741590341310996, 38.429069973167302 ], [ -122.741415340708002, 38.427761972529098 ], [ -122.741413341183005, 38.427748972872898 ], [ -122.741359341057006, 38.427250972866197 ], [ -122.741350340433996, 38.427170972921601 ], [ -122.741324340725996, 38.426933972445298 ], [ -122.741316340804005, 38.4268549730633 ], [ -122.741312340305996, 38.4268339731019 ], [ -122.741303341285999, 38.426770972597801 ], [ -122.741300341235004, 38.426749972438401 ], [ -122.741287340488995, 38.426664973038299 ], [ -122.741248340656, 38.426409972986697 ], [ -122.741236340612005, 38.426325973248098 ], [ -122.741222341055007, 38.4262359728965 ], [ -122.741202340236001, 38.426102972392101 ], [ -122.741181341087, 38.4259679732126 ], [ -122.741168341093996, 38.425878972548801 ], [ -122.741154340405998, 38.425787972362698 ], [ -122.741144340174998, 38.425717973038601 ], [ -122.741082340703997, 38.425239972793499 ], [ -122.741061339981002, 38.425076973003399 ], [ -122.741047340571996, 38.4249699731918 ], [ -122.741008340527003, 38.424649973109901 ], [ -122.740995340685998, 38.424543972989902 ], [ -122.740989340642003, 38.424499972953399 ], [ -122.740973340695007, 38.424370972956702 ], [ -122.740968340085004, 38.424327972610499 ], [ -122.740949340837005, 38.424180972932803 ], [ -122.740895340264998, 38.423740972384103 ], [ -122.740877340706007, 38.423594972400402 ], [ -122.740872340528995, 38.423553972673297 ], [ -122.740857340144004, 38.423431972452398 ], [ -122.740852340135007, 38.423391972584703 ], [ -122.740834340275995, 38.423280972295501 ], [ -122.740781340327999, 38.422947973055301 ], [ -122.740764339921995, 38.4228369725965 ], [ -122.740741340268997, 38.422661972147999 ], [ -122.740672340160998, 38.422139972234703 ], [ -122.740650340344004, 38.421965972381003 ], [ -122.740631340034994, 38.421818972764598 ], [ -122.740574339953, 38.421380972596701 ], [ -122.740555340227999, 38.421235972700401 ], [ -122.740532339416006, 38.420975972351002 ], [ -122.740472339820002, 38.420272972506098 ], [ -122.740463339265006, 38.4201969720771 ], [ -122.740433340389998, 38.419938972730399 ], [ -122.740220339573995, 38.418328972698099 ], [ -122.740197340061997, 38.418119972554798 ], [ -122.740107338916999, 38.417296972643598 ], [ -122.740065338915002, 38.416893972336197 ], [ -122.740056339248994, 38.416801972343002 ], [ -122.739967339043005, 38.416026972000203 ], [ -122.739926339003006, 38.415676972305199 ], [ -122.739916339524001, 38.415552972459601 ], [ -122.739913338719006, 38.415304972459303 ], [ -122.739919339346997, 38.415180972439501 ], [ -122.739949338922997, 38.414933971758103 ], [ -122.740001339241005, 38.4146899720619 ], [ -122.740075338877006, 38.414448971549703 ], [ -122.740145339576998, 38.414274972255598 ], [ -122.740192339535, 38.414174972222497 ], [ -122.739867339130001, 38.414056972018301 ], [ -122.739805338666002, 38.414026972058998 ], [ -122.739773338983994, 38.414000972419799 ], [ -122.739668338639007, 38.413913971847101 ], [ -122.739622338480999, 38.413749972348597 ], [ -122.739502338365, 38.412827972223397 ], [ -122.739485338769001, 38.412699971530003 ], [ -122.739428339247993, 38.412248971815103 ], [ -122.739612338417999, 38.412224972199603 ], [ -122.739747338357006, 38.412212972214199 ], [ -122.739814338436005, 38.412208971522503 ], [ -122.739939339117001, 38.412203972126498 ], [ -122.740978339128006, 38.412128971701399 ], [ -122.741119338375, 38.412119971332899 ], [ -122.741367339288004, 38.412112971478699 ], [ -122.741531339364997, 38.412087971997103 ], [ -122.741585338519002, 38.412084971826502 ], [ -122.742072339234994, 38.412058971373497 ], [ -122.742078338995, 38.412116972013102 ], [ -122.747195340179005, 38.411769971015602 ], [ -122.747293339817006, 38.411753971135397 ], [ -122.747643339429999, 38.411728971222502 ], [ -122.747800339934997, 38.411718970910101 ], [ -122.748384339796999, 38.411677970758497 ], [ -122.748773340431001, 38.411648970878304 ], [ -122.749681339925004, 38.411541970706097 ], [ -122.749785340694999, 38.4115359712195 ], [ -122.750289339784999, 38.411503970793198 ], [ -122.750724340161995, 38.411467971265601 ], [ -122.750730340328005, 38.409810970381898 ], [ -122.750738340422998, 38.408960970348502 ], [ -122.750739339787998, 38.408747970488299 ], [ -122.750737339340006, 38.407935970816098 ], [ -122.750731339292997, 38.407139971035498 ], [ -122.750740339475996, 38.406730970776799 ], [ -122.750745339134994, 38.4034969701233 ], [ -122.750762339632004, 38.401618970135402 ], [ -122.751697339516994, 38.401625970398399 ], [ -122.756029339481003, 38.401658970202597 ], [ -122.760662340512994, 38.401209969393598 ], [ -122.773602342209998, 38.398185967711903 ], [ -122.773651342031002, 38.401230968324597 ], [ -122.773649343179997, 38.403503968222402 ], [ -122.773482342958005, 38.409084968633501 ], [ -122.774293342994, 38.409147969211197 ], [ -122.780791344321997, 38.409627968577603 ], [ -122.780354344488998, 38.411377968886903 ], [ -122.779746344908006, 38.413852968985502 ], [ -122.779617345244006, 38.414139969365202 ], [ -122.779610344971005, 38.414273969376197 ], [ -122.779584344669004, 38.414376968599598 ], [ -122.779507345444998, 38.414679969153497 ], [ -122.779381344957002, 38.4151839689561 ], [ -122.779123345667003, 38.416204969511902 ], [ -122.779083344764004, 38.416282968978699 ], [ -122.779060344824998, 38.416331968934898 ], [ -122.778987345044001, 38.416418969413201 ], [ -122.778893345501004, 38.416495969058403 ], [ -122.778794345052006, 38.416549969579201 ], [ -122.778657345255994, 38.416614969616099 ], [ -122.778681345321999, 38.416639968827901 ], [ -122.778692345425995, 38.416679969034 ], [ -122.778693345676004, 38.417044968925097 ], [ -122.778698344747994, 38.418370969061002 ], [ -122.778700345266003, 38.418813969460899 ], [ -122.778701344812006, 38.418963969753698 ], [ -122.778704345405998, 38.419416969330499 ], [ -122.778706345998003, 38.419567969888597 ], [ -122.779063345365998, 38.419571969576801 ], [ -122.780136345561999, 38.419586968969298 ], [ -122.780494345853, 38.419592969049098 ], [ -122.780610345756998, 38.419596969110898 ], [ -122.780655345496001, 38.4195979691874 ], [ -122.781141345224995, 38.419613969314298 ], [ -122.781303346056006, 38.419619969718298 ], [ -122.782682345770993, 38.419628969230601 ], [ -122.786819347044997, 38.419655968750902 ], [ -122.788199347025994, 38.419665968543598 ], [ -122.788181346751003, 38.419689968787402 ] ] ] } }
]
}
