{
  "type": "FeatureCollection",
  "features": [
    {
      "type": "Feature",
      "geometry": {
        "type": "Polygon",
        "coordinates": [
          [
            [
              -122.723564,
              38.445458
            ],
            [
              -122.723628,
              38.445559
            ],
            [
              -122.723747,
              38.445727
            ],
            [
              -122.723867,
              38.445898
            ],
            [
              -122.724023,
              38.445901
            ],
            [
              -122.724162,
              38.445905
            ],
            [
              -122.724258,
              38.446046
            ],
            [
              -122.72437,
              38.446225
            ],
            [
              -122.724629,
              38.446605
            ],
            [
              -122.724843,
              38.446918
            ],
            [
              -122.725057,
              38.447259
            ],
            [
              -122.725269,
              38.447611
            ],
            [
              -122.725483,
              38.447994
            ],
            [
              -122.725659,
              38.448373
            ],
            [
              -122.725815,
              38.448745
            ],
            [
              -122.725837,
              38.448816
            ],
            [
              -122.72595,
              38.449182
            ],
            [
              -122.726045,
              38.449551
            ],
            [
              -122.72607,
              38.449626
            ],
            [
              -122.726073,
              38.449643
            ],
            [
              -122.726084,
              38.449695
            ],
            [
              -122.726088,
              38.449713
            ],
            [
              -122.726094,
              38.449745
            ],
            [
              -122.726114,
              38.449842
            ],
            [
              -122.72612,
              38.449866
            ],
            [
              -122.726122,
              38.449875
            ],
            [
              -122.726187,
              38.450269
            ],
            [
              -122.726205,
              38.450488
            ],
            [
              -122.726218,
              38.450712
            ],
            [
              -122.726232,
              38.450925
            ],
            [
              -122.726231,
              38.451098
            ],
            [
              -122.726222,
              38.451434
            ],
            [
              -122.726229,
              38.451691
            ],
            [
              -122.726192,
              38.452549
            ],
            [
              -122.726189,
              38.452864
            ],
            [
              -122.726176,
              38.453242
            ],
            [
              -122.726149,
              38.454086
            ],
            [
              -122.726146,
              38.454171
            ],
            [
              -122.726137,
              38.454426
            ],
            [
              -122.726135,
              38.454512
            ],
            [
              -122.726128,
              38.454721
            ],
            [
              -122.726122,
              38.454926
            ],
            [
              -122.726101,
              38.455344
            ],
            [
              -122.726095,
              38.455561
            ],
            [
              -122.726092,
              38.455682
            ],
            [
              -122.726096,
              38.455892
            ],
            [
              -122.72609961563967,
              38.456046749377926
            ],
            [
              -122.72588949666623,
              38.456080751966745
            ],
            [
              -122.72567900686798,
              38.456114814564444
            ],
            [
              -122.725679,
              38.456115
            ],
            [
              -122.725498,
              38.456146
            ],
            [
              -122.725197,
              38.456198
            ],
            [
              -122.724956,
              38.456247
            ],
            [
              -122.724777,
              38.456284
            ],
            [
              -122.724568,
              38.456322
            ],
            [
              -122.723941,
              38.456438
            ],
            [
              -122.723733,
              38.456477
            ],
            [
              -122.723489,
              38.456522
            ],
            [
              -122.723444,
              38.45653
            ],
            [
              -122.723046,
              38.456604
            ],
            [
              -122.722879,
              38.456642
            ],
            [
              -122.722578,
              38.456697
            ],
            [
              -122.72229,
              38.45675
            ],
            [
              -122.722139,
              38.456776
            ],
            [
              -122.721809,
              38.456835
            ],
            [
              -122.721688,
              38.456859
            ],
            [
              -122.721538,
              38.456889
            ],
            [
              -122.721354,
              38.456925
            ],
            [
              -122.721009,
              38.456989
            ],
            [
              -122.72089,
              38.457011
            ],
            [
              -122.720448,
              38.457095
            ],
            [
              -122.720001,
              38.457174
            ],
            [
              -122.719611,
              38.457253
            ],
            [
              -122.718991,
              38.457378
            ],
            [
              -122.718949,
              38.457386
            ],
            [
              -122.71871,
              38.457437
            ],
            [
              -122.718303,
              38.457512
            ],
            [
              -122.717907,
              38.45758
            ],
            [
              -122.71784,
              38.457584
            ],
            [
              -122.717577,
              38.457601
            ],
            [
              -122.717237,
              38.457607
            ],
            [
              -122.717237,
              38.457556
            ],
            [
              -122.717241,
              38.457404
            ],
            [
              -122.717242,
              38.457354
            ],
            [
              -122.717254,
              38.4572
            ],
            [
              -122.717276,
              38.456947
            ],
            [
              -122.717277,
              38.456737
            ],
            [
              -122.717278,
              38.456583
            ],
            [
              -122.717284,
              38.456218
            ],
            [
              -122.717285,
              38.456177
            ],
            [
              -122.717328,
              38.455316
            ],
            [
              -122.717334,
              38.455126
            ],
            [
              -122.71734,
              38.454964
            ],
            [
              -122.717347,
              38.454762
            ],
            [
              -122.717366,
              38.454482
            ],
            [
              -122.717389,
              38.454161
            ],
            [
              -122.71739,
              38.453643
            ],
            [
              -122.717391,
              38.453364
            ],
            [
              -122.717393,
              38.453279
            ],
            [
              -122.717418,
              38.453
            ],
            [
              -122.717424,
              38.452938
            ],
            [
              -122.717429,
              38.452614
            ],
            [
              -122.717437,
              38.452381
            ],
            [
              -122.717443,
              38.452224
            ],
            [
              -122.717458,
              38.451908
            ],
            [
              -122.717477,
              38.451544
            ],
            [
              -122.717483,
              38.451375
            ],
            [
              -122.717494,
              38.451103
            ],
            [
              -122.717496,
              38.450954
            ],
            [
              -122.717498,
              38.450868
            ],
            [
              -122.717501,
              38.4507
            ],
            [
              -122.717168,
              38.450691
            ],
            [
              -122.717053,
              38.450687
            ],
            [
              -122.716862,
              38.450683
            ],
            [
              -122.716482,
              38.450668
            ],
            [
              -122.716173,
              38.450661
            ],
            [
              -122.715841,
              38.450655
            ],
            [
              -122.715577,
              38.450644
            ],
            [
              -122.715317,
              38.450634
            ],
            [
              -122.714785,
              38.450619
            ],
            [
              -122.714522,
              38.450613
            ],
            [
              -122.714283,
              38.450606
            ],
            [
              -122.713784,
              38.450593
            ],
            [
              -122.713567,
              38.450583
            ],
            [
              -122.713329,
              38.450572
            ],
            [
              -122.713081,
              38.450567
            ],
            [
              -122.712771,
              38.450562
            ],
            [
              -122.71234,
              38.450548
            ],
            [
              -122.712093,
              38.450541
            ],
            [
              -122.711878,
              38.450533
            ],
            [
              -122.711814,
              38.450531
            ],
            [
              -122.711176,
              38.450517
            ],
            [
              -122.710977,
              38.450517
            ],
            [
              -122.710698,
              38.450517
            ],
            [
              -122.710451,
              38.450521
            ],
            [
              -122.709705,
              38.450556
            ],
            [
              -122.709458,
              38.450569
            ],
            [
              -122.709174,
              38.450578
            ],
            [
              -122.708322,
              38.450607
            ],
            [
              -122.708039,
              38.450617
            ],
            [
              -122.708018,
              38.451119
            ],
            [
              -122.708002,
              38.451508
            ],
            [
              -122.708013,
              38.451766
            ],
            [
              -122.708024,
              38.451867
            ],
            [
              -122.708051,
              38.452036
            ],
            [
              -122.708133,
              38.452422
            ],
            [
              -122.708148,
              38.452614
            ],
            [
              -122.70816,
              38.452752
            ],
            [
              -122.708164,
              38.452887
            ],
            [
              -122.708157,
              38.453116
            ],
            [
              -122.707331,
              38.453103
            ],
            [
              -122.706742,
              38.453089
            ],
            [
              -122.706502,
              38.453079
            ],
            [
              -122.706111,
              38.453071
            ],
            [
              -122.705851,
              38.453067
            ],
            [
              -122.705565,
              38.453053
            ],
            [
              -122.705538,
              38.45345
            ],
            [
              -122.705535,
              38.453504
            ],
            [
              -122.705514,
              38.453901
            ],
            [
              -122.705484,
              38.454862
            ],
            [
              -122.705482,
              38.454942
            ],
            [
              -122.705471,
              38.455108
            ],
            [
              -122.70546,
              38.455172
            ],
            [
              -122.705447,
              38.455213
            ],
            [
              -122.705431,
              38.455243
            ],
            [
              -122.705393,
              38.455295
            ],
            [
              -122.705082,
              38.455052
            ],
            [
              -122.705051,
              38.455026
            ],
            [
              -122.70438,
              38.454465
            ],
            [
              -122.704076,
              38.45416
            ],
            [
              -122.703883,
              38.453966
            ],
            [
              -122.703841,
              38.453898
            ],
            [
              -122.703815,
              38.453822
            ],
            [
              -122.703623,
              38.453859
            ],
            [
              -122.703292,
              38.453924
            ],
            [
              -122.7032,
              38.453948
            ],
            [
              -122.703076,
              38.454016
            ],
            [
              -122.702966,
              38.454098
            ],
            [
              -122.702917,
              38.454144
            ],
            [
              -122.702364,
              38.454705
            ],
            [
              -122.701707,
              38.455356
            ],
            [
              -122.701687,
              38.455397
            ],
            [
              -122.701686,
              38.455447
            ],
            [
              -122.701703,
              38.455489
            ],
            [
              -122.701742,
              38.455528
            ],
            [
              -122.701779,
              38.455551
            ],
            [
              -122.701913,
              38.455634
            ],
            [
              -122.702005,
              38.45569
            ],
            [
              -122.702802,
              38.456183
            ],
            [
              -122.702819,
              38.456193
            ],
            [
              -122.702851,
              38.45623
            ],
            [
              -122.702869,
              38.456281
            ],
            [
              -122.702861,
              38.456332
            ],
            [
              -122.702836,
              38.456371
            ],
            [
              -122.702432,
              38.456772
            ],
            [
              -122.702061,
              38.457154
            ],
            [
              -122.70196547255566,
              38.45725350775452
            ],
            [
              -122.70196553719893,
              38.45725354365072
            ],
            [
              -122.70157214310592,
              38.457673996977576
            ],
            [
              -122.70118882957705,
              38.4574978921814
            ],
            [
              -122.701189,
              38.457498
            ],
            [
              -122.700989,
              38.457678
            ],
            [
              -122.700398,
              38.458201
            ],
            [
              -122.700346,
              38.458247
            ],
            [
              -122.700651,
              38.458385
            ],
            [
              -122.70068,
              38.458398
            ],
            [
              -122.700721,
              38.458431
            ],
            [
              -122.70075,
              38.458478
            ],
            [
              -122.700757,
              38.458523
            ],
            [
              -122.700741,
              38.45856
            ],
            [
              -122.700715,
              38.458588
            ],
            [
              -122.700667,
              38.458612
            ],
            [
              -122.700613,
              38.458619
            ],
            [
              -122.700576,
              38.458614
            ],
            [
              -122.700458,
              38.458581
            ],
            [
              -122.700312,
              38.458542
            ],
            [
              -122.700192,
              38.458534
            ],
            [
              -122.700072,
              38.458539
            ],
            [
              -122.699955,
              38.458559
            ],
            [
              -122.69982,
              38.4586
            ],
            [
              -122.699725,
              38.458644
            ],
            [
              -122.699555,
              38.458742
            ],
            [
              -122.699475,
              38.458771
            ],
            [
              -122.699448,
              38.458782
            ],
            [
              -122.699346,
              38.458804
            ],
            [
              -122.69931,
              38.458808
            ],
            [
              -122.699136,
              38.45883
            ],
            [
              -122.698989,
              38.458848
            ],
            [
              -122.698822,
              38.458876
            ],
            [
              -122.698757,
              38.458893
            ],
            [
              -122.698558,
              38.458944
            ],
            [
              -122.698481,
              38.458964
            ],
            [
              -122.698416,
              38.458983
            ],
            [
              -122.698212,
              38.459042
            ],
            [
              -122.698011,
              38.4591
            ],
            [
              -122.697971,
              38.459112
            ],
            [
              -122.697713,
              38.459181
            ],
            [
              -122.697606,
              38.459232
            ],
            [
              -122.697591,
              38.45924
            ],
            [
              -122.697549,
              38.459266
            ],
            [
              -122.697447,
              38.459369
            ],
            [
              -122.697393,
              38.459433
            ],
            [
              -122.697372,
              38.459458
            ],
            [
              -122.697246,
              38.459637
            ],
            [
              -122.697199,
              38.459706
            ],
            [
              -122.697128,
              38.459806
            ],
            [
              -122.697096,
              38.459854
            ],
            [
              -122.696962,
              38.460022
            ],
            [
              -122.696895,
              38.460092
            ],
            [
              -122.696811,
              38.460182
            ],
            [
              -122.69675042411836,
              38.46024546044743
            ],
            [
              -122.696748,
              38.460248
            ],
            [
              -122.69549560091576,
              38.45938530229352
            ],
            [
              -122.695485,
              38.459378
            ],
            [
              -122.69511037353406,
              38.45969598532918
            ],
            [
              -122.695108,
              38.459698
            ],
            [
              -122.69399856750108,
              38.45899037802255
            ],
            [
              -122.693987,
              38.458983
            ],
            [
              -122.69392511079323,
              38.459066849893034
            ],
            [
              -122.693925,
              38.459067
            ],
            [
              -122.693827,
              38.459029
            ],
            [
              -122.693738,
              38.458898
            ],
            [
              -122.693676,
              38.458861
            ],
            [
              -122.693352,
              38.458668
            ],
            [
              -122.693174,
              38.458592
            ],
            [
              -122.69297224498806,
              38.458507698610035
            ],
            [
              -122.692961,
              38.458503
            ],
            [
              -122.692141,
              38.458393
            ],
            [
              -122.69177641529272,
              38.45832895133521
            ],
            [
              -122.691771,
              38.458328
            ],
            [
              -122.691358,
              38.458118
            ],
            [
              -122.691658,
              38.457445
            ],
            [
              -122.691484,
              38.457297
            ],
            [
              -122.69140869049092,
              38.45726293141256
            ],
            [
              -122.6914,
              38.457259
            ],
            [
              -122.69134263290513,
              38.45724607220397
            ],
            [
              -122.691329,
              38.457243
            ],
            [
              -122.691407,
              38.456741
            ],
            [
              -122.690871,
              38.456269
            ],
            [
              -122.690094,
              38.455755
            ],
            [
              -122.688897,
              38.454962
            ],
            [
              -122.68846,
              38.454659
            ],
            [
              -122.68911,
              38.45447
            ],
            [
              -122.689347,
              38.454188
            ],
            [
              -122.68934,
              38.453759
            ],
            [
              -122.68941,
              38.453704
            ],
            [
              -122.689404,
              38.453686
            ],
            [
              -122.689407,
              38.453655
            ],
            [
              -122.689854,
              38.453176
            ],
            [
              -122.690334,
              38.452662
            ],
            [
              -122.6913,
              38.451632
            ],
            [
              -122.691783,
              38.451118
            ],
            [
              -122.691946,
              38.450941
            ],
            [
              -122.692435,
              38.450412
            ],
            [
              -122.692452,
              38.450394
            ],
            [
              -122.692533,
              38.450194
            ],
            [
              -122.692564,
              38.450121
            ],
            [
              -122.692659,
              38.449903
            ],
            [
              -122.6926889566204,
              38.44983559760411
            ],
            [
              -122.692691,
              38.449831
            ],
            [
              -122.692125,
              38.449817
            ],
            [
              -122.691814,
              38.449734
            ],
            [
              -122.69165179652175,
              38.449691471039245
            ],
            [
              -122.69165,
              38.449691
            ],
            [
              -122.69057945760076,
              38.449272865711094
            ],
            [
              -122.690567,
              38.449268
            ],
            [
              -122.690341,
              38.449239
            ],
            [
              -122.690009,
              38.449197
            ],
            [
              -122.689682,
              38.449111
            ],
            [
              -122.689485,
              38.449059
            ],
            [
              -122.689259,
              38.449081
            ],
            [
              -122.688493,
              38.449158
            ],
            [
              -122.68839580165842,
              38.44919634429989
            ],
            [
              -122.688384,
              38.449201
            ],
            [
              -122.688323,
              38.448818
            ],
            [
              -122.688306,
              38.448669
            ],
            [
              -122.688274,
              38.448364
            ],
            [
              -122.688227,
              38.448021
            ],
            [
              -122.688156,
              38.447562
            ],
            [
              -122.688101,
              38.447069
            ],
            [
              -122.688085,
              38.44692
            ],
            [
              -122.688022,
              38.446538
            ],
            [
              -122.688003,
              38.446401
            ],
            [
              -122.687947,
              38.445992
            ],
            [
              -122.687929,
              38.445856
            ],
            [
              -122.687904,
              38.445725
            ],
            [
              -122.68783,
              38.445332
            ],
            [
              -122.687806,
              38.445202
            ],
            [
              -122.687784,
              38.445063
            ],
            [
              -122.68772,
              38.444647
            ],
            [
              -122.687699,
              38.444509
            ],
            [
              -122.687677,
              38.444369
            ],
            [
              -122.687614,
              38.44395
            ],
            [
              -122.687593,
              38.443811
            ],
            [
              -122.687551,
              38.443531
            ],
            [
              -122.687527,
              38.443393
            ],
            [
              -122.687465,
              38.443021
            ],
            [
              -122.687369,
              38.442508
            ],
            [
              -122.68731,
              38.442145
            ],
            [
              -122.687243,
              38.441729
            ],
            [
              -122.687237,
              38.441691
            ],
            [
              -122.687221,
              38.44158
            ],
            [
              -122.687216,
              38.441543
            ],
            [
              -122.68721,
              38.441508
            ],
            [
              -122.687195,
              38.441406
            ],
            [
              -122.687191,
              38.441372
            ],
            [
              -122.68718,
              38.441309
            ],
            [
              -122.68714835776449,
              38.44112873514315
            ],
            [
              -122.687147,
              38.441121
            ],
            [
              -122.687008,
              38.441153
            ],
            [
              -122.686703,
              38.441315
            ],
            [
              -122.68656,
              38.441353
            ],
            [
              -122.68654,
              38.441475
            ],
            [
              -122.68639157046697,
              38.44153576645312
            ],
            [
              -122.686391,
              38.441536
            ],
            [
              -122.68611443436352,
              38.441423077006554
            ],
            [
              -122.686102,
              38.441418
            ],
            [
              -122.685683,
              38.441464
            ],
            [
              -122.685396,
              38.44144
            ],
            [
              -122.68529438250383,
              38.44140818930554
            ],
            [
              -122.685281,
              38.441404
            ],
            [
              -122.68528592473633,
              38.441323234324194
            ],
            [
              -122.685286,
              38.441322
            ],
            [
              -122.684763,
              38.441176
            ],
            [
              -122.684326,
              38.441175
            ],
            [
              -122.683694,
              38.441175
            ],
            [
              -122.683624,
              38.44123
            ],
            [
              -122.683226,
              38.44134
            ],
            [
              -122.682332,
              38.441763
            ],
            [
              -122.681913,
              38.441857
            ],
            [
              -122.681528,
              38.441849
            ],
            [
              -122.681319,
              38.441846
            ],
            [
              -122.681095,
              38.441884
            ],
            [
              -122.68076250037777,
              38.44198365406545
            ],
            [
              -122.680748,
              38.441988
            ],
            [
              -122.681267,
              38.43784
            ],
            [
              -122.681727,
              38.437659
            ],
            [
              -122.681692,
              38.43757
            ],
            [
              -122.681834,
              38.43757
            ],
            [
              -122.682052,
              38.437558
            ],
            [
              -122.682186,
              38.437536
            ],
            [
              -122.682217,
              38.437529
            ],
            [
              -122.682347,
              38.437505
            ],
            [
              -122.682484,
              38.437477
            ],
            [
              -122.682499,
              38.437475
            ],
            [
              -122.682628,
              38.437438
            ],
            [
              -122.68251,
              38.436923
            ],
            [
              -122.682535,
              38.436846
            ],
            [
              -122.6825,
              38.436671
            ],
            [
              -122.682466,
              38.436641
            ],
            [
              -122.68237845029113,
              38.43656486981837
            ],
            [
              -122.682374,
              38.436561
            ],
            [
              -122.68189207898774,
              38.436500883063914
            ],
            [
              -122.681885,
              38.4365
            ],
            [
              -122.681801,
              38.436445
            ],
            [
              -122.68177,
              38.436249
            ],
            [
              -122.681759,
              38.43618
            ],
            [
              -122.681706,
              38.435621
            ],
            [
              -122.681725,
              38.435307
            ],
            [
              -122.681747,
              38.434913
            ],
            [
              -122.681752,
              38.434844
            ],
            [
              -122.681744,
              38.434529
            ],
            [
              -122.681743,
              38.434455
            ],
            [
              -122.681644,
              38.433593
            ],
            [
              -122.681609,
              38.433281
            ],
            [
              -122.681608,
              38.433177
            ],
            [
              -122.681614,
              38.433112
            ],
            [
              -122.68162,
              38.433058
            ],
            [
              -122.681612,
              38.432865
            ],
            [
              -122.681591,
              38.432698
            ],
            [
              -122.682483,
              38.432635
            ],
            [
              -122.68248328443758,
              38.432640898987984
            ],
            [
              -122.682506,
              38.433112
            ],
            [
              -122.682514,
              38.433271
            ],
            [
              -122.68252706261241,
              38.43327061007127
            ],
            [
              -122.682715,
              38.433265
            ],
            [
              -122.683322,
              38.433248
            ],
            [
              -122.683524,
              38.433243
            ],
            [
              -122.683519,
              38.433155
            ],
            [
              -122.683507,
              38.432891
            ],
            [
              -122.683503,
              38.432804
            ],
            [
              -122.683476,
              38.432675
            ],
            [
              -122.683395,
              38.432289
            ],
            [
              -122.683369,
              38.432161
            ],
            [
              -122.683417,
              38.432166
            ],
            [
              -122.683562,
              38.432184
            ],
            [
              -122.683611,
              38.43219
            ],
            [
              -122.684007,
              38.432236
            ],
            [
              -122.68411,
              38.432249
            ],
            [
              -122.684126,
              38.432251
            ],
            [
              -122.68491,
              38.432346
            ],
            [
              -122.685195,
              38.432379
            ],
            [
              -122.685592,
              38.432426
            ],
            [
              -122.685722,
              38.432442
            ],
            [
              -122.685712,
              38.429564
            ],
            [
              -122.685712,
              38.429406
            ],
            [
              -122.685721,
              38.428203
            ],
            [
              -122.685701,
              38.428096
            ],
            [
              -122.685726,
              38.425203
            ],
            [
              -122.685734,
              38.424512
            ],
            [
              -122.685737,
              38.423736
            ],
            [
              -122.689839,
              38.423726
            ],
            [
              -122.69135,
              38.423775
            ],
            [
              -122.691792,
              38.423777
            ],
            [
              -122.692189,
              38.423779
            ],
            [
              -122.692964,
              38.423764
            ],
            [
              -122.693023,
              38.423763
            ],
            [
              -122.693033,
              38.423645
            ],
            [
              -122.693713,
              38.423653
            ],
            [
              -122.69372394243562,
              38.42365794788393
            ],
            [
              -122.693828,
              38.423705
            ],
            [
              -122.69383120654236,
              38.42370539700048
            ],
            [
              -122.694143,
              38.423744
            ],
            [
              -122.694788,
              38.423702
            ],
            [
              -122.695097,
              38.423545
            ],
            [
              -122.69510341400556,
              38.423553491782
            ],
            [
              -122.695168,
              38.423639
            ],
            [
              -122.695247,
              38.423776
            ],
            [
              -122.69525752442563,
              38.42377610394494
            ],
            [
              -122.695652,
              38.42378
            ],
            [
              -122.697599,
              38.423778
            ],
            [
              -122.697598,
              38.423698
            ],
            [
              -122.697595,
              38.423545
            ],
            [
              -122.697971,
              38.42358
            ],
            [
              -122.698401,
              38.423584
            ],
            [
              -122.698402,
              38.423536
            ],
            [
              -122.698795,
              38.423537
            ],
            [
              -122.69879513921518,
              38.423541942138485
            ],
            [
              -122.698797,
              38.423608
            ],
            [
              -122.69881019194251,
              38.42360793320535
            ],
            [
              -122.699192,
              38.423606
            ],
            [
              -122.699192,
              38.42361104365993
            ],
            [
              -122.699192,
              38.423677
            ],
            [
              -122.69920533380052,
              38.42367703418923
            ],
            [
              -122.699582,
              38.423678
            ],
            [
              -122.69958203088399,
              38.42368294143759
            ],
            [
              -122.699583,
              38.423838
            ],
            [
              -122.699584,
              38.423998
            ],
            [
              -122.699583,
              38.42404
            ],
            [
              -122.699582,
              38.424169
            ],
            [
              -122.699582,
              38.424212
            ],
            [
              -122.699552,
              38.425795
            ],
            [
              -122.69956552201961,
              38.425790091321645
            ],
            [
              -122.699698,
              38.425742
            ],
            [
              -122.699735,
              38.425731
            ],
            [
              -122.699801,
              38.42571
            ],
            [
              -122.699949,
              38.425665
            ],
            [
              -122.7,
              38.425654
            ],
            [
              -122.700068,
              38.42564
            ],
            [
              -122.701329,
              38.425178
            ],
            [
              -122.705116,
              38.423795
            ],
            [
              -122.706108,
              38.423432
            ],
            [
              -122.706378,
              38.423334
            ],
            [
              -122.706619,
              38.423249
            ],
            [
              -122.707346,
              38.422996
            ],
            [
              -122.707588,
              38.422912
            ],
            [
              -122.70759237289474,
              38.42292008572988
            ],
            [
              -122.707694,
              38.423108
            ],
            [
              -122.707758,
              38.423225
            ],
            [
              -122.708057,
              38.423672
            ],
            [
              -122.708182,
              38.423859
            ],
            [
              -122.708379,
              38.424202
            ],
            [
              -122.708598,
              38.424712
            ],
            [
              -122.70869,
              38.424731
            ],
            [
              -122.708804,
              38.42493
            ],
            [
              -122.709148,
              38.425528
            ],
            [
              -122.709263,
              38.425728
            ],
            [
              -122.709021,
              38.425819
            ],
            [
              -122.708779,
              38.425912
            ],
            [
              -122.708439,
              38.426037
            ],
            [
              -122.708293,
              38.426085
            ],
            [
              -122.708049,
              38.426168
            ],
            [
              -122.707801,
              38.426261
            ],
            [
              -122.707701,
              38.426299
            ],
            [
              -122.707054,
              38.426533
            ],
            [
              -122.706806,
              38.426624
            ],
            [
              -122.706555,
              38.426709
            ],
            [
              -122.706338,
              38.426783
            ],
            [
              -122.705971,
              38.42692
            ],
            [
              -122.705808,
              38.426976
            ],
            [
              -122.705559,
              38.427064
            ],
            [
              -122.705328,
              38.427148
            ],
            [
              -122.705113,
              38.427228
            ],
            [
              -122.704632,
              38.427395
            ],
            [
              -122.7044,
              38.427476
            ],
            [
              -122.704509,
              38.427668
            ],
            [
              -122.704839,
              38.428245
            ],
            [
              -122.704949,
              38.428438
            ],
            [
              -122.705052,
              38.428628
            ],
            [
              -122.70517,
              38.428844
            ],
            [
              -122.705349,
              38.429142
            ],
            [
              -122.705377,
              38.429193
            ],
            [
              -122.705485,
              38.429382
            ],
            [
              -122.7056,
              38.42957
            ],
            [
              -122.705843,
              38.429967
            ],
            [
              -122.70594,
              38.430137
            ],
            [
              -122.70605,
              38.430329
            ],
            [
              -122.706204,
              38.430601
            ],
            [
              -122.70648,
              38.431084
            ],
            [
              -122.706675,
              38.431413
            ],
            [
              -122.706815,
              38.431694
            ],
            [
              -122.706571,
              38.431762
            ],
            [
              -122.706161,
              38.431877
            ],
            [
              -122.705845,
              38.431975
            ],
            [
              -122.705604,
              38.432051
            ],
            [
              -122.705371,
              38.432116
            ],
            [
              -122.705104,
              38.432191
            ],
            [
              -122.70467,
              38.4323
            ],
            [
              -122.704436,
              38.43236
            ],
            [
              -122.704427,
              38.432387
            ],
            [
              -122.704426,
              38.432454
            ],
            [
              -122.704424,
              38.432642
            ],
            [
              -122.704419,
              38.43274
            ],
            [
              -122.704416,
              38.432836
            ],
            [
              -122.704409,
              38.432893
            ],
            [
              -122.704389,
              38.433066
            ],
            [
              -122.704383,
              38.433124
            ],
            [
              -122.704374,
              38.433225
            ],
            [
              -122.704385,
              38.43333
            ],
            [
              -122.704414,
              38.433418
            ],
            [
              -122.704673,
              38.433881
            ],
            [
              -122.704775,
              38.434063
            ],
            [
              -122.704869,
              38.434222
            ],
            [
              -122.704891,
              38.434262
            ],
            [
              -122.705233,
              38.434865
            ],
            [
              -122.705348,
              38.435066
            ],
            [
              -122.705419,
              38.435191
            ],
            [
              -122.705634,
              38.435568
            ],
            [
              -122.705706,
              38.435694
            ],
            [
              -122.70575,
              38.435772
            ],
            [
              -122.705884,
              38.436006
            ],
            [
              -122.705929,
              38.436084
            ],
            [
              -122.706029,
              38.436262
            ],
            [
              -122.706331,
              38.436797
            ],
            [
              -122.706423,
              38.43698
            ],
            [
              -122.706455,
              38.437037
            ],
            [
              -122.70649,
              38.437087
            ],
            [
              -122.706582,
              38.437189
            ],
            [
              -122.706632,
              38.437234
            ],
            [
              -122.70668,
              38.437268
            ],
            [
              -122.706807,
              38.437358
            ],
            [
              -122.706827,
              38.437372
            ],
            [
              -122.706877,
              38.437407
            ],
            [
              -122.706928,
              38.437442
            ],
            [
              -122.707038,
              38.437509
            ],
            [
              -122.707187,
              38.437593
            ],
            [
              -122.707244,
              38.43762
            ],
            [
              -122.70732,
              38.437658
            ],
            [
              -122.707418,
              38.437714
            ],
            [
              -122.707513,
              38.437774
            ],
            [
              -122.707669,
              38.437886
            ],
            [
              -122.707842,
              38.438044
            ],
            [
              -122.707922,
              38.438128
            ],
            [
              -122.70804,
              38.438265
            ],
            [
              -122.708194,
              38.438451
            ],
            [
              -122.708287,
              38.438564
            ],
            [
              -122.708368,
              38.438689
            ],
            [
              -122.70845,
              38.438791
            ],
            [
              -122.708522,
              38.438929
            ],
            [
              -122.708546,
              38.438963
            ],
            [
              -122.70882,
              38.439359
            ],
            [
              -122.708887,
              38.43945
            ],
            [
              -122.709004,
              38.439611
            ],
            [
              -122.709049,
              38.439672
            ],
            [
              -122.709138,
              38.439794
            ],
            [
              -122.70954,
              38.440343
            ],
            [
              -122.709675,
              38.440527
            ],
            [
              -122.709766,
              38.440646
            ],
            [
              -122.710025,
              38.441017
            ],
            [
              -122.710112,
              38.441141
            ],
            [
              -122.710234,
              38.441302
            ],
            [
              -122.7106,
              38.441788
            ],
            [
              -122.71065,
              38.441854
            ],
            [
              -122.710727,
              38.441948
            ],
            [
              -122.710827,
              38.442072
            ],
            [
              -122.710957,
              38.442232
            ],
            [
              -122.711132,
              38.44244
            ],
            [
              -122.711148,
              38.442459
            ],
            [
              -122.711228,
              38.442569
            ],
            [
              -122.711331,
              38.442707
            ],
            [
              -122.711379,
              38.442781
            ],
            [
              -122.711437,
              38.442869
            ],
            [
              -122.711462,
              38.442918
            ],
            [
              -122.711496,
              38.443022
            ],
            [
              -122.711505,
              38.443075
            ],
            [
              -122.711507,
              38.443136
            ],
            [
              -122.711496,
              38.443241
            ],
            [
              -122.711465,
              38.443339
            ],
            [
              -122.711412,
              38.443438
            ],
            [
              -122.71136,
              38.443499
            ],
            [
              -122.711278,
              38.443599
            ],
            [
              -122.711179,
              38.443687
            ],
            [
              -122.711337,
              38.44376
            ],
            [
              -122.711396,
              38.443793
            ],
            [
              -122.71147,
              38.443821
            ],
            [
              -122.71156,
              38.443835
            ],
            [
              -122.711663,
              38.443836
            ],
            [
              -122.712117,
              38.44384
            ],
            [
              -122.712225,
              38.443841
            ],
            [
              -122.712313,
              38.443835
            ],
            [
              -122.712358,
              38.443825
            ],
            [
              -122.712396,
              38.443813
            ],
            [
              -122.712556,
              38.443733
            ],
            [
              -122.712654,
              38.443691
            ],
            [
              -122.713157,
              38.443464
            ],
            [
              -122.713358,
              38.443375
            ],
            [
              -122.713495,
              38.443312
            ],
            [
              -122.713907,
              38.443125
            ],
            [
              -122.714045,
              38.443063
            ],
            [
              -122.714188,
              38.442998
            ],
            [
              -122.714367,
              38.442918
            ],
            [
              -122.714566,
              38.44284
            ],
            [
              -122.714627,
              38.442827
            ],
            [
              -122.714679,
              38.442816
            ],
            [
              -122.714783,
              38.44281
            ],
            [
              -122.714964,
              38.442813
            ],
            [
              -122.715191,
              38.442844
            ],
            [
              -122.715307,
              38.44285
            ],
            [
              -122.715363,
              38.442846
            ],
            [
              -122.715473,
              38.442825
            ],
            [
              -122.715504,
              38.442814
            ],
            [
              -122.715526,
              38.442808
            ],
            [
              -122.715623,
              38.442763
            ],
            [
              -122.715667,
              38.442735
            ],
            [
              -122.715996,
              38.442583
            ],
            [
              -122.716685,
              38.442267
            ],
            [
              -122.716984,
              38.442126
            ],
            [
              -122.717313,
              38.441973
            ],
            [
              -122.717452,
              38.441924
            ],
            [
              -122.717598,
              38.441881
            ],
            [
              -122.717662,
              38.441858
            ],
            [
              -122.717851,
              38.441793
            ],
            [
              -122.718118,
              38.44171
            ],
            [
              -122.718275,
              38.441675
            ],
            [
              -122.718587,
              38.441605
            ],
            [
              -122.718725,
              38.441559
            ],
            [
              -122.719075,
              38.441445
            ],
            [
              -122.719595,
              38.441257
            ],
            [
              -122.719878,
              38.441147
            ],
            [
              -122.720073,
              38.441062
            ],
            [
              -122.72032,
              38.441452
            ],
            [
              -122.72007308485081,
              38.44106213397496
            ],
            [
              -122.72039671297176,
              38.44092391379117
            ],
            [
              -122.721332,
              38.442291
            ],
            [
              -122.721434,
              38.442433
            ],
            [
              -122.722025,
              38.443259
            ],
            [
              -122.722561,
              38.444016
            ],
            [
              -122.723164,
              38.444878
            ],
            [
              -122.723564,
              38.445458
            ]
          ]
        ]
      },
      "properties": {
        "school": "Proctor Terrace Elementary School",
        "students": 480,
        "residents": 438
      }
    },
    {
      "type": "Feature",
      "geometry": {
        "type": "Polygon",
        "coordinates": [
          [
            [
              -122.717871,
              38.419449
            ],
            [
              -122.717948,
              38.419432
            ],
            [
              -122.717959,
              38.419121
            ],
            [
              -122.718042,
              38.419019
            ],
            [
              -122.718091,
              38.41896
            ],
            [
              -122.718211,
              38.418915
            ],
            [
              -122.71823,
              38.418909
            ],
            [
              -122.718345,
              38.418886
            ],
            [
              -122.718591,
              38.418876
            ],
            [
              -122.71872,
              38.418872
            ],
            [
              -122.718897,
              38.418882
            ],
            [
              -122.71905,
              38.418891
            ],
            [
              -122.71938,
              38.41891
            ],
            [
              -122.719429,
              38.418912
            ],
            [
              -122.719494,
              38.418916
            ],
            [
              -122.719607,
              38.418923
            ],
            [
              -122.719806,
              38.418924
            ],
            [
              -122.720407,
              38.418927
            ],
            [
              -122.720607,
              38.418928
            ],
            [
              -122.72072,
              38.418926
            ],
            [
              -122.721059,
              38.418924
            ],
            [
              -122.721173,
              38.418924
            ],
            [
              -122.72117306569827,
              38.41892897374574
            ],
            [
              -122.72119,
              38.420211
            ],
            [
              -122.721192,
              38.420431
            ],
            [
              -122.721199,
              38.421268
            ],
            [
              -122.721206,
              38.421933
            ],
            [
              -122.721237,
              38.424954
            ],
            [
              -122.721241,
              38.425404
            ],
            [
              -122.721252,
              38.426462
            ],
            [
              -122.721263,
              38.427477
            ],
            [
              -122.721278,
              38.428799
            ],
            [
              -122.721281,
              38.429073
            ],
            [
              -122.721275,
              38.429591
            ],
            [
              -122.721286,
              38.430524
            ],
            [
              -122.721299,
              38.43154
            ],
            [
              -122.721303,
              38.431911
            ],
            [
              -122.721309,
              38.432358
            ],
            [
              -122.721306,
              38.432659
            ],
            [
              -122.721323,
              38.433025
            ],
            [
              -122.721331,
              38.433185
            ],
            [
              -122.721336,
              38.433288
            ],
            [
              -122.721332,
              38.433396
            ],
            [
              -122.721129,
              38.433366
            ],
            [
              -122.721106,
              38.433363
            ],
            [
              -122.720988,
              38.433335
            ],
            [
              -122.720703,
              38.433291
            ],
            [
              -122.720527,
              38.433252
            ],
            [
              -122.720376,
              38.43322
            ],
            [
              -122.720328,
              38.433208
            ],
            [
              -122.720037,
              38.433135
            ],
            [
              -122.719995,
              38.433125
            ],
            [
              -122.719614,
              38.432996
            ],
            [
              -122.719227,
              38.432854
            ],
            [
              -122.719191,
              38.432837
            ],
            [
              -122.719159,
              38.432823
            ],
            [
              -122.718913,
              38.432728
            ],
            [
              -122.718683,
              38.432632
            ],
            [
              -122.718499,
              38.432544
            ],
            [
              -122.718187,
              38.432396
            ],
            [
              -122.717528,
              38.432071
            ],
            [
              -122.717359,
              38.431989
            ],
            [
              -122.717337,
              38.431983
            ],
            [
              -122.716958,
              38.431802
            ],
            [
              -122.716927,
              38.431789
            ],
            [
              -122.7169,
              38.431777
            ],
            [
              -122.716633,
              38.43166
            ],
            [
              -122.716499,
              38.431613
            ],
            [
              -122.716353,
              38.431562
            ],
            [
              -122.71611,
              38.431484
            ],
            [
              -122.716071,
              38.431471
            ],
            [
              -122.715815,
              38.431391
            ],
            [
              -122.715779,
              38.43138
            ],
            [
              -122.715602,
              38.431325
            ],
            [
              -122.715536,
              38.431305
            ],
            [
              -122.715475,
              38.431287
            ],
            [
              -122.715308,
              38.431237
            ],
            [
              -122.715325,
              38.431278
            ],
            [
              -122.715567,
              38.431888
            ],
            [
              -122.715582,
              38.431928
            ],
            [
              -122.715957,
              38.432926
            ],
            [
              -122.716455,
              38.434237
            ],
            [
              -122.716604,
              38.434635
            ],
            [
              -122.71675,
              38.435006
            ],
            [
              -122.716935,
              38.435441
            ],
            [
              -122.717046,
              38.435686
            ],
            [
              -122.717136,
              38.435873
            ],
            [
              -122.717235,
              38.43608
            ],
            [
              -122.717363,
              38.436329
            ],
            [
              -122.717476,
              38.43653
            ],
            [
              -122.717675,
              38.436895
            ],
            [
              -122.717901,
              38.437281
            ],
            [
              -122.718076,
              38.43754
            ],
            [
              -122.718448,
              38.438093
            ],
            [
              -122.718652,
              38.438385
            ],
            [
              -122.719088,
              38.439011
            ],
            [
              -122.72039671297176,
              38.44092391379117
            ],
            [
              -122.72007308485081,
              38.44106213397496
            ],
            [
              -122.720073,
              38.441062
            ],
            [
              -122.719878,
              38.441147
            ],
            [
              -122.719595,
              38.441257
            ],
            [
              -122.719075,
              38.441445
            ],
            [
              -122.718725,
              38.441559
            ],
            [
              -122.718587,
              38.441605
            ],
            [
              -122.718275,
              38.441675
            ],
            [
              -122.718118,
              38.44171
            ],
            [
              -122.717851,
              38.441793
            ],
            [
              -122.717662,
              38.441858
            ],
            [
              -122.717598,
              38.441881
            ],
            [
              -122.717452,
              38.441924
            ],
            [
              -122.717313,
              38.441973
            ],
            [
              -122.716984,
              38.442126
            ],
            [
              -122.716685,
              38.442267
            ],
            [
              -122.715996,
              38.442583
            ],
            [
              -122.715667,
              38.442735
            ],
            [
              -122.715623,
              38.442763
            ],
            [
              -122.715526,
              38.442808
            ],
            [
              -122.715504,
              38.442814
            ],
            [
              -122.715473,
              38.442825
            ],
            [
              -122.715363,
              38.442846
            ],
            [
              -122.715307,
              38.44285
            ],
            [
              -122.715191,
              38.442844
            ],
            [
              -122.714964,
              38.442813
            ],
            [
              -122.714783,
              38.44281
            ],
            [
              -122.714679,
              38.442816
            ],
            [
              -122.714627,
              38.442827
            ],
            [
              -122.714566,
              38.44284
            ],
            [
              -122.714367,
              38.442918
            ],
            [
              -122.714188,
              38.442998
            ],
            [
              -122.714045,
              38.443063
            ],
            [
              -122.713907,
              38.443125
            ],
            [
              -122.713495,
              38.443312
            ],
            [
              -122.713358,
              38.443375
            ],
            [
              -122.713157,
              38.443464
            ],
            [
              -122.712654,
              38.443691
            ],
            [
              -122.712556,
              38.443733
            ],
            [
              -122.712396,
              38.443813
            ],
            [
              -122.712358,
              38.443825
            ],
            [
              -122.712313,
              38.443835
            ],
            [
              -122.712225,
              38.443841
            ],
            [
              -122.712117,
              38.44384
            ],
            [
              -122.711663,
              38.443836
            ],
            [
              -122.71156,
              38.443835
            ],
            [
              -122.71147,
              38.443821
            ],
            [
              -122.711396,
              38.443793
            ],
            [
              -122.711337,
              38.44376
            ],
            [
              -122.711179,
              38.443687
            ],
            [
              -122.711278,
              38.443599
            ],
            [
              -122.71136,
              38.443499
            ],
            [
              -122.711412,
              38.443438
            ],
            [
              -122.711465,
              38.443339
            ],
            [
              -122.711496,
              38.443241
            ],
            [
              -122.711507,
              38.443136
            ],
            [
              -122.711505,
              38.443075
            ],
            [
              -122.711496,
              38.443022
            ],
            [
              -122.711462,
              38.442918
            ],
            [
              -122.711437,
              38.442869
            ],
            [
              -122.711379,
              38.442781
            ],
            [
              -122.711331,
              38.442707
            ],
            [
              -122.711228,
              38.442569
            ],
            [
              -122.711148,
              38.442459
            ],
            [
              -122.711132,
              38.44244
            ],
            [
              -122.710957,
              38.442232
            ],
            [
              -122.710827,
              38.442072
            ],
            [
              -122.710727,
              38.441948
            ],
            [
              -122.71065,
              38.441854
            ],
            [
              -122.7106,
              38.441788
            ],
            [
              -122.710234,
              38.441302
            ],
            [
              -122.710112,
              38.441141
            ],
            [
              -122.710025,
              38.441017
            ],
            [
              -122.709766,
              38.440646
            ],
            [
              -122.709675,
              38.440527
            ],
            [
              -122.70954,
              38.440343
            ],
            [
              -122.709138,
              38.439794
            ],
            [
              -122.709049,
              38.439672
            ],
            [
              -122.709004,
              38.439611
            ],
            [
              -122.708887,
              38.43945
            ],
            [
              -122.70882,
              38.439359
            ],
            [
              -122.708546,
              38.438963
            ],
            [
              -122.708522,
              38.438929
            ],
            [
              -122.70845,
              38.438791
            ],
            [
              -122.708368,
              38.438689
            ],
            [
              -122.708287,
              38.438564
            ],
            [
              -122.708194,
              38.438451
            ],
            [
              -122.70804,
              38.438265
            ],
            [
              -122.707922,
              38.438128
            ],
            [
              -122.707842,
              38.438044
            ],
            [
              -122.707669,
              38.437886
            ],
            [
              -122.707513,
              38.437774
            ],
            [
              -122.707418,
              38.437714
            ],
            [
              -122.70732,
              38.437658
            ],
            [
              -122.707244,
              38.43762
            ],
            [
              -122.707187,
              38.437593
            ],
            [
              -122.707038,
              38.437509
            ],
            [
              -122.706928,
              38.437442
            ],
            [
              -122.706877,
              38.437407
            ],
            [
              -122.706827,
              38.437372
            ],
            [
              -122.706807,
              38.437358
            ],
            [
              -122.70668,
              38.437268
            ],
            [
              -122.706632,
              38.437234
            ],
            [
              -122.706582,
              38.437189
            ],
            [
              -122.70649,
              38.437087
            ],
            [
              -122.706455,
              38.437037
            ],
            [
              -122.706423,
              38.43698
            ],
            [
              -122.706331,
              38.436797
            ],
            [
              -122.706029,
              38.436262
            ],
            [
              -122.705929,
              38.436084
            ],
            [
              -122.705884,
              38.436006
            ],
            [
              -122.70575,
              38.435772
            ],
            [
              -122.705706,
              38.435694
            ],
            [
              -122.705634,
              38.435568
            ],
            [
              -122.705419,
              38.435191
            ],
            [
              -122.705348,
              38.435066
            ],
            [
              -122.705233,
              38.434865
            ],
            [
              -122.704891,
              38.434262
            ],
            [
              -122.704869,
              38.434222
            ],
            [
              -122.704775,
              38.434063
            ],
            [
              -122.704673,
              38.433881
            ],
            [
              -122.704414,
              38.433418
            ],
            [
              -122.704385,
              38.43333
            ],
            [
              -122.704374,
              38.433225
            ],
            [
              -122.704383,
              38.433124
            ],
            [
              -122.704389,
              38.433066
            ],
            [
              -122.704409,
              38.432893
            ],
            [
              -122.704416,
              38.432836
            ],
            [
              -122.704419,
              38.43274
            ],
            [
              -122.704424,
              38.432642
            ],
            [
              -122.704426,
              38.432454
            ],
            [
              -122.704427,
              38.432387
            ],
            [
              -122.704436,
              38.43236
            ],
            [
              -122.70467,
              38.4323
            ],
            [
              -122.705104,
              38.432191
            ],
            [
              -122.705371,
              38.432116
            ],
            [
              -122.705604,
              38.432051
            ],
            [
              -122.705845,
              38.431975
            ],
            [
              -122.706161,
              38.431877
            ],
            [
              -122.706571,
              38.431762
            ],
            [
              -122.706815,
              38.431694
            ],
            [
              -122.706675,
              38.431413
            ],
            [
              -122.70648,
              38.431084
            ],
            [
              -122.706204,
              38.430601
            ],
            [
              -122.70605,
              38.430329
            ],
            [
              -122.70594,
              38.430137
            ],
            [
              -122.705843,
              38.429967
            ],
            [
              -122.7056,
              38.42957
            ],
            [
              -122.705485,
              38.429382
            ],
            [
              -122.705377,
              38.429193
            ],
            [
              -122.705349,
              38.429142
            ],
            [
              -122.70517,
              38.428844
            ],
            [
              -122.705052,
              38.428628
            ],
            [
              -122.704949,
              38.428438
            ],
            [
              -122.704839,
              38.428245
            ],
            [
              -122.704509,
              38.427668
            ],
            [
              -122.7044,
              38.427476
            ],
            [
              -122.704632,
              38.427395
            ],
            [
              -122.705113,
              38.427228
            ],
            [
              -122.705328,
              38.427148
            ],
            [
              -122.705559,
              38.427064
            ],
            [
              -122.705808,
              38.426976
            ],
            [
              -122.705971,
              38.42692
            ],
            [
              -122.706338,
              38.426783
            ],
            [
              -122.706555,
              38.426709
            ],
            [
              -122.706806,
              38.426624
            ],
            [
              -122.707054,
              38.426533
            ],
            [
              -122.707701,
              38.426299
            ],
            [
              -122.707801,
              38.426261
            ],
            [
              -122.708049,
              38.426168
            ],
            [
              -122.708293,
              38.426085
            ],
            [
              -122.708439,
              38.426037
            ],
            [
              -122.708779,
              38.425912
            ],
            [
              -122.709021,
              38.425819
            ],
            [
              -122.709263,
              38.425728
            ],
            [
              -122.709148,
              38.425528
            ],
            [
              -122.708804,
              38.42493
            ],
            [
              -122.70869,
              38.424731
            ],
            [
              -122.708598,
              38.424712
            ],
            [
              -122.708379,
              38.424202
            ],
            [
              -122.708182,
              38.423859
            ],
            [
              -122.708057,
              38.423672
            ],
            [
              -122.707758,
              38.423225
            ],
            [
              -122.707694,
              38.423108
            ],
            [
              -122.70759237289474,
              38.42292008572988
            ],
            [
              -122.707588,
              38.422912
            ],
            [
              -122.707741,
              38.422848
            ],
            [
              -122.708257,
              38.422686
            ],
            [
              -122.708473,
              38.422614
            ],
            [
              -122.708824,
              38.422498
            ],
            [
              -122.709454,
              38.422275
            ],
            [
              -122.710319,
              38.421967
            ],
            [
              -122.711121,
              38.421695
            ],
            [
              -122.711264,
              38.421647
            ],
            [
              -122.712005,
              38.421392
            ],
            [
              -122.71208,
              38.421366
            ],
            [
              -122.712175,
              38.42133
            ],
            [
              -122.712333,
              38.421272
            ],
            [
              -122.712375,
              38.421257
            ],
            [
              -122.71254,
              38.421204
            ],
            [
              -122.712692,
              38.421165
            ],
            [
              -122.71287,
              38.421132
            ],
            [
              -122.712955,
              38.421122
            ],
            [
              -122.713092,
              38.421107
            ],
            [
              -122.713269,
              38.421107
            ],
            [
              -122.71332,
              38.421123
            ],
            [
              -122.71332451631758,
              38.42112520797749
            ],
            [
              -122.713365,
              38.421145
            ],
            [
              -122.713398,
              38.421172
            ],
            [
              -122.71340945691294,
              38.421175437073884
            ],
            [
              -122.713488,
              38.421199
            ],
            [
              -122.713491,
              38.420906
            ],
            [
              -122.713704,
              38.420924
            ],
            [
              -122.714089,
              38.420851
            ],
            [
              -122.714143,
              38.42082
            ],
            [
              -122.714246,
              38.420724
            ],
            [
              -122.714862,
              38.420434
            ],
            [
              -122.714852,
              38.420338
            ],
            [
              -122.715034,
              38.420272
            ],
            [
              -122.715397,
              38.420151
            ],
            [
              -122.715482,
              38.420121
            ],
            [
              -122.71555,
              38.420097
            ],
            [
              -122.71581,
              38.420023
            ],
            [
              -122.716065,
              38.419914
            ],
            [
              -122.717347,
              38.419472
            ],
            [
              -122.717422,
              38.419439
            ],
            [
              -122.717871,
              38.419449
            ]
          ]
        ]
      },
      "properties": {
        "school": "Luther Burbank Elementary School",
        "students": 431,
        "residents": 347
      }
    },
    {
      "type": "Feature",
      "geometry": {
        "type": "Polygon",
        "coordinates": [
          [
            [
              -122.728426,
              38.436428
            ],
            [
              -122.728502,
              38.436417
            ],
            [
              -122.728633,
              38.436401
            ],
            [
              -122.729256,
              38.436327
            ],
            [
              -122.729464,
              38.436303
            ],
            [
              -122.729713,
              38.436273
            ],
            [
              -122.72999,
              38.436241
            ],
            [
              -122.730438,
              38.436087
            ],
            [
              -122.730676,
              38.436006
            ],
            [
              -122.730793,
              38.435966
            ],
            [
              -122.731142,
              38.435806
            ],
            [
              -122.731177,
              38.435793
            ],
            [
              -122.731945,
              38.435531
            ],
            [
              -122.732399,
              38.435462
            ],
            [
              -122.73249,
              38.435449
            ],
            [
              -122.732761,
              38.435425
            ],
            [
              -122.733951,
              38.43555
            ],
            [
              -122.734271,
              38.435577
            ],
            [
              -122.73428155738408,
              38.43558173938294
            ],
            [
              -122.734594,
              38.435722
            ],
            [
              -122.734739,
              38.435838
            ],
            [
              -122.735886,
              38.437282
            ],
            [
              -122.736011,
              38.437381
            ],
            [
              -122.736238,
              38.437512
            ],
            [
              -122.73624763532341,
              38.43751483581424
            ],
            [
              -122.736537,
              38.4376
            ],
            [
              -122.736684,
              38.437643
            ],
            [
              -122.737125,
              38.437772
            ],
            [
              -122.737272,
              38.437816
            ],
            [
              -122.737464,
              38.437872
            ],
            [
              -122.738041,
              38.438041
            ],
            [
              -122.738234,
              38.438098
            ],
            [
              -122.738383,
              38.438141
            ],
            [
              -122.738476,
              38.438169
            ],
            [
              -122.73883,
              38.43828
            ],
            [
              -122.738979,
              38.438327
            ],
            [
              -122.739068,
              38.438355
            ],
            [
              -122.739336,
              38.438439
            ],
            [
              -122.739426,
              38.438468
            ],
            [
              -122.739588,
              38.438519
            ],
            [
              -122.739856,
              38.438603
            ],
            [
              -122.740074,
              38.438672
            ],
            [
              -122.740237,
              38.438724
            ],
            [
              -122.740401,
              38.438775
            ],
            [
              -122.74079,
              38.438898
            ],
            [
              -122.740896,
              38.438922
            ],
            [
              -122.741064,
              38.438962
            ],
            [
              -122.741158,
              38.438984
            ],
            [
              -122.741465,
              38.438984
            ],
            [
              -122.741511,
              38.438984
            ],
            [
              -122.741567,
              38.438963
            ],
            [
              -122.742033,
              38.438792
            ],
            [
              -122.7426,
              38.43857
            ],
            [
              -122.742977,
              38.438423
            ],
            [
              -122.74297822408008,
              38.438432698480575
            ],
            [
              -122.74299,
              38.438526
            ],
            [
              -122.742999,
              38.438602
            ],
            [
              -122.743017,
              38.438715
            ],
            [
              -122.74306,
              38.438965
            ],
            [
              -122.743068,
              38.439012
            ],
            [
              -122.743086,
              38.439084
            ],
            [
              -122.743139,
              38.439232
            ],
            [
              -122.743214,
              38.439374
            ],
            [
              -122.743337,
              38.439552
            ],
            [
              -122.743424,
              38.439657
            ],
            [
              -122.743557,
              38.439789
            ],
            [
              -122.743631,
              38.43985
            ],
            [
              -122.743788,
              38.439963
            ],
            [
              -122.743928,
              38.440045
            ],
            [
              -122.744123,
              38.440141
            ],
            [
              -122.744272,
              38.440214
            ],
            [
              -122.744622,
              38.440372
            ],
            [
              -122.7449,
              38.440494
            ],
            [
              -122.744948,
              38.440516
            ],
            [
              -122.745146,
              38.440625
            ],
            [
              -122.745412,
              38.440773
            ],
            [
              -122.745709,
              38.440913
            ],
            [
              -122.745984,
              38.441044
            ],
            [
              -122.74655,
              38.44133
            ],
            [
              -122.747042,
              38.441557
            ],
            [
              -122.747286,
              38.441679
            ],
            [
              -122.748188,
              38.44213
            ],
            [
              -122.749697,
              38.442858
            ],
            [
              -122.750303,
              38.443176
            ],
            [
              -122.750394,
              38.443231
            ],
            [
              -122.750557,
              38.443345
            ],
            [
              -122.750644,
              38.443415
            ],
            [
              -122.750791,
              38.443553
            ],
            [
              -122.750893,
              38.443669
            ],
            [
              -122.750955,
              38.443749
            ],
            [
              -122.751013,
              38.443838
            ],
            [
              -122.751061,
              38.443912
            ],
            [
              -122.751147,
              38.444082
            ],
            [
              -122.751212,
              38.444258
            ],
            [
              -122.751255,
              38.444439
            ],
            [
              -122.751276,
              38.444621
            ],
            [
              -122.751289,
              38.445235
            ],
            [
              -122.750593,
              38.445233
            ],
            [
              -122.750535,
              38.445232
            ],
            [
              -122.749018,
              38.445212
            ],
            [
              -122.748276,
              38.445205
            ],
            [
              -122.74824,
              38.445205
            ],
            [
              -122.747818,
              38.445212
            ],
            [
              -122.747524,
              38.445231
            ],
            [
              -122.747461,
              38.445235
            ],
            [
              -122.747224,
              38.44524
            ],
            [
              -122.747091,
              38.445243
            ],
            [
              -122.746327,
              38.445235
            ],
            [
              -122.746028,
              38.445232
            ],
            [
              -122.745855,
              38.44523
            ],
            [
              -122.745338,
              38.445224
            ],
            [
              -122.745166,
              38.445223
            ],
            [
              -122.745023,
              38.445222
            ],
            [
              -122.744757,
              38.445221
            ],
            [
              -122.744597,
              38.445216
            ],
            [
              -122.744456,
              38.445212
            ],
            [
              -122.744387,
              38.445209
            ],
            [
              -122.744336,
              38.445208
            ],
            [
              -122.74418,
              38.445208
            ],
            [
              -122.744112,
              38.445209
            ],
            [
              -122.744069,
              38.445209
            ],
            [
              -122.743942,
              38.445209
            ],
            [
              -122.7439,
              38.44521
            ],
            [
              -122.743685,
              38.445212
            ],
            [
              -122.743665,
              38.445212
            ],
            [
              -122.743648,
              38.445212
            ],
            [
              -122.743393,
              38.445212
            ],
            [
              -122.743143,
              38.44525
            ],
            [
              -122.742898,
              38.445273
            ],
            [
              -122.742648,
              38.445298
            ],
            [
              -122.742456,
              38.445305
            ],
            [
              -122.741883,
              38.445327
            ],
            [
              -122.741692,
              38.445335
            ],
            [
              -122.741318,
              38.445351
            ],
            [
              -122.741041,
              38.445363
            ],
            [
              -122.740534,
              38.445362
            ],
            [
              -122.740196,
              38.445372
            ],
            [
              -122.739822,
              38.445384
            ],
            [
              -122.739746,
              38.445386
            ],
            [
              -122.739625,
              38.44539
            ],
            [
              -122.739521,
              38.445396
            ],
            [
              -122.739446,
              38.445402
            ],
            [
              -122.739305,
              38.445412
            ],
            [
              -122.739011,
              38.445433
            ],
            [
              -122.738987,
              38.445434
            ],
            [
              -122.738882,
              38.44544
            ],
            [
              -122.738741,
              38.445448
            ],
            [
              -122.738654,
              38.445452
            ],
            [
              -122.73854,
              38.445459
            ],
            [
              -122.738393,
              38.445466
            ],
            [
              -122.738306,
              38.445471
            ],
            [
              -122.738067,
              38.445481
            ],
            [
              -122.737353,
              38.445514
            ],
            [
              -122.737166,
              38.445523
            ],
            [
              -122.737115,
              38.445525
            ],
            [
              -122.737049,
              38.445527
            ],
            [
              -122.736853,
              38.445537
            ],
            [
              -122.736788,
              38.44554
            ],
            [
              -122.736648,
              38.445545
            ],
            [
              -122.73623,
              38.445561
            ],
            [
              -122.736091,
              38.445567
            ],
            [
              -122.736045,
              38.445568
            ],
            [
              -122.735992,
              38.44557
            ],
            [
              -122.735909,
              38.445574
            ],
            [
              -122.735864,
              38.445576
            ],
            [
              -122.735528,
              38.445588
            ],
            [
              -122.735375,
              38.445594
            ],
            [
              -122.734522,
              38.445618
            ],
            [
              -122.734337,
              38.445624
            ],
            [
              -122.734187,
              38.445632
            ],
            [
              -122.733951,
              38.445642
            ],
            [
              -122.733245,
              38.445674
            ],
            [
              -122.73301,
              38.445685
            ],
            [
              -122.732707,
              38.445699
            ],
            [
              -122.730415,
              38.445805
            ],
            [
              -122.729744,
              38.445834
            ],
            [
              -122.729457,
              38.445849
            ],
            [
              -122.728762,
              38.445886
            ],
            [
              -122.728596,
              38.44589
            ],
            [
              -122.728538,
              38.445892
            ],
            [
              -122.728311,
              38.445917
            ],
            [
              -122.728266,
              38.445922
            ],
            [
              -122.727975,
              38.445935
            ],
            [
              -122.727898,
              38.445939
            ],
            [
              -122.727483,
              38.445928
            ],
            [
              -122.727085,
              38.445906
            ],
            [
              -122.726968,
              38.445901
            ],
            [
              -122.726633,
              38.445889
            ],
            [
              -122.726527,
              38.445887
            ],
            [
              -122.726373,
              38.445876
            ],
            [
              -122.726224,
              38.445872
            ],
            [
              -122.725682,
              38.445858
            ],
            [
              -122.725321,
              38.445855
            ],
            [
              -122.725288,
              38.44586
            ],
            [
              -122.725092,
              38.445882
            ],
            [
              -122.724998,
              38.445885
            ],
            [
              -122.724589,
              38.445901
            ],
            [
              -122.724503,
              38.445904
            ],
            [
              -122.724391,
              38.44591
            ],
            [
              -122.724247,
              38.445906
            ],
            [
              -122.724162,
              38.445905
            ],
            [
              -122.724023,
              38.445901
            ],
            [
              -122.723867,
              38.445898
            ],
            [
              -122.723747,
              38.445727
            ],
            [
              -122.723628,
              38.445559
            ],
            [
              -122.723564,
              38.445458
            ],
            [
              -122.723164,
              38.444878
            ],
            [
              -122.722561,
              38.444016
            ],
            [
              -122.722025,
              38.443259
            ],
            [
              -122.721434,
              38.442433
            ],
            [
              -122.721332,
              38.442291
            ],
            [
              -122.719088,
              38.439011
            ],
            [
              -122.718652,
              38.438385
            ],
            [
              -122.718448,
              38.438093
            ],
            [
              -122.718076,
              38.43754
            ],
            [
              -122.717901,
              38.437281
            ],
            [
              -122.717675,
              38.436895
            ],
            [
              -122.717476,
              38.43653
            ],
            [
              -122.717363,
              38.436329
            ],
            [
              -122.717235,
              38.43608
            ],
            [
              -122.717136,
              38.435873
            ],
            [
              -122.717046,
              38.435686
            ],
            [
              -122.716935,
              38.435441
            ],
            [
              -122.71675,
              38.435006
            ],
            [
              -122.716604,
              38.434635
            ],
            [
              -122.716455,
              38.434237
            ],
            [
              -122.715957,
              38.432926
            ],
            [
              -122.715582,
              38.431928
            ],
            [
              -122.715567,
              38.431888
            ],
            [
              -122.715325,
              38.431278
            ],
            [
              -122.715308,
              38.431237
            ],
            [
              -122.715475,
              38.431287
            ],
            [
              -122.715536,
              38.431305
            ],
            [
              -122.715602,
              38.431325
            ],
            [
              -122.715779,
              38.43138
            ],
            [
              -122.715815,
              38.431391
            ],
            [
              -122.716071,
              38.431471
            ],
            [
              -122.71611,
              38.431484
            ],
            [
              -122.716353,
              38.431562
            ],
            [
              -122.716499,
              38.431613
            ],
            [
              -122.716633,
              38.43166
            ],
            [
              -122.7169,
              38.431777
            ],
            [
              -122.716927,
              38.431789
            ],
            [
              -122.716958,
              38.431802
            ],
            [
              -122.717337,
              38.431983
            ],
            [
              -122.717359,
              38.431989
            ],
            [
              -122.717528,
              38.432071
            ],
            [
              -122.718187,
              38.432396
            ],
            [
              -122.718499,
              38.432544
            ],
            [
              -122.718683,
              38.432632
            ],
            [
              -122.718913,
              38.432728
            ],
            [
              -122.719159,
              38.432823
            ],
            [
              -122.719191,
              38.432837
            ],
            [
              -122.719227,
              38.432854
            ],
            [
              -122.719614,
              38.432996
            ],
            [
              -122.719995,
              38.433125
            ],
            [
              -122.720037,
              38.433135
            ],
            [
              -122.720328,
              38.433208
            ],
            [
              -122.720376,
              38.43322
            ],
            [
              -122.720527,
              38.433252
            ],
            [
              -122.720703,
              38.433291
            ],
            [
              -122.720988,
              38.433335
            ],
            [
              -122.721106,
              38.433363
            ],
            [
              -122.721129,
              38.433366
            ],
            [
              -122.721332,
              38.433396
            ],
            [
              -122.72133,
              38.43342
            ],
            [
              -122.721328,
              38.433492
            ],
            [
              -122.721327,
              38.433517
            ],
            [
              -122.721326,
              38.433534
            ],
            [
              -122.721324,
              38.433589
            ],
            [
              -122.721324,
              38.433607
            ],
            [
              -122.721321,
              38.433678
            ],
            [
              -122.721322,
              38.433732
            ],
            [
              -122.721331,
              38.434109
            ],
            [
              -122.721334,
              38.434235
            ],
            [
              -122.721334,
              38.434382
            ],
            [
              -122.721337,
              38.434825
            ],
            [
              -122.721338,
              38.434973
            ],
            [
              -122.72135130660298,
              38.43497328311921
            ],
            [
              -122.721385,
              38.434974
            ],
            [
              -122.721544,
              38.43498
            ],
            [
              -122.721639,
              38.434984
            ],
            [
              -122.721915,
              38.434996
            ],
            [
              -122.72192245635168,
              38.43500071887991
            ],
            [
              -122.722201,
              38.435177
            ],
            [
              -122.722329,
              38.435252
            ],
            [
              -122.722418,
              38.435304
            ],
            [
              -122.722472,
              38.435368
            ],
            [
              -122.722516,
              38.43542
            ],
            [
              -122.722533,
              38.435441
            ],
            [
              -122.722587,
              38.435504
            ],
            [
              -122.722605,
              38.435526
            ],
            [
              -122.722623,
              38.435548
            ],
            [
              -122.722678,
              38.435614
            ],
            [
              -122.722697,
              38.435636
            ],
            [
              -122.722746,
              38.435694
            ],
            [
              -122.7229,
              38.435853
            ],
            [
              -122.722927,
              38.435904
            ],
            [
              -122.723298,
              38.436594
            ],
            [
              -122.723538,
              38.43675
            ],
            [
              -122.723578,
              38.436776
            ],
            [
              -122.72358648175637,
              38.43677781751922
            ],
            [
              -122.723704,
              38.436803
            ],
            [
              -122.723884,
              38.436807
            ],
            [
              -122.724019,
              38.43681
            ],
            [
              -122.724381,
              38.436819
            ],
            [
              -122.724425,
              38.436809
            ],
            [
              -122.724558,
              38.436781
            ],
            [
              -122.72456050224066,
              38.43678825649791
            ],
            [
              -122.724598,
              38.436897
            ],
            [
              -122.724638,
              38.437009
            ],
            [
              -122.72464906814055,
              38.43700761648243
            ],
            [
              -122.724678,
              38.437004
            ],
            [
              -122.724818,
              38.436962
            ],
            [
              -122.725097,
              38.436859
            ],
            [
              -122.726381,
              38.436497
            ],
            [
              -122.726533,
              38.436462
            ],
            [
              -122.726913,
              38.436434
            ],
            [
              -122.727112,
              38.436438
            ],
            [
              -122.72755,
              38.436501
            ],
            [
              -122.727905,
              38.436552
            ],
            [
              -122.728032,
              38.43656
            ],
            [
              -122.728111,
              38.436559
            ],
            [
              -122.728323,
              38.436541
            ],
            [
              -122.728461,
              38.436523
            ],
            [
              -122.728445,
              38.436481
            ],
            [
              -122.728426,
              38.436428
            ]
          ]
        ]
      },
      "properties": {
        "school": "Abraham Lincoln Elementary School",
        "students": 301,
        "residents": 221
      }
    },
    {
      "type": "Feature",
      "geometry": {
        "type": "Polygon",
        "coordinates": [
          [
            [
              -122.735655,
              38.462883
            ],
            [
              -122.736653,
              38.462886
            ],
            [
              -122.736789,
              38.462887
            ],
            [
              -122.737411,
              38.462892
            ],
            [
              -122.737997,
              38.462897
            ],
            [
              -122.73845,
              38.462901
            ],
            [
              -122.738466,
              38.462901
            ],
            [
              -122.73931,
              38.46294
            ],
            [
              -122.739872,
              38.462975
            ],
            [
              -122.740026,
              38.462985
            ],
            [
              -122.74034,
              38.46301
            ],
            [
              -122.740615,
              38.463031
            ],
            [
              -122.7408,
              38.463046
            ],
            [
              -122.741438,
              38.462964
            ],
            [
              -122.741713,
              38.46293
            ],
            [
              -122.742383,
              38.462845
            ],
            [
              -122.742854,
              38.462712
            ],
            [
              -122.742947,
              38.462661
            ],
            [
              -122.742989,
              38.46271
            ],
            [
              -122.743223,
              38.462978
            ],
            [
              -122.743394,
              38.463173
            ],
            [
              -122.743698,
              38.463521
            ],
            [
              -122.744611,
              38.464566
            ],
            [
              -122.744828,
              38.464814
            ],
            [
              -122.744916,
              38.464915
            ],
            [
              -122.745068,
              38.465089
            ],
            [
              -122.745524,
              38.465611
            ],
            [
              -122.74563,
              38.465732
            ],
            [
              -122.745677,
              38.465786
            ],
            [
              -122.745709,
              38.465823
            ],
            [
              -122.745783,
              38.465907
            ],
            [
              -122.746045,
              38.466208
            ],
            [
              -122.746933,
              38.467226
            ],
            [
              -122.746802,
              38.467233
            ],
            [
              -122.744819,
              38.467333
            ],
            [
              -122.744781,
              38.467365
            ],
            [
              -122.74442769347,
              38.46765567046928
            ],
            [
              -122.74442,
              38.467662
            ],
            [
              -122.74441,
              38.467642
            ],
            [
              -122.744395,
              38.467602
            ],
            [
              -122.744388,
              38.467583
            ],
            [
              -122.744328,
              38.467419
            ],
            [
              -122.74430795440014,
              38.467364330182214
            ],
            [
              -122.744306,
              38.467359
            ],
            [
              -122.744049,
              38.467367
            ],
            [
              -122.743941,
              38.467367
            ],
            [
              -122.742849,
              38.467376
            ],
            [
              -122.742485,
              38.46738
            ],
            [
              -122.742322,
              38.467381
            ],
            [
              -122.742022,
              38.467384
            ],
            [
              -122.741833,
              38.467383
            ],
            [
              -122.74167,
              38.467383
            ],
            [
              -122.741687,
              38.467646
            ],
            [
              -122.741673,
              38.469045
            ],
            [
              -122.741681,
              38.469762
            ],
            [
              -122.741687,
              38.47079
            ],
            [
              -122.741692,
              38.471811
            ],
            [
              -122.741686,
              38.472568
            ],
            [
              -122.741693,
              38.473218
            ],
            [
              -122.741701,
              38.473852
            ],
            [
              -122.741701,
              38.473952
            ],
            [
              -122.741702,
              38.474616
            ],
            [
              -122.74035,
              38.474615
            ],
            [
              -122.740177,
              38.474701
            ],
            [
              -122.740175,
              38.475178
            ],
            [
              -122.738935,
              38.475169
            ],
            [
              -122.73811,
              38.475163
            ],
            [
              -122.738109,
              38.475306
            ],
            [
              -122.738108,
              38.475497
            ],
            [
              -122.738106,
              38.475768
            ],
            [
              -122.738104,
              38.476305
            ],
            [
              -122.737212,
              38.476855
            ],
            [
              -122.734796,
              38.478392
            ],
            [
              -122.733939,
              38.478416
            ],
            [
              -122.733388,
              38.478806
            ],
            [
              -122.733348,
              38.478837
            ],
            [
              -122.733229,
              38.478929
            ],
            [
              -122.73319,
              38.478961
            ],
            [
              -122.733101,
              38.479028
            ],
            [
              -122.733008,
              38.4791
            ],
            [
              -122.732835,
              38.479231
            ],
            [
              -122.732747,
              38.479299
            ],
            [
              -122.732774,
              38.479337
            ],
            [
              -122.732833,
              38.479419
            ],
            [
              -122.732858,
              38.479453
            ],
            [
              -122.732887,
              38.479492
            ],
            [
              -122.732935,
              38.479557
            ],
            [
              -122.732745,
              38.479684
            ],
            [
              -122.730111,
              38.481352
            ],
            [
              -122.729213,
              38.481699
            ],
            [
              -122.728229,
              38.481756
            ],
            [
              -122.726178,
              38.482114
            ],
            [
              -122.7257,
              38.482154
            ],
            [
              -122.724446,
              38.482256
            ],
            [
              -122.724357,
              38.482378
            ],
            [
              -122.724214,
              38.482401
            ],
            [
              -122.724005,
              38.482594
            ],
            [
              -122.7239,
              38.482769
            ],
            [
              -122.723828,
              38.482931
            ],
            [
              -122.723481,
              38.48372
            ],
            [
              -122.723299,
              38.483802
            ],
            [
              -122.723337,
              38.487425
            ],
            [
              -122.723352,
              38.489138
            ],
            [
              -122.723128,
              38.489142
            ],
            [
              -122.718613,
              38.489205
            ],
            [
              -122.717749,
              38.489219
            ],
            [
              -122.71736635167578,
              38.4895200035661
            ],
            [
              -122.71736,
              38.489525
            ],
            [
              -122.717292,
              38.489428
            ],
            [
              -122.717186,
              38.489321
            ],
            [
              -122.717092,
              38.489248
            ],
            [
              -122.71707299021057,
              38.489236030873315
            ],
            [
              -122.717065,
              38.489231
            ],
            [
              -122.716015,
              38.489241
            ],
            [
              -122.715757,
              38.489245
            ],
            [
              -122.713371,
              38.489277
            ],
            [
              -122.712364,
              38.489276
            ],
            [
              -122.712505,
              38.489733
            ],
            [
              -122.712345,
              38.491281
            ],
            [
              -122.712621,
              38.492607
            ],
            [
              -122.712683,
              38.492763
            ],
            [
              -122.712544,
              38.492825
            ],
            [
              -122.712475,
              38.492851
            ],
            [
              -122.712329,
              38.492907
            ],
            [
              -122.712272,
              38.492922
            ],
            [
              -122.712349,
              38.493026
            ],
            [
              -122.712389,
              38.493117
            ],
            [
              -122.712413,
              38.493224
            ],
            [
              -122.712416,
              38.493321
            ],
            [
              -122.712399,
              38.493533
            ],
            [
              -122.712404,
              38.493703
            ],
            [
              -122.712416,
              38.493801
            ],
            [
              -122.712426,
              38.493879
            ],
            [
              -122.712457,
              38.494027
            ],
            [
              -122.712512,
              38.494205
            ],
            [
              -122.712561,
              38.49432
            ],
            [
              -122.712595,
              38.494397
            ],
            [
              -122.712698,
              38.49458
            ],
            [
              -122.712893,
              38.494887
            ],
            [
              -122.712981,
              38.495056
            ],
            [
              -122.713005,
              38.495116
            ],
            [
              -122.713013,
              38.495137
            ],
            [
              -122.713054,
              38.495239
            ],
            [
              -122.713114,
              38.495433
            ],
            [
              -122.713128,
              38.495499
            ],
            [
              -122.713146,
              38.495559
            ],
            [
              -122.713249,
              38.495899
            ],
            [
              -122.713252,
              38.495937
            ],
            [
              -122.713266,
              38.496068
            ],
            [
              -122.713306,
              38.496227
            ],
            [
              -122.713393,
              38.496575
            ],
            [
              -122.71152,
              38.49658
            ],
            [
              -122.704985,
              38.496632
            ],
            [
              -122.697941,
              38.496637
            ],
            [
              -122.697339,
              38.496644
            ],
            [
              -122.69560065099208,
              38.496644
            ],
            [
              -122.695587,
              38.496644
            ],
            [
              -122.695637,
              38.495836
            ],
            [
              -122.69553516685149,
              38.493021611316664
            ],
            [
              -122.695535,
              38.493017
            ],
            [
              -122.694574,
              38.49299
            ],
            [
              -122.68636631861291,
              38.49301795463798
            ],
            [
              -122.686353,
              38.493018
            ],
            [
              -122.686349,
              38.492113
            ],
            [
              -122.686214,
              38.482172
            ],
            [
              -122.686242,
              38.481181
            ],
            [
              -122.689815,
              38.4811
            ],
            [
              -122.689994,
              38.481091
            ],
            [
              -122.68999715714554,
              38.481096493433235
            ],
            [
              -122.690094,
              38.481265
            ],
            [
              -122.690659,
              38.48223
            ],
            [
              -122.69088,
              38.482625
            ],
            [
              -122.690921,
              38.482697
            ],
            [
              -122.691139,
              38.48307
            ],
            [
              -122.691211,
              38.483215
            ],
            [
              -122.691233,
              38.483259
            ],
            [
              -122.691265,
              38.483323
            ],
            [
              -122.691246,
              38.483398
            ],
            [
              -122.691235,
              38.483447
            ],
            [
              -122.691248,
              38.483455
            ],
            [
              -122.691289,
              38.48348
            ],
            [
              -122.691303,
              38.483489
            ],
            [
              -122.691372,
              38.483532
            ],
            [
              -122.691477,
              38.483815
            ],
            [
              -122.691532,
              38.483993
            ],
            [
              -122.691576,
              38.484135
            ],
            [
              -122.69158648243001,
              38.48413075615541
            ],
            [
              -122.693142,
              38.483501
            ],
            [
              -122.693627,
              38.483168
            ],
            [
              -122.69383,
              38.482833
            ],
            [
              -122.694271,
              38.482052
            ],
            [
              -122.695606,
              38.482033
            ],
            [
              -122.69547507094751,
              38.4747749329832
            ],
            [
              -122.695475,
              38.474771
            ],
            [
              -122.695323,
              38.474759
            ],
            [
              -122.694993,
              38.474751
            ],
            [
              -122.694824,
              38.474753
            ],
            [
              -122.694338,
              38.474743
            ],
            [
              -122.693727,
              38.474755
            ],
            [
              -122.693651,
              38.474798
            ],
            [
              -122.69361,
              38.474831
            ],
            [
              -122.6935727835476,
              38.47482129136024
            ],
            [
              -122.693564,
              38.474819
            ],
            [
              -122.69350696896763,
              38.47478534234155
            ],
            [
              -122.693503,
              38.474783
            ],
            [
              -122.6934,
              38.474754
            ],
            [
              -122.693346,
              38.474745
            ],
            [
              -122.693282,
              38.474741
            ],
            [
              -122.69297,
              38.474755
            ],
            [
              -122.692865,
              38.474777
            ],
            [
              -122.69276973028303,
              38.47481137567107
            ],
            [
              -122.692768,
              38.474812
            ],
            [
              -122.692652,
              38.474756
            ],
            [
              -122.69263378375001,
              38.474672205250044
            ],
            [
              -122.692632,
              38.474664
            ],
            [
              -122.692589,
              38.474676
            ],
            [
              -122.692512,
              38.474684
            ],
            [
              -122.692335,
              38.47469
            ],
            [
              -122.691869,
              38.474692
            ],
            [
              -122.691844,
              38.474692
            ],
            [
              -122.691228,
              38.474683
            ],
            [
              -122.690943,
              38.474688
            ],
            [
              -122.690877,
              38.474701
            ],
            [
              -122.690861,
              38.474739
            ],
            [
              -122.69052947749728,
              38.47475821869581
            ],
            [
              -122.690516,
              38.474759
            ],
            [
              -122.690528,
              38.474261
            ],
            [
              -122.690525,
              38.473023
            ],
            [
              -122.690524,
              38.472385
            ],
            [
              -122.6905279519206,
              38.471968072376214
            ],
            [
              -122.690528,
              38.471963
            ],
            [
              -122.68966848895978,
              38.47196888706192
            ],
            [
              -122.689652,
              38.471969
            ],
            [
              -122.68996,
              38.471471
            ],
            [
              -122.690063,
              38.471333
            ],
            [
              -122.690176,
              38.471143
            ],
            [
              -122.690585,
              38.470491
            ],
            [
              -122.690649,
              38.470391
            ],
            [
              -122.691957,
              38.47038
            ],
            [
              -122.692412,
              38.470413
            ],
            [
              -122.693857,
              38.468146
            ],
            [
              -122.694154,
              38.467691
            ],
            [
              -122.694472,
              38.467211
            ],
            [
              -122.695278,
              38.46595
            ],
            [
              -122.695329,
              38.465871
            ],
            [
              -122.69534216599924,
              38.46587624798571
            ],
            [
              -122.695615,
              38.465985
            ],
            [
              -122.695719,
              38.466026
            ],
            [
              -122.697084,
              38.466567
            ],
            [
              -122.697222,
              38.46665
            ],
            [
              -122.69722338370211,
              38.46664778902067
            ],
            [
              -122.697692,
              38.465899
            ],
            [
              -122.697667,
              38.465884
            ],
            [
              -122.695989,
              38.465251
            ],
            [
              -122.6959841339332,
              38.465205258972105
            ],
            [
              -122.695984,
              38.465204
            ],
            [
              -122.69581114270743,
              38.46515529435403
            ],
            [
              -122.695803,
              38.465153
            ],
            [
              -122.695625,
              38.465061
            ],
            [
              -122.695561,
              38.465028
            ],
            [
              -122.695578,
              38.464981
            ],
            [
              -122.695701,
              38.464967
            ],
            [
              -122.695813,
              38.464925
            ],
            [
              -122.695873,
              38.464877
            ],
            [
              -122.696168,
              38.464423
            ],
            [
              -122.696761,
              38.463567
            ],
            [
              -122.697358,
              38.462581
            ],
            [
              -122.69786,
              38.461772
            ],
            [
              -122.698012,
              38.461563
            ],
            [
              -122.698276,
              38.46125
            ],
            [
              -122.69775,
              38.460833
            ],
            [
              -122.697651,
              38.460764
            ],
            [
              -122.69738,
              38.46061
            ],
            [
              -122.696824,
              38.460302
            ],
            [
              -122.696748,
              38.460248
            ],
            [
              -122.69675042411836,
              38.46024546044743
            ],
            [
              -122.696811,
              38.460182
            ],
            [
              -122.696895,
              38.460092
            ],
            [
              -122.696962,
              38.460022
            ],
            [
              -122.697096,
              38.459854
            ],
            [
              -122.697128,
              38.459806
            ],
            [
              -122.697199,
              38.459706
            ],
            [
              -122.697246,
              38.459637
            ],
            [
              -122.697372,
              38.459458
            ],
            [
              -122.697393,
              38.459433
            ],
            [
              -122.697447,
              38.459369
            ],
            [
              -122.697549,
              38.459266
            ],
            [
              -122.697591,
              38.45924
            ],
            [
              -122.697606,
              38.459232
            ],
            [
              -122.697713,
              38.459181
            ],
            [
              -122.697971,
              38.459112
            ],
            [
              -122.698011,
              38.4591
            ],
            [
              -122.698212,
              38.459042
            ],
            [
              -122.698416,
              38.458983
            ],
            [
              -122.698481,
              38.458964
            ],
            [
              -122.698558,
              38.458944
            ],
            [
              -122.698757,
              38.458893
            ],
            [
              -122.698822,
              38.458876
            ],
            [
              -122.698989,
              38.458848
            ],
            [
              -122.699136,
              38.45883
            ],
            [
              -122.69931,
              38.458808
            ],
            [
              -122.699346,
              38.458804
            ],
            [
              -122.699448,
              38.458782
            ],
            [
              -122.699475,
              38.458771
            ],
            [
              -122.699555,
              38.458742
            ],
            [
              -122.699725,
              38.458644
            ],
            [
              -122.69982,
              38.4586
            ],
            [
              -122.699955,
              38.458559
            ],
            [
              -122.700072,
              38.458539
            ],
            [
              -122.700192,
              38.458534
            ],
            [
              -122.700312,
              38.458542
            ],
            [
              -122.700458,
              38.458581
            ],
            [
              -122.700576,
              38.458614
            ],
            [
              -122.700613,
              38.458619
            ],
            [
              -122.700667,
              38.458612
            ],
            [
              -122.700715,
              38.458588
            ],
            [
              -122.700741,
              38.45856
            ],
            [
              -122.700757,
              38.458523
            ],
            [
              -122.70075,
              38.458478
            ],
            [
              -122.700721,
              38.458431
            ],
            [
              -122.70068,
              38.458398
            ],
            [
              -122.700651,
              38.458385
            ],
            [
              -122.700346,
              38.458247
            ],
            [
              -122.700398,
              38.458201
            ],
            [
              -122.700989,
              38.457678
            ],
            [
              -122.701189,
              38.457498
            ],
            [
              -122.70118882957703,
              38.457497892181394
            ],
            [
              -122.70157214310592,
              38.457673996977576
            ],
            [
              -122.70196553719893,
              38.45725354365072
            ],
            [
              -122.70196547255566,
              38.45725350775452
            ],
            [
              -122.702061,
              38.457154
            ],
            [
              -122.702432,
              38.456772
            ],
            [
              -122.702836,
              38.456371
            ],
            [
              -122.702861,
              38.456332
            ],
            [
              -122.702869,
              38.456281
            ],
            [
              -122.702851,
              38.45623
            ],
            [
              -122.702819,
              38.456193
            ],
            [
              -122.702802,
              38.456183
            ],
            [
              -122.702005,
              38.45569
            ],
            [
              -122.701913,
              38.455634
            ],
            [
              -122.701779,
              38.455551
            ],
            [
              -122.701742,
              38.455528
            ],
            [
              -122.701703,
              38.455489
            ],
            [
              -122.701686,
              38.455447
            ],
            [
              -122.701687,
              38.455397
            ],
            [
              -122.701707,
              38.455356
            ],
            [
              -122.702364,
              38.454705
            ],
            [
              -122.702917,
              38.454144
            ],
            [
              -122.702966,
              38.454098
            ],
            [
              -122.703076,
              38.454016
            ],
            [
              -122.7032,
              38.453948
            ],
            [
              -122.703292,
              38.453924
            ],
            [
              -122.703623,
              38.453859
            ],
            [
              -122.703815,
              38.453822
            ],
            [
              -122.703841,
              38.453898
            ],
            [
              -122.703883,
              38.453966
            ],
            [
              -122.704076,
              38.45416
            ],
            [
              -122.70438,
              38.454465
            ],
            [
              -122.705051,
              38.455026
            ],
            [
              -122.705082,
              38.455052
            ],
            [
              -122.705393,
              38.455295
            ],
            [
              -122.705431,
              38.455243
            ],
            [
              -122.705447,
              38.455213
            ],
            [
              -122.70546,
              38.455172
            ],
            [
              -122.705471,
              38.455108
            ],
            [
              -122.705482,
              38.454942
            ],
            [
              -122.705484,
              38.454862
            ],
            [
              -122.705514,
              38.453901
            ],
            [
              -122.705535,
              38.453504
            ],
            [
              -122.705538,
              38.45345
            ],
            [
              -122.705565,
              38.453053
            ],
            [
              -122.705851,
              38.453067
            ],
            [
              -122.706111,
              38.453071
            ],
            [
              -122.706502,
              38.453079
            ],
            [
              -122.706742,
              38.453089
            ],
            [
              -122.707331,
              38.453103
            ],
            [
              -122.708157,
              38.453116
            ],
            [
              -122.708164,
              38.452887
            ],
            [
              -122.70816,
              38.452752
            ],
            [
              -122.708148,
              38.452614
            ],
            [
              -122.708133,
              38.452422
            ],
            [
              -122.708051,
              38.452036
            ],
            [
              -122.708024,
              38.451867
            ],
            [
              -122.708013,
              38.451766
            ],
            [
              -122.708002,
              38.451508
            ],
            [
              -122.708018,
              38.451119
            ],
            [
              -122.708039,
              38.450617
            ],
            [
              -122.708322,
              38.450607
            ],
            [
              -122.709174,
              38.450578
            ],
            [
              -122.709458,
              38.450569
            ],
            [
              -122.709705,
              38.450556
            ],
            [
              -122.710451,
              38.450521
            ],
            [
              -122.710698,
              38.450517
            ],
            [
              -122.710977,
              38.450517
            ],
            [
              -122.711176,
              38.450517
            ],
            [
              -122.711814,
              38.450531
            ],
            [
              -122.711878,
              38.450533
            ],
            [
              -122.712093,
              38.450541
            ],
            [
              -122.71234,
              38.450548
            ],
            [
              -122.712771,
              38.450562
            ],
            [
              -122.713081,
              38.450567
            ],
            [
              -122.713329,
              38.450572
            ],
            [
              -122.713567,
              38.450583
            ],
            [
              -122.713784,
              38.450593
            ],
            [
              -122.714283,
              38.450606
            ],
            [
              -122.714522,
              38.450613
            ],
            [
              -122.714785,
              38.450619
            ],
            [
              -122.715317,
              38.450634
            ],
            [
              -122.715577,
              38.450644
            ],
            [
              -122.715841,
              38.450655
            ],
            [
              -122.716173,
              38.450661
            ],
            [
              -122.716482,
              38.450668
            ],
            [
              -122.716862,
              38.450683
            ],
            [
              -122.717053,
              38.450687
            ],
            [
              -122.717168,
              38.450691
            ],
            [
              -122.717501,
              38.4507
            ],
            [
              -122.717498,
              38.450868
            ],
            [
              -122.717496,
              38.450954
            ],
            [
              -122.717494,
              38.451103
            ],
            [
              -122.717483,
              38.451375
            ],
            [
              -122.717477,
              38.451544
            ],
            [
              -122.717458,
              38.451908
            ],
            [
              -122.717443,
              38.452224
            ],
            [
              -122.717437,
              38.452381
            ],
            [
              -122.717429,
              38.452614
            ],
            [
              -122.717424,
              38.452938
            ],
            [
              -122.717418,
              38.453
            ],
            [
              -122.717393,
              38.453279
            ],
            [
              -122.717391,
              38.453364
            ],
            [
              -122.71739,
              38.453643
            ],
            [
              -122.717389,
              38.454161
            ],
            [
              -122.717366,
              38.454482
            ],
            [
              -122.717347,
              38.454762
            ],
            [
              -122.71734,
              38.454964
            ],
            [
              -122.717334,
              38.455126
            ],
            [
              -122.717328,
              38.455316
            ],
            [
              -122.717285,
              38.456177
            ],
            [
              -122.717284,
              38.456218
            ],
            [
              -122.717278,
              38.456583
            ],
            [
              -122.717277,
              38.456737
            ],
            [
              -122.717276,
              38.456947
            ],
            [
              -122.717254,
              38.4572
            ],
            [
              -122.717242,
              38.457354
            ],
            [
              -122.717241,
              38.457404
            ],
            [
              -122.717237,
              38.457556
            ],
            [
              -122.717237,
              38.457607
            ],
            [
              -122.717226,
              38.457845
            ],
            [
              -122.717194,
              38.458562
            ],
            [
              -122.717184,
              38.458801
            ],
            [
              -122.717179,
              38.458858
            ],
            [
              -122.717166,
              38.45903
            ],
            [
              -122.717162,
              38.459088
            ],
            [
              -122.717147,
              38.459297
            ],
            [
              -122.717142,
              38.459471
            ],
            [
              -122.717125,
              38.460219
            ],
            [
              -122.717115,
              38.460463
            ],
            [
              -122.71712,
              38.460624
            ],
            [
              -122.717125,
              38.460736
            ],
            [
              -122.717158,
              38.461007
            ],
            [
              -122.717177,
              38.461103
            ],
            [
              -122.7172,
              38.461191
            ],
            [
              -122.717263,
              38.461362
            ],
            [
              -122.717302,
              38.461446
            ],
            [
              -122.717308,
              38.461458
            ],
            [
              -122.717346,
              38.461527
            ],
            [
              -122.717539,
              38.461843
            ],
            [
              -122.717856,
              38.462387
            ],
            [
              -122.718028,
              38.462696
            ],
            [
              -122.71826,
              38.463114
            ],
            [
              -122.718452,
              38.463453
            ],
            [
              -122.718938,
              38.464309
            ],
            [
              -122.719031,
              38.46447
            ],
            [
              -122.719228,
              38.464809
            ],
            [
              -122.719256,
              38.464857
            ],
            [
              -122.71934,
              38.465004
            ],
            [
              -122.719369,
              38.465053
            ],
            [
              -122.719765,
              38.465736
            ],
            [
              -122.719835,
              38.465856
            ],
            [
              -122.720272,
              38.466646
            ],
            [
              -122.720464,
              38.466978
            ],
            [
              -122.720574,
              38.467179
            ],
            [
              -122.72079,
              38.467522
            ],
            [
              -122.720967,
              38.467777
            ],
            [
              -122.721117,
              38.467993
            ],
            [
              -122.721415,
              38.468428
            ],
            [
              -122.721526,
              38.46859
            ],
            [
              -122.72186,
              38.469076
            ],
            [
              -122.721869,
              38.469088
            ],
            [
              -122.721923,
              38.469161
            ],
            [
              -122.721982,
              38.469231
            ],
            [
              -122.722016,
              38.46928
            ],
            [
              -122.722029,
              38.469299
            ],
            [
              -122.722131,
              38.469421
            ],
            [
              -122.722171,
              38.469468
            ],
            [
              -122.722321,
              38.469648
            ],
            [
              -122.722772,
              38.470191
            ],
            [
              -122.722923,
              38.470372
            ],
            [
              -122.723145,
              38.470316
            ],
            [
              -122.723315,
              38.470287
            ],
            [
              -122.72349,
              38.470264
            ],
            [
              -122.723657,
              38.470243
            ],
            [
              -122.72383,
              38.470227
            ],
            [
              -122.724177,
              38.470209
            ],
            [
              -122.724305,
              38.470212
            ],
            [
              -122.725224,
              38.470216
            ],
            [
              -122.725558,
              38.470218
            ],
            [
              -122.725803,
              38.470221
            ],
            [
              -122.726158,
              38.470226
            ],
            [
              -122.726411,
              38.470224
            ],
            [
              -122.726459,
              38.470237
            ],
            [
              -122.727194,
              38.470311
            ],
            [
              -122.727944,
              38.470405
            ],
            [
              -122.728416,
              38.470467
            ],
            [
              -122.728906,
              38.470532
            ],
            [
              -122.729069,
              38.470545
            ],
            [
              -122.729128,
              38.470552
            ],
            [
              -122.729259,
              38.470569
            ],
            [
              -122.729305,
              38.470575
            ],
            [
              -122.729364,
              38.470583
            ],
            [
              -122.729389,
              38.470586
            ],
            [
              -122.729466,
              38.470595
            ],
            [
              -122.729492,
              38.470599
            ],
            [
              -122.72936,
              38.470291
            ],
            [
              -122.728966,
              38.469367
            ],
            [
              -122.728904,
              38.469223
            ],
            [
              -122.728897,
              38.469206
            ],
            [
              -122.729089,
              38.469199
            ],
            [
              -122.72936,
              38.469187
            ],
            [
              -122.729535,
              38.469137
            ],
            [
              -122.729693,
              38.469127
            ],
            [
              -122.730006,
              38.469131
            ],
            [
              -122.730696,
              38.469142
            ],
            [
              -122.731548,
              38.469139
            ],
            [
              -122.731967,
              38.469134
            ],
            [
              -122.732082,
              38.469133
            ],
            [
              -122.732621,
              38.469119
            ],
            [
              -122.733036,
              38.469121
            ],
            [
              -122.73333,
              38.469124
            ],
            [
              -122.733569,
              38.469121
            ],
            [
              -122.734281,
              38.469114
            ],
            [
              -122.734697,
              38.469111
            ],
            [
              -122.73469,
              38.468755
            ],
            [
              -122.734685,
              38.468445
            ],
            [
              -122.734692,
              38.467829
            ],
            [
              -122.734696,
              38.467687
            ],
            [
              -122.734709,
              38.467332
            ],
            [
              -122.734709,
              38.467289
            ],
            [
              -122.734769,
              38.466892
            ],
            [
              -122.734796,
              38.466717
            ],
            [
              -122.734896,
              38.466175
            ],
            [
              -122.734995,
              38.46558
            ],
            [
              -122.735039,
              38.465321
            ],
            [
              -122.735057,
              38.465141
            ],
            [
              -122.735069,
              38.464988
            ],
            [
              -122.735072,
              38.464891
            ],
            [
              -122.735081,
              38.464677
            ],
            [
              -122.735077,
              38.464141
            ],
            [
              -122.735076,
              38.463891
            ],
            [
              -122.735075,
              38.463815
            ],
            [
              -122.735074,
              38.463586
            ],
            [
              -122.735074,
              38.463511
            ],
            [
              -122.735073,
              38.463387
            ],
            [
              -122.735071,
              38.463018
            ],
            [
              -122.735071,
              38.462939
            ],
            [
              -122.735071,
              38.462895
            ],
            [
              -122.735165,
              38.462883
            ],
            [
              -122.735655,
              38.462883
            ]
          ]
        ]
      },
      "properties": {
        "school": "Hidden Valley Elementary School",
        "students": 505,
        "residents": 547
      }
    },
    {
      "type": "Feature",
      "geometry": {
        "type": "Polygon",
        "coordinates": [
          [
            [
              -122.732185,
              38.452879
            ],
            [
              -122.732837,
              38.452746
            ],
            [
              -122.733239,
              38.452678
            ],
            [
              -122.733328,
              38.452664
            ],
            [
              -122.73362,
              38.452599
            ],
            [
              -122.733649,
              38.452592
            ],
            [
              -122.733735,
              38.452573
            ],
            [
              -122.733765,
              38.452567
            ],
            [
              -122.73398,
              38.452416
            ],
            [
              -122.73403,
              38.452452
            ],
            [
              -122.734124,
              38.452562
            ],
            [
              -122.734409,
              38.452892
            ],
            [
              -122.734504,
              38.453002
            ],
            [
              -122.734642,
              38.453162
            ],
            [
              -122.734789,
              38.453332
            ],
            [
              -122.735058,
              38.45364
            ],
            [
              -122.735198,
              38.4538
            ],
            [
              -122.735403,
              38.454035
            ],
            [
              -122.735654,
              38.454322
            ],
            [
              -122.736019,
              38.45474
            ],
            [
              -122.736225,
              38.454976
            ],
            [
              -122.736399,
              38.455176
            ],
            [
              -122.736777,
              38.455609
            ],
            [
              -122.736925,
              38.455774
            ],
            [
              -122.737102,
              38.455973
            ],
            [
              -122.737635,
              38.456584
            ],
            [
              -122.737801,
              38.456773
            ],
            [
              -122.739898,
              38.459173
            ],
            [
              -122.740598,
              38.459973
            ],
            [
              -122.740808,
              38.460214
            ],
            [
              -122.741441,
              38.460938
            ],
            [
              -122.741652,
              38.46118
            ],
            [
              -122.74191,
              38.461476
            ],
            [
              -122.742479,
              38.462127
            ],
            [
              -122.742687,
              38.462365
            ],
            [
              -122.742915,
              38.462625
            ],
            [
              -122.742947,
              38.462661
            ],
            [
              -122.742854,
              38.462712
            ],
            [
              -122.742383,
              38.462845
            ],
            [
              -122.741713,
              38.46293
            ],
            [
              -122.741438,
              38.462964
            ],
            [
              -122.7408,
              38.463046
            ],
            [
              -122.740615,
              38.463031
            ],
            [
              -122.74034,
              38.46301
            ],
            [
              -122.740026,
              38.462985
            ],
            [
              -122.739872,
              38.462975
            ],
            [
              -122.73931,
              38.46294
            ],
            [
              -122.738466,
              38.462901
            ],
            [
              -122.73845,
              38.462901
            ],
            [
              -122.737997,
              38.462897
            ],
            [
              -122.737411,
              38.462892
            ],
            [
              -122.736789,
              38.462887
            ],
            [
              -122.736653,
              38.462886
            ],
            [
              -122.735655,
              38.462883
            ],
            [
              -122.735165,
              38.462883
            ],
            [
              -122.735071,
              38.462895
            ],
            [
              -122.735071,
              38.462939
            ],
            [
              -122.735071,
              38.463018
            ],
            [
              -122.735073,
              38.463387
            ],
            [
              -122.735074,
              38.463511
            ],
            [
              -122.735074,
              38.463586
            ],
            [
              -122.735075,
              38.463815
            ],
            [
              -122.735076,
              38.463891
            ],
            [
              -122.735077,
              38.464141
            ],
            [
              -122.735081,
              38.464677
            ],
            [
              -122.735072,
              38.464891
            ],
            [
              -122.735069,
              38.464988
            ],
            [
              -122.735057,
              38.465141
            ],
            [
              -122.735039,
              38.465321
            ],
            [
              -122.734995,
              38.46558
            ],
            [
              -122.734896,
              38.466175
            ],
            [
              -122.734796,
              38.466717
            ],
            [
              -122.734769,
              38.466892
            ],
            [
              -122.734709,
              38.467289
            ],
            [
              -122.734709,
              38.467332
            ],
            [
              -122.734696,
              38.467687
            ],
            [
              -122.734692,
              38.467829
            ],
            [
              -122.734685,
              38.468445
            ],
            [
              -122.73469,
              38.468755
            ],
            [
              -122.734697,
              38.469111
            ],
            [
              -122.734281,
              38.469114
            ],
            [
              -122.733569,
              38.469121
            ],
            [
              -122.73333,
              38.469124
            ],
            [
              -122.733036,
              38.469121
            ],
            [
              -122.732621,
              38.469119
            ],
            [
              -122.732082,
              38.469133
            ],
            [
              -122.731967,
              38.469134
            ],
            [
              -122.731548,
              38.469139
            ],
            [
              -122.730696,
              38.469142
            ],
            [
              -122.730006,
              38.469131
            ],
            [
              -122.729693,
              38.469127
            ],
            [
              -122.729535,
              38.469137
            ],
            [
              -122.72936,
              38.469187
            ],
            [
              -122.729089,
              38.469199
            ],
            [
              -122.728897,
              38.469206
            ],
            [
              -122.728904,
              38.469223
            ],
            [
              -122.728966,
              38.469367
            ],
            [
              -122.72936,
              38.470291
            ],
            [
              -122.729492,
              38.470599
            ],
            [
              -122.729466,
              38.470595
            ],
            [
              -122.729389,
              38.470586
            ],
            [
              -122.729364,
              38.470583
            ],
            [
              -122.729305,
              38.470575
            ],
            [
              -122.729259,
              38.470569
            ],
            [
              -122.729128,
              38.470552
            ],
            [
              -122.729069,
              38.470545
            ],
            [
              -122.728906,
              38.470532
            ],
            [
              -122.728416,
              38.470467
            ],
            [
              -122.727944,
              38.470405
            ],
            [
              -122.727194,
              38.470311
            ],
            [
              -122.726459,
              38.470237
            ],
            [
              -122.726411,
              38.470224
            ],
            [
              -122.726158,
              38.470226
            ],
            [
              -122.725803,
              38.470221
            ],
            [
              -122.725558,
              38.470218
            ],
            [
              -122.725224,
              38.470216
            ],
            [
              -122.724305,
              38.470212
            ],
            [
              -122.724177,
              38.470209
            ],
            [
              -122.72383,
              38.470227
            ],
            [
              -122.723657,
              38.470243
            ],
            [
              -122.72349,
              38.470264
            ],
            [
              -122.723315,
              38.470287
            ],
            [
              -122.723145,
              38.470316
            ],
            [
              -122.722923,
              38.470372
            ],
            [
              -122.722772,
              38.470191
            ],
            [
              -122.722321,
              38.469648
            ],
            [
              -122.722171,
              38.469468
            ],
            [
              -122.722131,
              38.469421
            ],
            [
              -122.722029,
              38.469299
            ],
            [
              -122.722016,
              38.46928
            ],
            [
              -122.721982,
              38.469231
            ],
            [
              -122.721923,
              38.469161
            ],
            [
              -122.721869,
              38.469088
            ],
            [
              -122.72186,
              38.469076
            ],
            [
              -122.721526,
              38.46859
            ],
            [
              -122.721415,
              38.468428
            ],
            [
              -122.721117,
              38.467993
            ],
            [
              -122.720967,
              38.467777
            ],
            [
              -122.72079,
              38.467522
            ],
            [
              -122.720574,
              38.467179
            ],
            [
              -122.720464,
              38.466978
            ],
            [
              -122.720272,
              38.466646
            ],
            [
              -122.719835,
              38.465856
            ],
            [
              -122.719765,
              38.465736
            ],
            [
              -122.719369,
              38.465053
            ],
            [
              -122.71934,
              38.465004
            ],
            [
              -122.719256,
              38.464857
            ],
            [
              -122.719228,
              38.464809
            ],
            [
              -122.719031,
              38.46447
            ],
            [
              -122.718938,
              38.464309
            ],
            [
              -122.718452,
              38.463453
            ],
            [
              -122.71826,
              38.463114
            ],
            [
              -122.718028,
              38.462696
            ],
            [
              -122.717856,
              38.462387
            ],
            [
              -122.717539,
              38.461843
            ],
            [
              -122.717346,
              38.461527
            ],
            [
              -122.717308,
              38.461458
            ],
            [
              -122.717302,
              38.461446
            ],
            [
              -122.717263,
              38.461362
            ],
            [
              -122.7172,
              38.461191
            ],
            [
              -122.717177,
              38.461103
            ],
            [
              -122.717158,
              38.461007
            ],
            [
              -122.717125,
              38.460736
            ],
            [
              -122.71712,
              38.460624
            ],
            [
              -122.717115,
              38.460463
            ],
            [
              -122.717125,
              38.460219
            ],
            [
              -122.717142,
              38.459471
            ],
            [
              -122.717147,
              38.459297
            ],
            [
              -122.717162,
              38.459088
            ],
            [
              -122.717166,
              38.45903
            ],
            [
              -122.717179,
              38.458858
            ],
            [
              -122.717184,
              38.458801
            ],
            [
              -122.717194,
              38.458562
            ],
            [
              -122.717226,
              38.457845
            ],
            [
              -122.717237,
              38.457607
            ],
            [
              -122.717577,
              38.457601
            ],
            [
              -122.71784,
              38.457584
            ],
            [
              -122.717907,
              38.45758
            ],
            [
              -122.718303,
              38.457512
            ],
            [
              -122.71871,
              38.457437
            ],
            [
              -122.718949,
              38.457386
            ],
            [
              -122.718991,
              38.457378
            ],
            [
              -122.719611,
              38.457253
            ],
            [
              -122.720001,
              38.457174
            ],
            [
              -122.720448,
              38.457095
            ],
            [
              -122.72089,
              38.457011
            ],
            [
              -122.721009,
              38.456989
            ],
            [
              -122.721354,
              38.456925
            ],
            [
              -122.721538,
              38.456889
            ],
            [
              -122.721688,
              38.456859
            ],
            [
              -122.721809,
              38.456835
            ],
            [
              -122.722139,
              38.456776
            ],
            [
              -122.72229,
              38.45675
            ],
            [
              -122.722578,
              38.456697
            ],
            [
              -122.722879,
              38.456642
            ],
            [
              -122.723046,
              38.456604
            ],
            [
              -122.723444,
              38.45653
            ],
            [
              -122.723489,
              38.456522
            ],
            [
              -122.723733,
              38.456477
            ],
            [
              -122.723941,
              38.456438
            ],
            [
              -122.724568,
              38.456322
            ],
            [
              -122.724777,
              38.456284
            ],
            [
              -122.724956,
              38.456247
            ],
            [
              -122.725197,
              38.456198
            ],
            [
              -122.725498,
              38.456146
            ],
            [
              -122.725679,
              38.456115
            ],
            [
              -122.72567900686798,
              38.456114814564444
            ],
            [
              -122.72588949666623,
              38.456080751966745
            ],
            [
              -122.72609961563967,
              38.456046749377926
            ],
            [
              -122.726096,
              38.455892
            ],
            [
              -122.726092,
              38.455682
            ],
            [
              -122.726095,
              38.455561
            ],
            [
              -122.726101,
              38.455344
            ],
            [
              -122.726122,
              38.454926
            ],
            [
              -122.726128,
              38.454721
            ],
            [
              -122.726135,
              38.454512
            ],
            [
              -122.726137,
              38.454426
            ],
            [
              -122.726146,
              38.454171
            ],
            [
              -122.726149,
              38.454086
            ],
            [
              -122.726196,
              38.454073
            ],
            [
              -122.72634,
              38.454035
            ],
            [
              -122.726389,
              38.454023
            ],
            [
              -122.726594,
              38.454
            ],
            [
              -122.726776,
              38.453964
            ],
            [
              -122.727452,
              38.45381
            ],
            [
              -122.727571,
              38.453784
            ],
            [
              -122.728037,
              38.453691
            ],
            [
              -122.72837,
              38.453627
            ],
            [
              -122.729716,
              38.453369
            ],
            [
              -122.730645,
              38.453181
            ],
            [
              -122.731096,
              38.453091
            ],
            [
              -122.731345,
              38.453047
            ],
            [
              -122.731708,
              38.452962
            ],
            [
              -122.732091,
              38.452895
            ],
            [
              -122.732185,
              38.452879
            ]
          ]
        ]
      },
      "properties": {
        "school": "Steele Lane Elementary School",
        "students": 353,
        "residents": 335
      }
    },
    {
      "type": "Feature",
      "geometry": {
        "type": "Polygon",
        "coordinates": [
          [
            [
              -122.759748,
              38.446985
            ],
            [
              -122.759746,
              38.4468
            ],
            [
              -122.759745,
              38.44667
            ],
            [
              -122.759745,
              38.446282
            ],
            [
              -122.759745,
              38.446153
            ],
            [
              -122.759752,
              38.445847
            ],
            [
              -122.759745,
              38.445501
            ],
            [
              -122.759746,
              38.445312
            ],
            [
              -122.76084,
              38.445284
            ],
            [
              -122.762347,
              38.445237
            ],
            [
              -122.76331,
              38.445212
            ],
            [
              -122.764352,
              38.445175
            ],
            [
              -122.764869,
              38.445313
            ],
            [
              -122.764986,
              38.445313
            ],
            [
              -122.765212,
              38.445313
            ],
            [
              -122.765562,
              38.445314
            ],
            [
              -122.766136,
              38.445316
            ],
            [
              -122.766243,
              38.445316
            ],
            [
              -122.766587,
              38.445316
            ],
            [
              -122.76679,
              38.445316
            ],
            [
              -122.76683,
              38.445315
            ],
            [
              -122.767562,
              38.445315
            ],
            [
              -122.767806,
              38.445315
            ],
            [
              -122.768005,
              38.445313
            ],
            [
              -122.768605,
              38.445309
            ],
            [
              -122.768769,
              38.445308
            ],
            [
              -122.768805,
              38.445308
            ],
            [
              -122.768966,
              38.445308
            ],
            [
              -122.769226,
              38.445308
            ],
            [
              -122.769383,
              38.445313
            ],
            [
              -122.769452,
              38.445315
            ],
            [
              -122.769614,
              38.445321
            ],
            [
              -122.769561,
              38.445432
            ],
            [
              -122.769563,
              38.445778
            ],
            [
              -122.769526,
              38.446132
            ],
            [
              -122.769461,
              38.446746
            ],
            [
              -122.7694,
              38.447265
            ],
            [
              -122.769399,
              38.447304
            ],
            [
              -122.769445,
              38.447445
            ],
            [
              -122.76945818983125,
              38.44744949015532
            ],
            [
              -122.769633,
              38.447509
            ],
            [
              -122.76963282642039,
              38.447509369660274
            ],
            [
              -122.769579,
              38.447624
            ],
            [
              -122.769574,
              38.447854
            ],
            [
              -122.769562,
              38.448382
            ],
            [
              -122.769559,
              38.448438
            ],
            [
              -122.769556,
              38.448482
            ],
            [
              -122.769555,
              38.448498
            ],
            [
              -122.769547,
              38.448614
            ],
            [
              -122.769544,
              38.448658
            ],
            [
              -122.769541,
              38.448694
            ],
            [
              -122.769547,
              38.449104
            ],
            [
              -122.769551,
              38.44932
            ],
            [
              -122.76956,
              38.450286
            ],
            [
              -122.769565,
              38.450445
            ],
            [
              -122.769576,
              38.450753
            ],
            [
              -122.769634,
              38.45088
            ],
            [
              -122.76958,
              38.451015
            ],
            [
              -122.769578,
              38.451208
            ],
            [
              -122.769578,
              38.451303
            ],
            [
              -122.769573,
              38.451472
            ],
            [
              -122.76955,
              38.452223
            ],
            [
              -122.769548,
              38.452306
            ],
            [
              -122.769549,
              38.452399
            ],
            [
              -122.769624,
              38.452544
            ],
            [
              -122.769444,
              38.452596
            ],
            [
              -122.76908,
              38.452594
            ],
            [
              -122.768323,
              38.452601
            ],
            [
              -122.768235,
              38.452602
            ],
            [
              -122.767873,
              38.452602
            ],
            [
              -122.767712,
              38.452603
            ],
            [
              -122.767126,
              38.452598
            ],
            [
              -122.766563,
              38.452601
            ],
            [
              -122.766527,
              38.452601
            ],
            [
              -122.766197,
              38.452602
            ],
            [
              -122.766078,
              38.452603
            ],
            [
              -122.765753,
              38.452605
            ],
            [
              -122.765738,
              38.452606
            ],
            [
              -122.764781,
              38.452601
            ],
            [
              -122.764637,
              38.452601
            ],
            [
              -122.764464,
              38.452553
            ],
            [
              -122.764304,
              38.452602
            ],
            [
              -122.762624,
              38.452612
            ],
            [
              -122.76124,
              38.452614
            ],
            [
              -122.761071,
              38.452614
            ],
            [
              -122.76051,
              38.452626
            ],
            [
              -122.760162,
              38.452622
            ],
            [
              -122.76011,
              38.452621
            ],
            [
              -122.760054,
              38.452678
            ],
            [
              -122.759882,
              38.452897
            ],
            [
              -122.759837,
              38.453039
            ],
            [
              -122.7598,
              38.453259
            ],
            [
              -122.759835,
              38.453635
            ],
            [
              -122.759838,
              38.453787
            ],
            [
              -122.759832,
              38.453937
            ],
            [
              -122.759842,
              38.454016
            ],
            [
              -122.759844,
              38.454025
            ],
            [
              -122.759845,
              38.454256
            ],
            [
              -122.759846,
              38.454337
            ],
            [
              -122.759773,
              38.454546
            ],
            [
              -122.759745,
              38.454625
            ],
            [
              -122.759709,
              38.454734
            ],
            [
              -122.759499,
              38.455149
            ],
            [
              -122.759491,
              38.455166
            ],
            [
              -122.759726,
              38.455265
            ],
            [
              -122.760149,
              38.455464
            ],
            [
              -122.760364,
              38.455563
            ],
            [
              -122.760376,
              38.455727
            ],
            [
              -122.760416,
              38.456174
            ],
            [
              -122.760441,
              38.456438
            ],
            [
              -122.760444,
              38.456468
            ],
            [
              -122.760455,
              38.456561
            ],
            [
              -122.760459,
              38.456592
            ],
            [
              -122.760426,
              38.456722
            ],
            [
              -122.760434,
              38.457361
            ],
            [
              -122.760429,
              38.45791
            ],
            [
              -122.760441,
              38.459116
            ],
            [
              -122.76045,
              38.459194
            ],
            [
              -122.760449,
              38.45929
            ],
            [
              -122.760449,
              38.459385
            ],
            [
              -122.760449,
              38.459845
            ],
            [
              -122.760389,
              38.459828
            ],
            [
              -122.760397,
              38.460919
            ],
            [
              -122.760414,
              38.462367
            ],
            [
              -122.760429,
              38.463231
            ],
            [
              -122.7604,
              38.463571
            ],
            [
              -122.760361,
              38.463911
            ],
            [
              -122.760381,
              38.464174
            ],
            [
              -122.760413,
              38.464577
            ],
            [
              -122.760444,
              38.464966
            ],
            [
              -122.760465,
              38.46523
            ],
            [
              -122.760447,
              38.466438
            ],
            [
              -122.760439,
              38.466979
            ],
            [
              -122.760463,
              38.467128
            ],
            [
              -122.760172,
              38.467135
            ],
            [
              -122.760065,
              38.467138
            ],
            [
              -122.759307,
              38.467144
            ],
            [
              -122.75928,
              38.467145
            ],
            [
              -122.75897,
              38.467141
            ],
            [
              -122.758673,
              38.467144
            ],
            [
              -122.75808,
              38.467147
            ],
            [
              -122.757145,
              38.467142
            ],
            [
              -122.757036,
              38.467142
            ],
            [
              -122.756556,
              38.467143
            ],
            [
              -122.756279,
              38.46714
            ],
            [
              -122.75595,
              38.467141
            ],
            [
              -122.755653,
              38.467136
            ],
            [
              -122.755389,
              38.467139
            ],
            [
              -122.755263,
              38.467138
            ],
            [
              -122.754592,
              38.467135
            ],
            [
              -122.754215,
              38.467134
            ],
            [
              -122.753174,
              38.467131
            ],
            [
              -122.752217,
              38.467112
            ],
            [
              -122.751202,
              38.467093
            ],
            [
              -122.751179,
              38.467093
            ],
            [
              -122.75111,
              38.467093
            ],
            [
              -122.751087,
              38.467093
            ],
            [
              -122.750967,
              38.467092
            ],
            [
              -122.750802,
              38.467092
            ],
            [
              -122.750609,
              38.467095
            ],
            [
              -122.75049,
              38.467097
            ],
            [
              -122.750204,
              38.467101
            ],
            [
              -122.75011,
              38.467097
            ],
            [
              -122.74981,
              38.467086
            ],
            [
              -122.749716,
              38.467086
            ],
            [
              -122.74964,
              38.467086
            ],
            [
              -122.749435,
              38.467093
            ],
            [
              -122.749239,
              38.467113
            ],
            [
              -122.749049,
              38.46715
            ],
            [
              -122.74898,
              38.46717
            ],
            [
              -122.748864,
              38.467204
            ],
            [
              -122.748747,
              38.467251
            ],
            [
              -122.748629,
              38.467311
            ],
            [
              -122.748406,
              38.467428
            ],
            [
              -122.74819180176105,
              38.46754042984488
            ],
            [
              -122.748185,
              38.467544
            ],
            [
              -122.74799836996023,
              38.46730031725377
            ],
            [
              -122.747992,
              38.467292
            ],
            [
              -122.74787908645968,
              38.46734608463696
            ],
            [
              -122.747873,
              38.467349
            ],
            [
              -122.74781159514626,
              38.46728225559376
            ],
            [
              -122.747804,
              38.467274
            ],
            [
              -122.74768939216193,
              38.46733935488286
            ],
            [
              -122.747683,
              38.467343
            ],
            [
              -122.7475663927608,
              38.467198445571235
            ],
            [
              -122.747562,
              38.467193
            ],
            [
              -122.746933,
              38.467226
            ],
            [
              -122.746045,
              38.466208
            ],
            [
              -122.745783,
              38.465907
            ],
            [
              -122.745709,
              38.465823
            ],
            [
              -122.745677,
              38.465786
            ],
            [
              -122.74563,
              38.465732
            ],
            [
              -122.745524,
              38.465611
            ],
            [
              -122.745068,
              38.465089
            ],
            [
              -122.744916,
              38.464915
            ],
            [
              -122.744828,
              38.464814
            ],
            [
              -122.744611,
              38.464566
            ],
            [
              -122.743698,
              38.463521
            ],
            [
              -122.743394,
              38.463173
            ],
            [
              -122.743223,
              38.462978
            ],
            [
              -122.742989,
              38.46271
            ],
            [
              -122.742947,
              38.462661
            ],
            [
              -122.742915,
              38.462625
            ],
            [
              -122.742687,
              38.462365
            ],
            [
              -122.742479,
              38.462127
            ],
            [
              -122.74191,
              38.461476
            ],
            [
              -122.741652,
              38.46118
            ],
            [
              -122.741441,
              38.460938
            ],
            [
              -122.740808,
              38.460214
            ],
            [
              -122.740598,
              38.459973
            ],
            [
              -122.739898,
              38.459173
            ],
            [
              -122.737801,
              38.456773
            ],
            [
              -122.737635,
              38.456584
            ],
            [
              -122.739765,
              38.456549
            ],
            [
              -122.740034,
              38.456543
            ],
            [
              -122.740843,
              38.456528
            ],
            [
              -122.740871,
              38.456528
            ],
            [
              -122.740955,
              38.456507
            ],
            [
              -122.741042,
              38.456505
            ],
            [
              -122.74111,
              38.456511
            ],
            [
              -122.741133,
              38.456503
            ],
            [
              -122.741257,
              38.456501
            ],
            [
              -122.741439,
              38.456501
            ],
            [
              -122.741705,
              38.456506
            ],
            [
              -122.741767,
              38.456508
            ],
            [
              -122.741854,
              38.456499
            ],
            [
              -122.742125,
              38.456491
            ],
            [
              -122.742391,
              38.456484
            ],
            [
              -122.744815,
              38.456475
            ],
            [
              -122.74527,
              38.456476
            ],
            [
              -122.745566,
              38.456475
            ],
            [
              -122.745746,
              38.456485
            ],
            [
              -122.745751,
              38.456218
            ],
            [
              -122.745758,
              38.455968
            ],
            [
              -122.745768,
              38.453582
            ],
            [
              -122.744699,
              38.453583
            ],
            [
              -122.744708,
              38.453481
            ],
            [
              -122.744691,
              38.453311
            ],
            [
              -122.744679,
              38.453169
            ],
            [
              -122.744643,
              38.452744
            ],
            [
              -122.744632,
              38.452603
            ],
            [
              -122.744777,
              38.452599
            ],
            [
              -122.744953,
              38.452594
            ],
            [
              -122.745085,
              38.452591
            ],
            [
              -122.745917,
              38.452588
            ],
            [
              -122.746239,
              38.452587
            ],
            [
              -122.746404,
              38.452588
            ],
            [
              -122.746419,
              38.452589
            ],
            [
              -122.7469,
              38.452595
            ],
            [
              -122.747015,
              38.452597
            ],
            [
              -122.747066,
              38.452597
            ],
            [
              -122.747186,
              38.452596
            ],
            [
              -122.747547,
              38.452592
            ],
            [
              -122.747668,
              38.452592
            ],
            [
              -122.747792,
              38.452591
            ],
            [
              -122.748163,
              38.452588
            ],
            [
              -122.748288,
              38.452588
            ],
            [
              -122.748612,
              38.452585
            ],
            [
              -122.749047,
              38.452582
            ],
            [
              -122.749587,
              38.45258
            ],
            [
              -122.749734,
              38.45258
            ],
            [
              -122.749912,
              38.45258
            ],
            [
              -122.750193,
              38.452583
            ],
            [
              -122.750284,
              38.452585
            ],
            [
              -122.750473,
              38.452588
            ],
            [
              -122.751039,
              38.452584
            ],
            [
              -122.751322,
              38.452583
            ],
            [
              -122.751318,
              38.452275
            ],
            [
              -122.751318,
              38.452155
            ],
            [
              -122.75132,
              38.451776
            ],
            [
              -122.751309,
              38.451589
            ],
            [
              -122.751313,
              38.451436
            ],
            [
              -122.751316,
              38.451169
            ],
            [
              -122.751312,
              38.450872
            ],
            [
              -122.751308,
              38.450445
            ],
            [
              -122.751308,
              38.450381
            ],
            [
              -122.751311,
              38.450193
            ],
            [
              -122.751312,
              38.45013
            ],
            [
              -122.752256,
              38.450119
            ],
            [
              -122.753058,
              38.450081
            ],
            [
              -122.754162,
              38.450161
            ],
            [
              -122.755245,
              38.450566
            ],
            [
              -122.755713,
              38.45073
            ],
            [
              -122.756506,
              38.451008
            ],
            [
              -122.75678,
              38.451011
            ],
            [
              -122.75678,
              38.450982
            ],
            [
              -122.75678,
              38.450896
            ],
            [
              -122.75678,
              38.450868
            ],
            [
              -122.756864,
              38.450859
            ],
            [
              -122.756966,
              38.450831
            ],
            [
              -122.757007,
              38.45081
            ],
            [
              -122.757059,
              38.450786
            ],
            [
              -122.757126,
              38.450741
            ],
            [
              -122.757183,
              38.450697
            ],
            [
              -122.757283,
              38.450601
            ],
            [
              -122.757327,
              38.450549
            ],
            [
              -122.7574,
              38.450438
            ],
            [
              -122.757471,
              38.450358
            ],
            [
              -122.75751,
              38.450324
            ],
            [
              -122.757572,
              38.450272
            ],
            [
              -122.757629,
              38.450233
            ],
            [
              -122.757705,
              38.450191
            ],
            [
              -122.757806,
              38.450143
            ],
            [
              -122.757934,
              38.450096
            ],
            [
              -122.757976,
              38.450082
            ],
            [
              -122.758126,
              38.450046
            ],
            [
              -122.758308,
              38.450019
            ],
            [
              -122.758382,
              38.450015
            ],
            [
              -122.758456,
              38.450015
            ],
            [
              -122.758604,
              38.450029
            ],
            [
              -122.758669,
              38.45004
            ],
            [
              -122.758747,
              38.45006
            ],
            [
              -122.758905,
              38.45012
            ],
            [
              -122.75908,
              38.450179
            ],
            [
              -122.759134,
              38.450197
            ],
            [
              -122.759269,
              38.450236
            ],
            [
              -122.759467,
              38.450256
            ],
            [
              -122.759582,
              38.450262
            ],
            [
              -122.759627,
              38.450261
            ],
            [
              -122.759813,
              38.45026
            ],
            [
              -122.759815,
              38.449749
            ],
            [
              -122.759819,
              38.44918
            ],
            [
              -122.759813,
              38.449131
            ],
            [
              -122.759801,
              38.449082
            ],
            [
              -122.759731,
              38.448908
            ],
            [
              -122.759719,
              38.448817
            ],
            [
              -122.759724,
              38.448728
            ],
            [
              -122.759738,
              38.44853
            ],
            [
              -122.759739,
              38.448236
            ],
            [
              -122.759741,
              38.448064
            ],
            [
              -122.759754,
              38.447727
            ],
            [
              -122.759757,
              38.447657
            ],
            [
              -122.759755,
              38.447541
            ],
            [
              -122.759748,
              38.446985
            ]
          ]
        ]
      },
      "properties": {
        "school": "James Monroe Elementary School",
        "students": 419,
        "residents": 428
      }
    },
    {
      "type": "Feature",
      "geometry": {
        "type": "Polygon",
        "coordinates": [
          [
            [
              -122.759746,
              38.445312
            ],
            [
              -122.759745,
              38.445501
            ],
            [
              -122.759752,
              38.445847
            ],
            [
              -122.759745,
              38.446153
            ],
            [
              -122.759745,
              38.446282
            ],
            [
              -122.759745,
              38.44667
            ],
            [
              -122.759746,
              38.4468
            ],
            [
              -122.759748,
              38.446985
            ],
            [
              -122.759755,
              38.447541
            ],
            [
              -122.759757,
              38.447657
            ],
            [
              -122.759754,
              38.447727
            ],
            [
              -122.759741,
              38.448064
            ],
            [
              -122.759739,
              38.448236
            ],
            [
              -122.759738,
              38.44853
            ],
            [
              -122.759724,
              38.448728
            ],
            [
              -122.759719,
              38.448817
            ],
            [
              -122.759731,
              38.448908
            ],
            [
              -122.759801,
              38.449082
            ],
            [
              -122.759813,
              38.449131
            ],
            [
              -122.759819,
              38.44918
            ],
            [
              -122.759815,
              38.449749
            ],
            [
              -122.759813,
              38.45026
            ],
            [
              -122.759627,
              38.450261
            ],
            [
              -122.759582,
              38.450262
            ],
            [
              -122.759467,
              38.450256
            ],
            [
              -122.759269,
              38.450236
            ],
            [
              -122.759134,
              38.450197
            ],
            [
              -122.75908,
              38.450179
            ],
            [
              -122.758905,
              38.45012
            ],
            [
              -122.758747,
              38.45006
            ],
            [
              -122.758669,
              38.45004
            ],
            [
              -122.758604,
              38.450029
            ],
            [
              -122.758456,
              38.450015
            ],
            [
              -122.758382,
              38.450015
            ],
            [
              -122.758308,
              38.450019
            ],
            [
              -122.758126,
              38.450046
            ],
            [
              -122.757976,
              38.450082
            ],
            [
              -122.757934,
              38.450096
            ],
            [
              -122.757806,
              38.450143
            ],
            [
              -122.757705,
              38.450191
            ],
            [
              -122.757629,
              38.450233
            ],
            [
              -122.757572,
              38.450272
            ],
            [
              -122.75751,
              38.450324
            ],
            [
              -122.757471,
              38.450358
            ],
            [
              -122.7574,
              38.450438
            ],
            [
              -122.757327,
              38.450549
            ],
            [
              -122.757283,
              38.450601
            ],
            [
              -122.757183,
              38.450697
            ],
            [
              -122.757126,
              38.450741
            ],
            [
              -122.757059,
              38.450786
            ],
            [
              -122.757007,
              38.45081
            ],
            [
              -122.756966,
              38.450831
            ],
            [
              -122.756864,
              38.450859
            ],
            [
              -122.75678,
              38.450868
            ],
            [
              -122.75678,
              38.450896
            ],
            [
              -122.75678,
              38.450982
            ],
            [
              -122.75678,
              38.451011
            ],
            [
              -122.756506,
              38.451008
            ],
            [
              -122.755713,
              38.45073
            ],
            [
              -122.755245,
              38.450566
            ],
            [
              -122.754162,
              38.450161
            ],
            [
              -122.753058,
              38.450081
            ],
            [
              -122.752256,
              38.450119
            ],
            [
              -122.751312,
              38.45013
            ],
            [
              -122.751311,
              38.450193
            ],
            [
              -122.751308,
              38.450381
            ],
            [
              -122.751308,
              38.450445
            ],
            [
              -122.751312,
              38.450872
            ],
            [
              -122.751316,
              38.451169
            ],
            [
              -122.751313,
              38.451436
            ],
            [
              -122.751309,
              38.451589
            ],
            [
              -122.75132,
              38.451776
            ],
            [
              -122.751318,
              38.452155
            ],
            [
              -122.751318,
              38.452275
            ],
            [
              -122.751322,
              38.452583
            ],
            [
              -122.751039,
              38.452584
            ],
            [
              -122.750473,
              38.452588
            ],
            [
              -122.750284,
              38.452585
            ],
            [
              -122.750193,
              38.452583
            ],
            [
              -122.749912,
              38.45258
            ],
            [
              -122.749734,
              38.45258
            ],
            [
              -122.749587,
              38.45258
            ],
            [
              -122.749047,
              38.452582
            ],
            [
              -122.748612,
              38.452585
            ],
            [
              -122.748288,
              38.452588
            ],
            [
              -122.748163,
              38.452588
            ],
            [
              -122.747792,
              38.452591
            ],
            [
              -122.747668,
              38.452592
            ],
            [
              -122.747547,
              38.452592
            ],
            [
              -122.747186,
              38.452596
            ],
            [
              -122.747066,
              38.452597
            ],
            [
              -122.747015,
              38.452597
            ],
            [
              -122.7469,
              38.452595
            ],
            [
              -122.746419,
              38.452589
            ],
            [
              -122.746404,
              38.452588
            ],
            [
              -122.746239,
              38.452587
            ],
            [
              -122.745917,
              38.452588
            ],
            [
              -122.745085,
              38.452591
            ],
            [
              -122.744953,
              38.452594
            ],
            [
              -122.744777,
              38.452599
            ],
            [
              -122.744632,
              38.452603
            ],
            [
              -122.744643,
              38.452744
            ],
            [
              -122.744679,
              38.453169
            ],
            [
              -122.744691,
              38.453311
            ],
            [
              -122.744708,
              38.453481
            ],
            [
              -122.744699,
              38.453583
            ],
            [
              -122.745768,
              38.453582
            ],
            [
              -122.745758,
              38.455968
            ],
            [
              -122.745751,
              38.456218
            ],
            [
              -122.745746,
              38.456485
            ],
            [
              -122.745566,
              38.456475
            ],
            [
              -122.74527,
              38.456476
            ],
            [
              -122.744815,
              38.456475
            ],
            [
              -122.742391,
              38.456484
            ],
            [
              -122.742125,
              38.456491
            ],
            [
              -122.741854,
              38.456499
            ],
            [
              -122.741767,
              38.456508
            ],
            [
              -122.741705,
              38.456506
            ],
            [
              -122.741439,
              38.456501
            ],
            [
              -122.741257,
              38.456501
            ],
            [
              -122.741133,
              38.456503
            ],
            [
              -122.74111,
              38.456511
            ],
            [
              -122.741042,
              38.456505
            ],
            [
              -122.740955,
              38.456507
            ],
            [
              -122.740871,
              38.456528
            ],
            [
              -122.740843,
              38.456528
            ],
            [
              -122.740034,
              38.456543
            ],
            [
              -122.739765,
              38.456549
            ],
            [
              -122.737635,
              38.456584
            ],
            [
              -122.737102,
              38.455973
            ],
            [
              -122.736925,
              38.455774
            ],
            [
              -122.736777,
              38.455609
            ],
            [
              -122.736399,
              38.455176
            ],
            [
              -122.736225,
              38.454976
            ],
            [
              -122.736019,
              38.45474
            ],
            [
              -122.735654,
              38.454322
            ],
            [
              -122.735403,
              38.454035
            ],
            [
              -122.735198,
              38.4538
            ],
            [
              -122.735058,
              38.45364
            ],
            [
              -122.734789,
              38.453332
            ],
            [
              -122.734642,
              38.453162
            ],
            [
              -122.734504,
              38.453002
            ],
            [
              -122.734409,
              38.452892
            ],
            [
              -122.734124,
              38.452562
            ],
            [
              -122.73403,
              38.452452
            ],
            [
              -122.73398,
              38.452416
            ],
            [
              -122.733765,
              38.452567
            ],
            [
              -122.733735,
              38.452573
            ],
            [
              -122.733649,
              38.452592
            ],
            [
              -122.73362,
              38.452599
            ],
            [
              -122.733328,
              38.452664
            ],
            [
              -122.733239,
              38.452678
            ],
            [
              -122.732837,
              38.452746
            ],
            [
              -122.732185,
              38.452879
            ],
            [
              -122.732091,
              38.452895
            ],
            [
              -122.731708,
              38.452962
            ],
            [
              -122.731345,
              38.453047
            ],
            [
              -122.731096,
              38.453091
            ],
            [
              -122.730645,
              38.453181
            ],
            [
              -122.729716,
              38.453369
            ],
            [
              -122.72837,
              38.453627
            ],
            [
              -122.728037,
              38.453691
            ],
            [
              -122.727571,
              38.453784
            ],
            [
              -122.727452,
              38.45381
            ],
            [
              -122.726776,
              38.453964
            ],
            [
              -122.726594,
              38.454
            ],
            [
              -122.726389,
              38.454023
            ],
            [
              -122.72634,
              38.454035
            ],
            [
              -122.726196,
              38.454073
            ],
            [
              -122.726149,
              38.454086
            ],
            [
              -122.726176,
              38.453242
            ],
            [
              -122.726189,
              38.452864
            ],
            [
              -122.726192,
              38.452549
            ],
            [
              -122.726229,
              38.451691
            ],
            [
              -122.726222,
              38.451434
            ],
            [
              -122.726231,
              38.451098
            ],
            [
              -122.726232,
              38.450925
            ],
            [
              -122.726218,
              38.450712
            ],
            [
              -122.726205,
              38.450488
            ],
            [
              -122.726187,
              38.450269
            ],
            [
              -122.726122,
              38.449875
            ],
            [
              -122.72612,
              38.449866
            ],
            [
              -122.726114,
              38.449842
            ],
            [
              -122.726094,
              38.449745
            ],
            [
              -122.726088,
              38.449713
            ],
            [
              -122.726084,
              38.449695
            ],
            [
              -122.726073,
              38.449643
            ],
            [
              -122.72607,
              38.449626
            ],
            [
              -122.726045,
              38.449551
            ],
            [
              -122.72595,
              38.449182
            ],
            [
              -122.725837,
              38.448816
            ],
            [
              -122.725815,
              38.448745
            ],
            [
              -122.725659,
              38.448373
            ],
            [
              -122.725483,
              38.447994
            ],
            [
              -122.725269,
              38.447611
            ],
            [
              -122.725057,
              38.447259
            ],
            [
              -122.724843,
              38.446918
            ],
            [
              -122.724629,
              38.446605
            ],
            [
              -122.72437,
              38.446225
            ],
            [
              -122.724258,
              38.446046
            ],
            [
              -122.724162,
              38.445905
            ],
            [
              -122.724247,
              38.445906
            ],
            [
              -122.724391,
              38.44591
            ],
            [
              -122.724503,
              38.445904
            ],
            [
              -122.724589,
              38.445901
            ],
            [
              -122.724998,
              38.445885
            ],
            [
              -122.725092,
              38.445882
            ],
            [
              -122.725288,
              38.44586
            ],
            [
              -122.725321,
              38.445855
            ],
            [
              -122.725682,
              38.445858
            ],
            [
              -122.726224,
              38.445872
            ],
            [
              -122.726373,
              38.445876
            ],
            [
              -122.726527,
              38.445887
            ],
            [
              -122.726633,
              38.445889
            ],
            [
              -122.726968,
              38.445901
            ],
            [
              -122.727085,
              38.445906
            ],
            [
              -122.727483,
              38.445928
            ],
            [
              -122.727898,
              38.445939
            ],
            [
              -122.727975,
              38.445935
            ],
            [
              -122.728266,
              38.445922
            ],
            [
              -122.728311,
              38.445917
            ],
            [
              -122.728538,
              38.445892
            ],
            [
              -122.728596,
              38.44589
            ],
            [
              -122.728762,
              38.445886
            ],
            [
              -122.729457,
              38.445849
            ],
            [
              -122.729744,
              38.445834
            ],
            [
              -122.730415,
              38.445805
            ],
            [
              -122.732707,
              38.445699
            ],
            [
              -122.73301,
              38.445685
            ],
            [
              -122.733245,
              38.445674
            ],
            [
              -122.733951,
              38.445642
            ],
            [
              -122.734187,
              38.445632
            ],
            [
              -122.734337,
              38.445624
            ],
            [
              -122.734522,
              38.445618
            ],
            [
              -122.735375,
              38.445594
            ],
            [
              -122.735528,
              38.445588
            ],
            [
              -122.735864,
              38.445576
            ],
            [
              -122.735909,
              38.445574
            ],
            [
              -122.735992,
              38.44557
            ],
            [
              -122.736045,
              38.445568
            ],
            [
              -122.736091,
              38.445567
            ],
            [
              -122.73623,
              38.445561
            ],
            [
              -122.736648,
              38.445545
            ],
            [
              -122.736788,
              38.44554
            ],
            [
              -122.736853,
              38.445537
            ],
            [
              -122.737049,
              38.445527
            ],
            [
              -122.737115,
              38.445525
            ],
            [
              -122.737166,
              38.445523
            ],
            [
              -122.737353,
              38.445514
            ],
            [
              -122.738067,
              38.445481
            ],
            [
              -122.738306,
              38.445471
            ],
            [
              -122.738393,
              38.445466
            ],
            [
              -122.73854,
              38.445459
            ],
            [
              -122.738654,
              38.445452
            ],
            [
              -122.738741,
              38.445448
            ],
            [
              -122.738882,
              38.44544
            ],
            [
              -122.738987,
              38.445434
            ],
            [
              -122.739011,
              38.445433
            ],
            [
              -122.739305,
              38.445412
            ],
            [
              -122.739446,
              38.445402
            ],
            [
              -122.739521,
              38.445396
            ],
            [
              -122.739625,
              38.44539
            ],
            [
              -122.739746,
              38.445386
            ],
            [
              -122.739822,
              38.445384
            ],
            [
              -122.740196,
              38.445372
            ],
            [
              -122.740534,
              38.445362
            ],
            [
              -122.741041,
              38.445363
            ],
            [
              -122.741318,
              38.445351
            ],
            [
              -122.741692,
              38.445335
            ],
            [
              -122.741883,
              38.445327
            ],
            [
              -122.742456,
              38.445305
            ],
            [
              -122.742648,
              38.445298
            ],
            [
              -122.742898,
              38.445273
            ],
            [
              -122.743143,
              38.44525
            ],
            [
              -122.743393,
              38.445212
            ],
            [
              -122.743648,
              38.445212
            ],
            [
              -122.743665,
              38.445212
            ],
            [
              -122.743685,
              38.445212
            ],
            [
              -122.7439,
              38.44521
            ],
            [
              -122.743942,
              38.445209
            ],
            [
              -122.744069,
              38.445209
            ],
            [
              -122.744112,
              38.445209
            ],
            [
              -122.74418,
              38.445208
            ],
            [
              -122.744336,
              38.445208
            ],
            [
              -122.744387,
              38.445209
            ],
            [
              -122.744456,
              38.445212
            ],
            [
              -122.744597,
              38.445216
            ],
            [
              -122.744757,
              38.445221
            ],
            [
              -122.745023,
              38.445222
            ],
            [
              -122.745166,
              38.445223
            ],
            [
              -122.745338,
              38.445224
            ],
            [
              -122.745855,
              38.44523
            ],
            [
              -122.746028,
              38.445232
            ],
            [
              -122.746327,
              38.445235
            ],
            [
              -122.747091,
              38.445243
            ],
            [
              -122.747224,
              38.44524
            ],
            [
              -122.747461,
              38.445235
            ],
            [
              -122.747524,
              38.445231
            ],
            [
              -122.747818,
              38.445212
            ],
            [
              -122.74824,
              38.445205
            ],
            [
              -122.748276,
              38.445205
            ],
            [
              -122.749018,
              38.445212
            ],
            [
              -122.750535,
              38.445232
            ],
            [
              -122.750593,
              38.445233
            ],
            [
              -122.751289,
              38.445235
            ],
            [
              -122.751276,
              38.444621
            ],
            [
              -122.751255,
              38.444439
            ],
            [
              -122.751212,
              38.444258
            ],
            [
              -122.751147,
              38.444082
            ],
            [
              -122.751061,
              38.443912
            ],
            [
              -122.751013,
              38.443838
            ],
            [
              -122.750955,
              38.443749
            ],
            [
              -122.750893,
              38.443669
            ],
            [
              -122.750791,
              38.443553
            ],
            [
              -122.750644,
              38.443415
            ],
            [
              -122.750557,
              38.443345
            ],
            [
              -122.750394,
              38.443231
            ],
            [
              -122.750303,
              38.443176
            ],
            [
              -122.749697,
              38.442858
            ],
            [
              -122.748188,
              38.44213
            ],
            [
              -122.747286,
              38.441679
            ],
            [
              -122.747042,
              38.441557
            ],
            [
              -122.74655,
              38.44133
            ],
            [
              -122.745984,
              38.441044
            ],
            [
              -122.745709,
              38.440913
            ],
            [
              -122.745412,
              38.440773
            ],
            [
              -122.745146,
              38.440625
            ],
            [
              -122.744948,
              38.440516
            ],
            [
              -122.7449,
              38.440494
            ],
            [
              -122.744622,
              38.440372
            ],
            [
              -122.744272,
              38.440214
            ],
            [
              -122.744123,
              38.440141
            ],
            [
              -122.743928,
              38.440045
            ],
            [
              -122.743788,
              38.439963
            ],
            [
              -122.743631,
              38.43985
            ],
            [
              -122.743557,
              38.439789
            ],
            [
              -122.743424,
              38.439657
            ],
            [
              -122.743337,
              38.439552
            ],
            [
              -122.743214,
              38.439374
            ],
            [
              -122.743139,
              38.439232
            ],
            [
              -122.743086,
              38.439084
            ],
            [
              -122.743068,
              38.439012
            ],
            [
              -122.74306,
              38.438965
            ],
            [
              -122.743017,
              38.438715
            ],
            [
              -122.742999,
              38.438602
            ],
            [
              -122.74301136939401,
              38.43859876039681
            ],
            [
              -122.743083,
              38.43858
            ],
            [
              -122.743195,
              38.438545
            ],
            [
              -122.743477,
              38.438476
            ],
            [
              -122.743602,
              38.43844
            ],
            [
              -122.743755,
              38.438414
            ],
            [
              -122.744439,
              38.438203
            ],
            [
              -122.744515,
              38.43819
            ],
            [
              -122.744592,
              38.438196
            ],
            [
              -122.744701,
              38.438221
            ],
            [
              -122.744762,
              38.438211
            ],
            [
              -122.744802,
              38.438195
            ],
            [
              -122.744926,
              38.438114
            ],
            [
              -122.74501,
              38.43805
            ],
            [
              -122.745098,
              38.438002
            ],
            [
              -122.745191,
              38.437967
            ],
            [
              -122.745392,
              38.437931
            ],
            [
              -122.745509,
              38.437923
            ],
            [
              -122.745622,
              38.437923
            ],
            [
              -122.745743,
              38.437916
            ],
            [
              -122.74588,
              38.437915
            ],
            [
              -122.746138,
              38.4379
            ],
            [
              -122.746381,
              38.437899
            ],
            [
              -122.746506,
              38.437904
            ],
            [
              -122.746732,
              38.437925
            ],
            [
              -122.746805,
              38.437925
            ],
            [
              -122.747119,
              38.437869
            ],
            [
              -122.74724,
              38.437852
            ],
            [
              -122.747348,
              38.437842
            ],
            [
              -122.747437,
              38.437838
            ],
            [
              -122.747619,
              38.437853
            ],
            [
              -122.747785,
              38.43788
            ],
            [
              -122.747861,
              38.437889
            ],
            [
              -122.747922,
              38.437889
            ],
            [
              -122.748224,
              38.437842
            ],
            [
              -122.748333,
              38.437829
            ],
            [
              -122.74849,
              38.437828
            ],
            [
              -122.748729,
              38.437871
            ],
            [
              -122.748919,
              38.437873
            ],
            [
              -122.748999,
              38.437866
            ],
            [
              -122.749136,
              38.437836
            ],
            [
              -122.749281,
              38.437766
            ],
            [
              -122.749385,
              38.437724
            ],
            [
              -122.749486,
              38.437698
            ],
            [
              -122.749811,
              38.437585
            ],
            [
              -122.749916,
              38.437539
            ],
            [
              -122.750032,
              38.437475
            ],
            [
              -122.750293,
              38.437302
            ],
            [
              -122.750501,
              38.437155
            ],
            [
              -122.751082,
              38.436767
            ],
            [
              -122.751202,
              38.436696
            ],
            [
              -122.751403,
              38.436597
            ],
            [
              -122.751552,
              38.436548
            ],
            [
              -122.751709,
              38.436509
            ],
            [
              -122.752007,
              38.436463
            ],
            [
              -122.752184,
              38.436442
            ],
            [
              -122.752325,
              38.436432
            ],
            [
              -122.752519,
              38.436431
            ],
            [
              -122.752697,
              38.436445
            ],
            [
              -122.752874,
              38.436466
            ],
            [
              -122.753089,
              38.436506
            ],
            [
              -122.753275,
              38.436546
            ],
            [
              -122.75357,
              38.436643
            ],
            [
              -122.75358315022548,
              38.43664790941751
            ],
            [
              -122.75372,
              38.436699
            ],
            [
              -122.753854,
              38.436765
            ],
            [
              -122.754004,
              38.436846
            ],
            [
              -122.754167,
              38.436947
            ],
            [
              -122.754264,
              38.437016
            ],
            [
              -122.754374,
              38.437101
            ],
            [
              -122.754509,
              38.437224
            ],
            [
              -122.754597,
              38.437312
            ],
            [
              -122.754696,
              38.437416
            ],
            [
              -122.75479,
              38.437543
            ],
            [
              -122.754877,
              38.437688
            ],
            [
              -122.754963,
              38.437792
            ],
            [
              -122.755139,
              38.438067
            ],
            [
              -122.755856,
              38.439129
            ],
            [
              -122.756488,
              38.440036
            ],
            [
              -122.756615,
              38.440244
            ],
            [
              -122.756744,
              38.44041
            ],
            [
              -122.756807,
              38.440491
            ],
            [
              -122.756942,
              38.440633
            ],
            [
              -122.757035,
              38.440721
            ],
            [
              -122.757161,
              38.440799
            ],
            [
              -122.757413,
              38.440928
            ],
            [
              -122.757559,
              38.440994
            ],
            [
              -122.757655,
              38.441032
            ],
            [
              -122.75765510596429,
              38.441031732300736
            ],
            [
              -122.757693,
              38.440936
            ],
            [
              -122.758075,
              38.441029
            ],
            [
              -122.759256,
              38.441202
            ],
            [
              -122.759311,
              38.441209
            ],
            [
              -122.76224,
              38.441612
            ],
            [
              -122.762988,
              38.441671
            ],
            [
              -122.765872,
              38.441703
            ],
            [
              -122.766824,
              38.441714
            ],
            [
              -122.768069,
              38.441734
            ],
            [
              -122.769309,
              38.441754
            ],
            [
              -122.769553,
              38.441826
            ],
            [
              -122.76955281135672,
              38.44182697751521
            ],
            [
              -122.769542,
              38.441883
            ],
            [
              -122.769517,
              38.44201
            ],
            [
              -122.769437,
              38.442405
            ],
            [
              -122.769303,
              38.443148
            ],
            [
              -122.769271,
              38.443324
            ],
            [
              -122.7693,
              38.443412
            ],
            [
              -122.769606,
              38.443831
            ],
            [
              -122.769566,
              38.443903
            ],
            [
              -122.769552,
              38.443931
            ],
            [
              -122.769552,
              38.44412
            ],
            [
              -122.769552,
              38.444218
            ],
            [
              -122.769553,
              38.44503
            ],
            [
              -122.769554,
              38.445191
            ],
            [
              -122.769614,
              38.445321
            ],
            [
              -122.769452,
              38.445315
            ],
            [
              -122.769383,
              38.445313
            ],
            [
              -122.769226,
              38.445308
            ],
            [
              -122.768966,
              38.445308
            ],
            [
              -122.768805,
              38.445308
            ],
            [
              -122.768769,
              38.445308
            ],
            [
              -122.768605,
              38.445309
            ],
            [
              -122.768005,
              38.445313
            ],
            [
              -122.767806,
              38.445315
            ],
            [
              -122.767562,
              38.445315
            ],
            [
              -122.76683,
              38.445315
            ],
            [
              -122.76679,
              38.445316
            ],
            [
              -122.766587,
              38.445316
            ],
            [
              -122.766243,
              38.445316
            ],
            [
              -122.766136,
              38.445316
            ],
            [
              -122.765562,
              38.445314
            ],
            [
              -122.765212,
              38.445313
            ],
            [
              -122.764986,
              38.445313
            ],
            [
              -122.764869,
              38.445313
            ],
            [
              -122.764352,
              38.445175
            ],
            [
              -122.76331,
              38.445212
            ],
            [
              -122.762347,
              38.445237
            ],
            [
              -122.76084,
              38.445284
            ],
            [
              -122.759746,
              38.445312
            ]
          ]
        ]
      },
      "properties": {
        "school": "Helen Lehman Elementary School",
        "students": 468,
        "residents": 395
      }
    }
  ],
  "properties": {
    "schools": {
      "Proctor Terrace Elementary School": {
        "color": "#AB7AF5",
        "latitude": null,
        "longitude": null,
        "capacity": 0
      },
      "Luther Burbank Elementary School": {
        "color": "#C6E05F",
        "latitude": null,
        "longitude": null,
        "capacity": 0
      },
      "Abraham Lincoln Elementary School": {
        "color": "#4A5136",
        "latitude": null,
        "longitude": null,
        "capacity": 0
      },
      "Hidden Valley Elementary School": {
        "color": "#846D23",
        "latitude": null,
        "longitude": null,
        "capacity": 0
      },
      "Steele Lane Elementary School": {
        "color": "#ABE221",
        "latitude": null,
        "longitude": null,
        "capacity": 0
      },
      "James Monroe Elementary School": {
        "color": "#AB341F",
        "latitude": null,
        "longitude": null,
        "capacity": 0
      },
      "Helen Lehman Elementary School": {
        "color": "#BA8ED1",
        "latitude": null,
        "longitude": null,
        "capacity": 0
      }
    }
  }
}